timestamp,profile,demand_kw,temperature_c,humidity_pct,is_weekend,hour,day_of_week
2026-03-01 00:00:00,campus,207.72,12.5,63.5,1,0,6
2026-03-01 01:00:00,campus,223.75,10.6,70.1,1,1,6
2026-03-01 02:00:00,campus,199.2,11.2,70.1,1,2,6
2026-03-01 03:00:00,campus,222.32,12.3,69.7,1,3,6
2026-03-01 04:00:00,campus,219.03,9.9,61.4,1,4,6
2026-03-01 05:00:00,campus,216.11,10.5,74.2,1,5,6
2026-03-01 06:00:00,campus,180.66,14.1,60.5,1,6,6
2026-03-01 07:00:00,campus,217.3,14.2,66.7,1,7,6
2026-03-01 08:00:00,campus,209.79,13.7,62.7,1,8,6
2026-03-01 09:00:00,campus,196.86,16.8,58.4,1,9,6
2026-03-01 10:00:00,campus,204.15,16.9,59.0,1,10,6
2026-03-01 11:00:00,campus,227.25,18.3,56.5,1,11,6
2026-03-01 12:00:00,campus,258.11,20.6,57.9,1,12,6
2026-03-01 13:00:00,campus,267.82,18.3,59.9,1,13,6
2026-03-01 14:00:00,campus,265.62,19.2,51.8,1,14,6
2026-03-01 15:00:00,campus,291.06,21.2,58.5,1,15,6
2026-03-01 16:00:00,campus,256.45,20.3,54.8,1,16,6
2026-03-01 17:00:00,campus,275.96,21.7,48.9,1,17,6
2026-03-01 18:00:00,campus,273.51,18.9,57.0,1,18,6
2026-03-01 19:00:00,campus,299.15,16.9,60.9,1,19,6
2026-03-01 20:00:00,campus,275.03,19.8,65.5,1,20,6
2026-03-01 21:00:00,campus,308.39,15.7,62.0,1,21,6
2026-03-01 22:00:00,campus,256.8,14.5,62.6,1,22,6
2026-03-01 23:00:00,campus,233.23,10.9,62.8,1,23,6
2026-03-02 00:00:00,campus,322.19,11.0,68.7,0,0,0
2026-03-02 01:00:00,campus,310.67,11.0,67.5,0,1,0
2026-03-02 02:00:00,campus,332.69,8.6,61.9,0,2,0
2026-03-02 03:00:00,campus,325.15,10.6,65.5,0,3,0
2026-03-02 04:00:00,campus,337.28,9.4,72.4,0,4,0
2026-03-02 05:00:00,campus,343.07,10.4,73.1,0,5,0
2026-03-02 06:00:00,campus,326.12,10.9,70.2,0,6,0
2026-03-02 07:00:00,campus,354.63,15.9,57.6,0,7,0
2026-03-02 08:00:00,campus,347.87,14.5,61.3,0,8,0
2026-03-02 09:00:00,campus,401.47,14.5,61.3,0,9,0
2026-03-02 10:00:00,campus,439.04,18.9,46.6,0,10,0
2026-03-02 11:00:00,campus,488.81,17.2,59.5,0,11,0
2026-03-02 12:00:00,campus,564.8,20.6,48.8,0,12,0
2026-03-02 13:00:00,campus,570.31,18.3,61.6,0,13,0
2026-03-02 14:00:00,campus,606.81,19.9,50.9,0,14,0
2026-03-02 15:00:00,campus,620.04,22.4,53.4,0,15,0
2026-03-02 16:00:00,campus,556.44,23.0,40.2,0,16,0
2026-03-02 17:00:00,campus,555.22,21.5,55.8,0,17,0
2026-03-02 18:00:00,campus,537.63,20.1,53.5,0,18,0
2026-03-02 19:00:00,campus,518.03,18.6,48.8,0,19,0
2026-03-02 20:00:00,campus,506.17,15.4,63.9,0,20,0
2026-03-02 21:00:00,campus,458.77,15.0,66.9,0,21,0
2026-03-02 22:00:00,campus,399.74,13.8,62.9,0,22,0
2026-03-02 23:00:00,campus,349.46,14.7,63.0,0,23,0
2026-03-03 00:00:00,campus,337.25,12.4,65.6,0,0,1
2026-03-03 01:00:00,campus,321.46,8.3,66.1,0,1,1
2026-03-03 02:00:00,campus,302.74,10.8,59.4,0,2,1
2026-03-03 03:00:00,campus,331.54,9.6,74.5,0,3,1
2026-03-03 04:00:00,campus,333.73,9.3,73.7,0,4,1
2026-03-03 05:00:00,campus,310.07,11.9,63.0,0,5,1
2026-03-03 06:00:00,campus,340.75,13.5,64.9,0,6,1
2026-03-03 07:00:00,campus,321.21,14.6,63.8,0,7,1
2026-03-03 08:00:00,campus,362.74,13.3,69.5,0,8,1
2026-03-03 09:00:00,campus,400.43,15.7,65.1,0,9,1
2026-03-03 10:00:00,campus,428.19,18.2,60.9,0,10,1
2026-03-03 11:00:00,campus,492.83,20.6,53.9,0,11,1
2026-03-03 12:00:00,campus,526.34,19.7,56.8,0,12,1
2026-03-03 13:00:00,campus,578.17,21.1,50.4,0,13,1
2026-03-03 14:00:00,campus,607.87,20.3,51.8,0,14,1
2026-03-03 15:00:00,campus,572.47,20.4,57.9,0,15,1
2026-03-03 16:00:00,campus,598.0,23.2,59.5,0,16,1
2026-03-03 17:00:00,campus,551.66,23.4,41.6,0,17,1
2026-03-03 18:00:00,campus,505.64,20.3,47.9,0,18,1
2026-03-03 19:00:00,campus,518.08,20.7,53.2,0,19,1
2026-03-03 20:00:00,campus,508.25,18.3,58.4,0,20,1
2026-03-03 21:00:00,campus,461.22,15.2,63.2,0,21,1
2026-03-03 22:00:00,campus,395.11,15.1,66.2,0,22,1
2026-03-03 23:00:00,campus,359.96,15.5,59.0,0,23,1
2026-03-04 00:00:00,campus,317.34,11.9,60.2,0,0,2
2026-03-04 01:00:00,campus,302.87,13.4,65.6,0,1,2
2026-03-04 02:00:00,campus,312.78,6.5,76.6,0,2,2
2026-03-04 03:00:00,campus,349.93,11.5,67.3,0,3,2
2026-03-04 04:00:00,campus,300.26,10.6,70.1,0,4,2
2026-03-04 05:00:00,campus,337.7,10.6,65.7,0,5,2
2026-03-04 06:00:00,campus,335.51,12.1,60.1,0,6,2
2026-03-04 07:00:00,campus,322.04,10.3,70.6,0,7,2
2026-03-04 08:00:00,campus,361.14,14.4,60.2,0,8,2
2026-03-04 09:00:00,campus,412.67,16.8,52.0,0,9,2
2026-03-04 10:00:00,campus,407.8,20.0,52.0,0,10,2
2026-03-04 11:00:00,campus,491.82,18.5,56.2,0,11,2
2026-03-04 12:00:00,campus,542.75,19.3,55.6,0,12,2
2026-03-04 13:00:00,campus,588.67,20.7,57.8,0,13,2
2026-03-04 14:00:00,campus,638.65,23.4,46.1,0,14,2
2026-03-04 15:00:00,campus,629.77,22.7,44.6,0,15,2
2026-03-04 16:00:00,campus,557.09,21.2,56.8,0,16,2
2026-03-04 17:00:00,campus,571.71,22.2,44.3,0,17,2
2026-03-04 18:00:00,campus,531.9,20.6,51.4,0,18,2
2026-03-04 19:00:00,campus,503.07,20.7,49.9,0,19,2
2026-03-04 20:00:00,campus,519.68,16.7,59.0,0,20,2
2026-03-04 21:00:00,campus,454.35,15.7,55.9,0,21,2
2026-03-04 22:00:00,campus,425.05,14.1,59.2,0,22,2
2026-03-04 23:00:00,campus,364.75,11.0,62.5,0,23,2
2026-03-05 00:00:00,campus,302.35,12.5,73.1,0,0,3
2026-03-05 01:00:00,campus,314.94,11.5,64.3,0,1,3
2026-03-05 02:00:00,campus,323.24,10.5,61.5,0,2,3
2026-03-05 03:00:00,campus,338.76,10.0,66.9,0,3,3
2026-03-05 04:00:00,campus,336.41,8.4,73.5,0,4,3
2026-03-05 05:00:00,campus,343.57,10.5,59.5,0,5,3
2026-03-05 06:00:00,campus,336.19,11.6,54.2,0,6,3
2026-03-05 07:00:00,campus,358.58,12.1,63.9,0,7,3
2026-03-05 08:00:00,campus,364.22,14.5,68.2,0,8,3
2026-03-05 09:00:00,campus,415.77,16.9,51.3,0,9,3
2026-03-05 10:00:00,campus,418.73,20.7,52.9,0,10,3
2026-03-05 11:00:00,campus,478.84,19.6,52.1,0,11,3
2026-03-05 12:00:00,campus,545.27,20.9,43.8,0,12,3
2026-03-05 13:00:00,campus,585.19,21.4,58.5,0,13,3
2026-03-05 14:00:00,campus,602.39,19.2,54.4,0,14,3
2026-03-05 15:00:00,campus,600.43,22.3,52.3,0,15,3
2026-03-05 16:00:00,campus,568.35,22.2,61.0,0,16,3
2026-03-05 17:00:00,campus,587.36,25.2,45.9,0,17,3
2026-03-05 18:00:00,campus,510.02,20.3,51.0,0,18,3
2026-03-05 19:00:00,campus,508.76,19.8,61.2,0,19,3
2026-03-05 20:00:00,campus,503.69,17.8,61.8,0,20,3
2026-03-05 21:00:00,campus,440.25,14.6,61.2,0,21,3
2026-03-05 22:00:00,campus,382.65,16.5,45.0,0,22,3
2026-03-05 23:00:00,campus,394.79,14.4,59.8,0,23,3
2026-03-06 00:00:00,campus,299.11,13.3,62.9,0,0,4
2026-03-06 01:00:00,campus,324.25,9.8,66.4,0,1,4
2026-03-06 02:00:00,campus,320.78,12.7,66.9,0,2,4
2026-03-06 03:00:00,campus,304.21,8.3,69.7,0,3,4
2026-03-06 04:00:00,campus,324.77,11.5,61.2,0,4,4
2026-03-06 05:00:00,campus,312.74,14.5,65.0,0,5,4
2026-03-06 06:00:00,campus,338.77,10.7,65.4,0,6,4
2026-03-06 07:00:00,campus,346.78,12.5,50.9,0,7,4
2026-03-06 08:00:00,campus,367.68,15.0,52.8,0,8,4
2026-03-06 09:00:00,campus,370.95,15.6,63.9,0,9,4
2026-03-06 10:00:00,campus,445.5,15.6,65.8,0,10,4
2026-03-06 11:00:00,campus,472.22,19.5,51.7,0,11,4
2026-03-06 12:00:00,campus,566.32,19.0,52.7,0,12,4
2026-03-06 13:00:00,campus,588.06,22.3,48.5,0,13,4
2026-03-06 14:00:00,campus,579.9,20.8,51.6,0,14,4
2026-03-06 15:00:00,campus,608.95,24.7,43.1,0,15,4
2026-03-06 16:00:00,campus,577.42,21.0,56.4,0,16,4
2026-03-06 17:00:00,campus,542.78,21.1,51.1,0,17,4
2026-03-06 18:00:00,campus,530.92,21.9,50.4,0,18,4
2026-03-06 19:00:00,campus,532.65,17.5,54.9,0,19,4
2026-03-06 20:00:00,campus,506.55,18.3,56.4,0,20,4
2026-03-06 21:00:00,campus,460.57,18.3,64.8,0,21,4
2026-03-06 22:00:00,campus,403.79,12.4,67.1,0,22,4
2026-03-06 23:00:00,campus,361.61,13.7,66.4,0,23,4
2026-03-07 00:00:00,campus,243.84,12.6,69.8,1,0,5
2026-03-07 01:00:00,campus,208.61,12.4,62.8,1,1,5
2026-03-07 02:00:00,campus,223.24,8.8,71.0,1,2,5
2026-03-07 03:00:00,campus,177.84,8.5,79.4,1,3,5
2026-03-07 04:00:00,campus,211.97,11.5,62.8,1,4,5
2026-03-07 05:00:00,campus,208.46,11.7,72.9,1,5,5
2026-03-07 06:00:00,campus,195.92,12.6,66.2,1,6,5
2026-03-07 07:00:00,campus,198.49,14.0,64.0,1,7,5
2026-03-07 08:00:00,campus,207.74,13.9,62.5,1,8,5
2026-03-07 09:00:00,campus,237.87,16.8,55.7,1,9,5
2026-03-07 10:00:00,campus,234.72,18.5,58.9,1,10,5
2026-03-07 11:00:00,campus,235.43,18.4,58.8,1,11,5
2026-03-07 12:00:00,campus,255.27,23.5,51.3,1,12,5
2026-03-07 13:00:00,campus,275.95,22.4,50.3,1,13,5
2026-03-07 14:00:00,campus,252.99,20.5,55.9,1,14,5
2026-03-07 15:00:00,campus,295.89,23.5,47.9,1,15,5
2026-03-07 16:00:00,campus,245.28,20.8,57.4,1,16,5
2026-03-07 17:00:00,campus,288.9,22.8,56.8,1,17,5
2026-03-07 18:00:00,campus,281.25,22.4,50.9,1,18,5
2026-03-07 19:00:00,campus,300.59,18.2,58.5,1,19,5
2026-03-07 20:00:00,campus,320.29,19.5,55.7,1,20,5
2026-03-07 21:00:00,campus,311.24,17.1,56.8,1,21,5
2026-03-07 22:00:00,campus,250.38,16.1,43.8,1,22,5
2026-03-07 23:00:00,campus,234.24,16.3,65.3,1,23,5
2026-03-08 00:00:00,campus,249.34,11.9,63.2,1,0,6
2026-03-08 01:00:00,campus,207.04,10.2,74.0,1,1,6
2026-03-08 02:00:00,campus,204.14,9.4,65.7,1,2,6
2026-03-08 03:00:00,campus,195.07,9.3,65.2,1,3,6
2026-03-08 04:00:00,campus,216.1,10.6,56.5,1,4,6
2026-03-08 05:00:00,campus,198.52,11.9,54.5,1,5,6
2026-03-08 06:00:00,campus,190.68,12.7,60.2,1,6,6
2026-03-08 07:00:00,campus,238.49,14.8,60.0,1,7,6
2026-03-08 08:00:00,campus,241.01,15.0,58.9,1,8,6
2026-03-08 09:00:00,campus,205.52,18.7,58.1,1,9,6
2026-03-08 10:00:00,campus,239.31,17.7,56.5,1,10,6
2026-03-08 11:00:00,campus,246.55,23.6,56.5,1,11,6
2026-03-08 12:00:00,campus,254.22,21.7,52.0,1,12,6
2026-03-08 13:00:00,campus,268.28,20.5,53.4,1,13,6
2026-03-08 14:00:00,campus,274.86,20.7,48.9,1,14,6
2026-03-08 15:00:00,campus,271.15,23.3,51.8,1,15,6
2026-03-08 16:00:00,campus,279.65,22.0,55.7,1,16,6
2026-03-08 17:00:00,campus,272.83,22.8,49.3,1,17,6
2026-03-08 18:00:00,campus,313.4,21.5,49.9,1,18,6
2026-03-08 19:00:00,campus,303.68,19.4,51.3,1,19,6
2026-03-08 20:00:00,campus,328.1,16.8,61.5,1,20,6
2026-03-08 21:00:00,campus,282.87,14.3,60.4,1,21,6
2026-03-08 22:00:00,campus,258.38,14.3,64.2,1,22,6
2026-03-08 23:00:00,campus,274.39,14.8,60.1,1,23,6
2026-03-09 00:00:00,campus,337.73,12.7,75.5,0,0,0
2026-03-09 01:00:00,campus,309.87,9.6,69.6,0,1,0
2026-03-09 02:00:00,campus,312.96,11.1,61.5,0,2,0
2026-03-09 03:00:00,campus,299.86,11.2,62.0,0,3,0
2026-03-09 04:00:00,campus,323.95,9.5,67.4,0,4,0
2026-03-09 05:00:00,campus,315.1,11.7,65.7,0,5,0
2026-03-09 06:00:00,campus,374.15,12.5,70.8,0,6,0
2026-03-09 07:00:00,campus,331.61,11.9,62.3,0,7,0
2026-03-09 08:00:00,campus,337.79,15.6,62.4,0,8,0
2026-03-09 09:00:00,campus,398.58,17.5,61.1,0,9,0
2026-03-09 10:00:00,campus,450.02,19.8,62.1,0,10,0
2026-03-09 11:00:00,campus,494.41,21.2,55.5,0,11,0
2026-03-09 12:00:00,campus,553.74,18.8,54.1,0,12,0
2026-03-09 13:00:00,campus,588.19,20.4,52.4,0,13,0
2026-03-09 14:00:00,campus,626.97,23.2,54.3,0,14,0
2026-03-09 15:00:00,campus,599.82,23.4,42.5,0,15,0
2026-03-09 16:00:00,campus,569.19,23.2,51.1,0,16,0
2026-03-09 17:00:00,campus,619.41,27.6,42.6,0,17,0
2026-03-09 18:00:00,campus,521.15,21.7,47.9,0,18,0
2026-03-09 19:00:00,campus,522.08,21.3,51.2,0,19,0
2026-03-09 20:00:00,campus,490.45,19.6,49.7,0,20,0
2026-03-09 21:00:00,campus,448.51,17.6,59.4,0,21,0
2026-03-09 22:00:00,campus,405.14,14.6,68.1,0,22,0
2026-03-09 23:00:00,campus,370.25,14.8,65.5,0,23,0
2026-03-10 00:00:00,campus,335.95,11.3,63.6,0,0,1
2026-03-10 01:00:00,campus,333.38,11.1,67.5,0,1,1
2026-03-10 02:00:00,campus,345.05,10.2,68.3,0,2,1
2026-03-10 03:00:00,campus,303.27,10.8,67.9,0,3,1
2026-03-10 04:00:00,campus,314.35,14.4,62.9,0,4,1
2026-03-10 05:00:00,campus,315.58,8.7,63.5,0,5,1
2026-03-10 06:00:00,campus,344.45,13.5,51.8,0,6,1
2026-03-10 07:00:00,campus,352.95,11.3,67.8,0,7,1
2026-03-10 08:00:00,campus,357.94,14.4,67.9,0,8,1
2026-03-10 09:00:00,campus,385.46,18.3,54.1,0,9,1
2026-03-10 10:00:00,campus,443.92,18.3,56.0,0,10,1
2026-03-10 11:00:00,campus,522.92,18.1,63.3,0,11,1
2026-03-10 12:00:00,campus,533.16,19.9,48.4,0,12,1
2026-03-10 13:00:00,campus,611.51,22.9,49.2,0,13,1
2026-03-10 14:00:00,campus,617.4,21.4,58.2,0,14,1
2026-03-10 15:00:00,campus,626.9,23.0,52.4,0,15,1
2026-03-10 16:00:00,campus,578.38,22.6,54.4,0,16,1
2026-03-10 17:00:00,campus,543.13,20.9,53.3,0,17,1
2026-03-10 18:00:00,campus,542.19,24.2,48.8,0,18,1
2026-03-10 19:00:00,campus,528.88,20.7,50.7,0,19,1
2026-03-10 20:00:00,campus,520.83,15.2,60.4,0,20,1
2026-03-10 21:00:00,campus,430.87,17.0,53.8,0,21,1
2026-03-10 22:00:00,campus,433.59,14.2,62.5,0,22,1
2026-03-10 23:00:00,campus,399.21,15.0,62.5,0,23,1
2026-03-11 00:00:00,campus,324.31,11.3,64.7,0,0,2
2026-03-11 01:00:00,campus,347.89,11.4,70.2,0,1,2
2026-03-11 02:00:00,campus,322.98,11.7,76.9,0,2,2
2026-03-11 03:00:00,campus,310.31,12.1,63.4,0,3,2
2026-03-11 04:00:00,campus,319.36,9.2,70.8,0,4,2
2026-03-11 05:00:00,campus,327.8,11.1,74.6,0,5,2
2026-03-11 06:00:00,campus,340.12,11.8,60.6,0,6,2
2026-03-11 07:00:00,campus,335.82,12.8,56.8,0,7,2
2026-03-11 08:00:00,campus,368.89,17.9,51.1,0,8,2
2026-03-11 09:00:00,campus,385.15,17.4,64.3,0,9,2
2026-03-11 10:00:00,campus,459.09,16.4,63.0,0,10,2
2026-03-11 11:00:00,campus,483.5,21.2,53.7,0,11,2
2026-03-11 12:00:00,campus,544.68,24.2,60.2,0,12,2
2026-03-11 13:00:00,campus,603.06,23.5,51.7,0,13,2
2026-03-11 14:00:00,campus,598.77,20.3,46.6,0,14,2
2026-03-11 15:00:00,campus,574.63,22.1,57.7,0,15,2
2026-03-11 16:00:00,campus,617.47,24.5,49.7,0,16,2
2026-03-11 17:00:00,campus,542.91,20.9,53.0,0,17,2
2026-03-11 18:00:00,campus,537.99,21.7,55.7,0,18,2
2026-03-11 19:00:00,campus,516.86,20.9,58.4,0,19,2
2026-03-11 20:00:00,campus,530.67,16.9,55.3,0,20,2
2026-03-11 21:00:00,campus,448.85,16.7,63.8,0,21,2
2026-03-11 22:00:00,campus,410.36,10.4,62.5,0,22,2
2026-03-11 23:00:00,campus,368.34,12.2,55.4,0,23,2
2026-03-12 00:00:00,campus,336.83,12.2,63.4,0,0,3
2026-03-12 01:00:00,campus,316.7,9.8,68.7,0,1,3
2026-03-12 02:00:00,campus,301.85,13.5,57.2,0,2,3
2026-03-12 03:00:00,campus,334.44,8.7,66.6,0,3,3
2026-03-12 04:00:00,campus,316.05,10.4,59.8,0,4,3
2026-03-12 05:00:00,campus,325.25,11.9,65.9,0,5,3
2026-03-12 06:00:00,campus,327.69,14.8,62.7,0,6,3
2026-03-12 07:00:00,campus,331.85,11.7,56.8,0,7,3
2026-03-12 08:00:00,campus,367.04,17.0,50.8,0,8,3
2026-03-12 09:00:00,campus,412.97,16.9,59.1,0,9,3
2026-03-12 10:00:00,campus,420.21,16.9,59.4,0,10,3
2026-03-12 11:00:00,campus,463.83,20.5,55.5,0,11,3
2026-03-12 12:00:00,campus,562.6,21.4,64.9,0,12,3
2026-03-12 13:00:00,campus,576.14,21.2,53.4,0,13,3
2026-03-12 14:00:00,campus,592.24,22.8,48.1,0,14,3
2026-03-12 15:00:00,campus,610.8,22.3,46.2,0,15,3
2026-03-12 16:00:00,campus,579.43,22.8,49.9,0,16,3
2026-03-12 17:00:00,campus,559.98,23.0,52.0,0,17,3
2026-03-12 18:00:00,campus,533.52,23.5,51.1,0,18,3
2026-03-12 19:00:00,campus,523.96,18.0,63.4,0,19,3
2026-03-12 20:00:00,campus,507.62,21.6,53.5,0,20,3
2026-03-12 21:00:00,campus,462.44,13.9,66.3,0,21,3
2026-03-12 22:00:00,campus,396.81,15.1,61.3,0,22,3
2026-03-12 23:00:00,campus,403.65,14.7,59.7,0,23,3
2026-03-13 00:00:00,campus,319.41,13.1,56.3,0,0,4
2026-03-13 01:00:00,campus,301.52,10.8,56.5,0,1,4
2026-03-13 02:00:00,campus,296.36,10.8,70.1,0,2,4
2026-03-13 03:00:00,campus,315.46,10.2,62.1,0,3,4
2026-03-13 04:00:00,campus,331.42,10.3,63.2,0,4,4
2026-03-13 05:00:00,campus,322.35,13.0,59.3,0,5,4
2026-03-13 06:00:00,campus,330.24,13.2,63.6,0,6,4
2026-03-13 07:00:00,campus,333.35,12.9,64.2,0,7,4
2026-03-13 08:00:00,campus,363.78,16.7,61.2,0,8,4
2026-03-13 09:00:00,campus,398.56,17.4,55.9,0,9,4
2026-03-13 10:00:00,campus,424.73,19.7,52.1,0,10,4
2026-03-13 11:00:00,campus,483.46,20.9,59.2,0,11,4
2026-03-13 12:00:00,campus,557.87,19.9,55.7,0,12,4
2026-03-13 13:00:00,campus,600.15,21.3,47.6,0,13,4
2026-03-13 14:00:00,campus,663.69,23.8,46.2,0,14,4
2026-03-13 15:00:00,campus,618.43,23.8,41.7,0,15,4
2026-03-13 16:00:00,campus,582.21,22.7,66.4,0,16,4
2026-03-13 17:00:00,campus,519.32,22.3,48.9,0,17,4
2026-03-13 18:00:00,campus,539.65,23.1,51.4,0,18,4
2026-03-13 19:00:00,campus,500.15,19.0,63.2,0,19,4
2026-03-13 20:00:00,campus,486.4,19.3,50.2,0,20,4
2026-03-13 21:00:00,campus,444.72,16.6,60.4,0,21,4
2026-03-13 22:00:00,campus,421.16,15.1,69.9,0,22,4
2026-03-13 23:00:00,campus,391.87,15.6,50.3,0,23,4
2026-03-14 00:00:00,campus,211.29,14.0,60.0,1,0,5
2026-03-14 01:00:00,campus,196.23,13.0,56.4,1,1,5
2026-03-14 02:00:00,campus,202.59,13.2,64.2,1,2,5
2026-03-14 03:00:00,campus,196.31,11.0,53.5,1,3,5
2026-03-14 04:00:00,campus,217.15,12.2,61.4,1,4,5
2026-03-14 05:00:00,campus,196.43,11.3,57.8,1,5,5
2026-03-14 06:00:00,campus,198.92,13.3,67.7,1,6,5
2026-03-14 07:00:00,campus,218.71,13.8,61.7,1,7,5
2026-03-14 08:00:00,campus,255.33,15.6,64.4,1,8,5
2026-03-14 09:00:00,campus,227.93,17.9,64.5,1,9,5
2026-03-14 10:00:00,campus,236.31,17.3,52.8,1,10,5
2026-03-14 11:00:00,campus,268.79,23.1,49.3,1,11,5
2026-03-14 12:00:00,campus,256.41,19.7,52.8,1,12,5
2026-03-14 13:00:00,campus,258.54,20.4,42.9,1,13,5
2026-03-14 14:00:00,campus,280.39,24.5,45.0,1,14,5
2026-03-14 15:00:00,campus,302.49,24.2,50.8,1,15,5
2026-03-14 16:00:00,campus,290.89,23.7,55.3,1,16,5
2026-03-14 17:00:00,campus,275.91,23.1,59.6,1,17,5
2026-03-14 18:00:00,campus,295.81,21.2,63.9,1,18,5
2026-03-14 19:00:00,campus,316.8,18.7,55.2,1,19,5
2026-03-14 20:00:00,campus,309.07,18.7,52.3,1,20,5
2026-03-14 21:00:00,campus,294.66,16.0,67.1,1,21,5
2026-03-14 22:00:00,campus,257.81,16.9,50.9,1,22,5
2026-03-14 23:00:00,campus,243.97,13.8,65.7,1,23,5
2026-03-15 00:00:00,campus,193.53,11.6,62.4,1,0,6
2026-03-15 01:00:00,campus,185.14,11.4,62.8,1,1,6
2026-03-15 02:00:00,campus,201.94,11.9,61.0,1,2,6
2026-03-15 03:00:00,campus,178.72,10.2,63.0,1,3,6
2026-03-15 04:00:00,campus,212.89,10.1,69.0,1,4,6
2026-03-15 05:00:00,campus,199.9,12.3,66.6,1,5,6
2026-03-15 06:00:00,campus,227.99,13.2,60.4,1,6,6
2026-03-15 07:00:00,campus,220.17,13.3,67.9,1,7,6
2026-03-15 08:00:00,campus,238.96,14.8,74.2,1,8,6
2026-03-15 09:00:00,campus,234.07,17.4,56.2,1,9,6
2026-03-15 10:00:00,campus,212.64,16.5,52.9,1,10,6
2026-03-15 11:00:00,campus,253.9,18.0,52.0,1,11,6
2026-03-15 12:00:00,campus,276.33,20.3,56.7,1,12,6
2026-03-15 13:00:00,campus,281.39,22.0,50.0,1,13,6
2026-03-15 14:00:00,campus,300.22,23.4,53.2,1,14,6
2026-03-15 15:00:00,campus,284.05,25.3,39.3,1,15,6
2026-03-15 16:00:00,campus,286.33,24.2,53.8,1,16,6
2026-03-15 17:00:00,campus,291.25,22.0,47.7,1,17,6
2026-03-15 18:00:00,campus,287.98,21.3,58.9,1,18,6
2026-03-15 19:00:00,campus,284.15,18.6,54.9,1,19,6
2026-03-15 20:00:00,campus,306.52,18.6,62.8,1,20,6
2026-03-15 21:00:00,campus,291.15,16.7,55.7,1,21,6
2026-03-15 22:00:00,campus,244.16,16.0,58.7,1,22,6
2026-03-15 23:00:00,campus,224.56,12.8,61.4,1,23,6
2026-03-16 00:00:00,campus,336.27,13.7,63.6,0,0,0
2026-03-16 01:00:00,campus,295.88,14.3,58.4,0,1,0
2026-03-16 02:00:00,campus,390.02,11.2,64.3,0,2,0
2026-03-16 03:00:00,campus,338.72,11.8,63.9,0,3,0
2026-03-16 04:00:00,campus,309.51,12.4,61.6,0,4,0
2026-03-16 05:00:00,campus,336.79,11.4,62.0,0,5,0
2026-03-16 06:00:00,campus,322.79,13.3,66.9,0,6,0
2026-03-16 07:00:00,campus,343.45,14.2,66.5,0,7,0
2026-03-16 08:00:00,campus,332.37,15.8,57.2,0,8,0
2026-03-16 09:00:00,campus,393.73,16.0,59.7,0,9,0
2026-03-16 10:00:00,campus,430.99,18.8,45.4,0,10,0
2026-03-16 11:00:00,campus,506.88,20.9,49.4,0,11,0
2026-03-16 12:00:00,campus,572.77,23.6,56.5,0,12,0
2026-03-16 13:00:00,campus,600.74,23.8,42.4,0,13,0
2026-03-16 14:00:00,campus,626.45,26.2,46.2,0,14,0
2026-03-16 15:00:00,campus,591.59,22.0,51.1,0,15,0
2026-03-16 16:00:00,campus,593.3,24.3,42.4,0,16,0
2026-03-16 17:00:00,campus,560.92,22.6,55.9,0,17,0
2026-03-16 18:00:00,campus,538.39,24.7,43.7,0,18,0
2026-03-16 19:00:00,campus,511.7,19.0,63.4,0,19,0
2026-03-16 20:00:00,campus,504.37,17.5,61.7,0,20,0
2026-03-16 21:00:00,campus,468.65,16.3,59.5,0,21,0
2026-03-16 22:00:00,campus,422.04,12.4,61.3,0,22,0
2026-03-16 23:00:00,campus,378.46,13.4,57.6,0,23,0
2026-03-17 00:00:00,campus,332.64,11.9,64.8,0,0,1
2026-03-17 01:00:00,campus,314.02,12.3,59.1,0,1,1
2026-03-17 02:00:00,campus,300.13,12.0,53.7,0,2,1
2026-03-17 03:00:00,campus,336.72,14.1,54.7,0,3,1
2026-03-17 04:00:00,campus,324.68,12.9,67.2,0,4,1
2026-03-17 05:00:00,campus,324.04,11.2,61.5,0,5,1
2026-03-17 06:00:00,campus,310.18,11.7,63.0,0,6,1
2026-03-17 07:00:00,campus,338.46,15.0,64.0,0,7,1
2026-03-17 08:00:00,campus,334.92,13.7,68.3,0,8,1
2026-03-17 09:00:00,campus,369.81,20.0,53.6,0,9,1
2026-03-17 10:00:00,campus,423.65,20.6,58.7,0,10,1
2026-03-17 11:00:00,campus,480.32,19.5,50.4,0,11,1
2026-03-17 12:00:00,campus,535.7,18.9,50.4,0,12,1
2026-03-17 13:00:00,campus,574.11,24.5,53.5,0,13,1
2026-03-17 14:00:00,campus,617.89,22.9,54.8,0,14,1
2026-03-17 15:00:00,campus,610.17,25.1,46.8,0,15,1
2026-03-17 16:00:00,campus,564.76,20.6,52.6,0,16,1
2026-03-17 17:00:00,campus,546.56,21.5,55.0,0,17,1
2026-03-17 18:00:00,campus,530.15,21.5,52.9,0,18,1
2026-03-17 19:00:00,campus,502.9,20.3,49.9,0,19,1
2026-03-17 20:00:00,campus,509.23,18.1,56.2,0,20,1
2026-03-17 21:00:00,campus,472.16,18.2,56.5,0,21,1
2026-03-17 22:00:00,campus,417.71,14.1,55.0,0,22,1
2026-03-17 23:00:00,campus,367.04,14.0,59.8,0,23,1
2026-03-18 00:00:00,campus,334.65,13.3,70.0,0,0,2
2026-03-18 01:00:00,campus,317.71,12.9,59.2,0,1,2
2026-03-18 02:00:00,campus,319.55,12.6,67.2,0,2,2
2026-03-18 03:00:00,campus,320.15,9.6,75.4,0,3,2
2026-03-18 04:00:00,campus,325.49,9.2,69.2,0,4,2
2026-03-18 05:00:00,campus,324.4,14.0,59.3,0,5,2
2026-03-18 06:00:00,campus,322.4,13.6,60.2,0,6,2
2026-03-18 07:00:00,campus,299.12,13.2,56.7,0,7,2
2026-03-18 08:00:00,campus,350.66,18.1,62.8,0,8,2
2026-03-18 09:00:00,campus,407.58,17.5,63.2,0,9,2
2026-03-18 10:00:00,campus,399.35,20.6,58.0,0,10,2
2026-03-18 11:00:00,campus,469.23,20.4,59.4,0,11,2
2026-03-18 12:00:00,campus,575.09,24.7,54.5,0,12,2
2026-03-18 13:00:00,campus,606.01,25.2,48.1,0,13,2
2026-03-18 14:00:00,campus,616.63,22.7,48.5,0,14,2
2026-03-18 15:00:00,campus,652.74,24.8,47.2,0,15,2
2026-03-18 16:00:00,campus,596.63,24.1,43.2,0,16,2
2026-03-18 17:00:00,campus,575.71,24.6,50.9,0,17,2
2026-03-18 18:00:00,campus,504.26,20.1,42.2,0,18,2
2026-03-18 19:00:00,campus,505.57,21.4,49.4,0,19,2
2026-03-18 20:00:00,campus,499.93,20.5,58.0,0,20,2
2026-03-18 21:00:00,campus,458.17,14.7,64.7,0,21,2
2026-03-18 22:00:00,campus,420.48,14.0,65.3,0,22,2
2026-03-18 23:00:00,campus,472.22,11.3,54.2,0,23,2
2026-03-19 00:00:00,campus,308.82,12.8,60.3,0,0,3
2026-03-19 01:00:00,campus,310.71,13.3,67.4,0,1,3
2026-03-19 02:00:00,campus,336.87,13.9,62.4,0,2,3
2026-03-19 03:00:00,campus,317.04,11.5,62.0,0,3,3
2026-03-19 04:00:00,campus,340.82,14.0,63.3,0,4,3
2026-03-19 05:00:00,campus,330.03,10.1,73.4,0,5,3
2026-03-19 06:00:00,campus,312.16,10.6,64.5,0,6,3
2026-03-19 07:00:00,campus,348.11,14.3,53.7,0,7,3
2026-03-19 08:00:00,campus,376.25,16.4,58.3,0,8,3
2026-03-19 09:00:00,campus,415.29,17.4,46.5,0,9,3
2026-03-19 10:00:00,campus,427.73,15.9,66.6,0,10,3
2026-03-19 11:00:00,campus,511.6,20.3,50.9,0,11,3
2026-03-19 12:00:00,campus,543.3,19.7,48.1,0,12,3
2026-03-19 13:00:00,campus,622.74,23.6,50.9,0,13,3
2026-03-19 14:00:00,campus,612.87,23.7,50.4,0,14,3
2026-03-19 15:00:00,campus,606.99,22.0,51.3,0,15,3
2026-03-19 16:00:00,campus,577.63,22.4,55.6,0,16,3
2026-03-19 17:00:00,campus,528.58,21.0,55.5,0,17,3
2026-03-19 18:00:00,campus,524.98,21.5,50.5,0,18,3
2026-03-19 19:00:00,campus,514.2,21.8,47.2,0,19,3
2026-03-19 20:00:00,campus,487.87,17.5,59.0,0,20,3
2026-03-19 21:00:00,campus,466.41,18.2,50.8,0,21,3
2026-03-19 22:00:00,campus,437.57,15.1,62.8,0,22,3
2026-03-19 23:00:00,campus,362.83,13.2,70.7,0,23,3
2026-03-20 00:00:00,campus,337.8,13.1,71.0,0,0,4
2026-03-20 01:00:00,campus,323.39,10.7,68.7,0,1,4
2026-03-20 02:00:00,campus,336.97,10.9,57.2,0,2,4
2026-03-20 03:00:00,campus,298.68,9.7,70.8,0,3,4
2026-03-20 04:00:00,campus,317.87,14.6,66.3,0,4,4
2026-03-20 05:00:00,campus,320.58,12.3,68.1,0,5,4
2026-03-20 06:00:00,campus,341.48,12.2,64.5,0,6,4
2026-03-20 07:00:00,campus,341.16,14.8,59.2,0,7,4
2026-03-20 08:00:00,campus,373.47,15.8,60.5,0,8,4
2026-03-20 09:00:00,campus,378.17,17.1,58.3,0,9,4
2026-03-20 10:00:00,campus,440.97,20.0,54.2,0,10,4
2026-03-20 11:00:00,campus,525.74,21.6,50.8,0,11,4
2026-03-20 12:00:00,campus,569.99,20.9,53.4,0,12,4
2026-03-20 13:00:00,campus,615.5,21.8,58.4,0,13,4
2026-03-20 14:00:00,campus,609.45,22.9,55.8,0,14,4
2026-03-20 15:00:00,campus,605.32,20.0,59.1,0,15,4
2026-03-20 16:00:00,campus,594.42,21.0,48.8,0,16,4
2026-03-20 17:00:00,campus,567.49,24.7,52.1,0,17,4
2026-03-20 18:00:00,campus,509.53,24.2,56.8,0,18,4
2026-03-20 19:00:00,campus,537.35,20.1,57.7,0,19,4
2026-03-20 20:00:00,campus,519.61,19.9,59.8,0,20,4
2026-03-20 21:00:00,campus,436.73,17.9,56.0,0,21,4
2026-03-20 22:00:00,campus,428.07,20.5,54.2,0,22,4
2026-03-20 23:00:00,campus,362.7,16.2,60.8,0,23,4
2026-03-21 00:00:00,campus,208.13,13.1,55.9,1,0,5
2026-03-21 01:00:00,campus,228.83,10.9,63.7,1,1,5
2026-03-21 02:00:00,campus,182.17,9.4,74.4,1,2,5
2026-03-21 03:00:00,campus,226.03,11.9,75.1,1,3,5
2026-03-21 04:00:00,campus,189.02,10.6,66.4,1,4,5
2026-03-21 05:00:00,campus,193.52,10.2,67.4,1,5,5
2026-03-21 06:00:00,campus,197.35,12.3,62.5,1,6,5
2026-03-21 07:00:00,campus,206.1,12.9,59.8,1,7,5
2026-03-21 08:00:00,campus,238.43,18.5,54.3,1,8,5
2026-03-21 09:00:00,campus,218.32,18.9,52.5,1,9,5
2026-03-21 10:00:00,campus,239.67,19.1,50.8,1,10,5
2026-03-21 11:00:00,campus,259.72,22.8,52.3,1,11,5
2026-03-21 12:00:00,campus,251.9,21.9,49.0,1,12,5
2026-03-21 13:00:00,campus,258.89,21.5,53.1,1,13,5
2026-03-21 14:00:00,campus,291.79,25.6,45.3,1,14,5
2026-03-21 15:00:00,campus,319.25,24.4,47.0,1,15,5
2026-03-21 16:00:00,campus,257.93,21.8,62.3,1,16,5
2026-03-21 17:00:00,campus,255.98,22.5,53.3,1,17,5
2026-03-21 18:00:00,campus,302.74,20.5,56.4,1,18,5
2026-03-21 19:00:00,campus,312.08,18.5,58.4,1,19,5
2026-03-21 20:00:00,campus,317.36,20.5,53.1,1,20,5
2026-03-21 21:00:00,campus,285.65,20.4,54.9,1,21,5
2026-03-21 22:00:00,campus,260.3,13.9,70.9,1,22,5
2026-03-21 23:00:00,campus,309.79,15.4,55.4,1,23,5
2026-03-22 00:00:00,campus,201.3,12.4,58.0,1,0,6
2026-03-22 01:00:00,campus,187.52,11.7,59.4,1,1,6
2026-03-22 02:00:00,campus,205.96,10.9,66.1,1,2,6
2026-03-22 03:00:00,campus,202.65,10.3,70.2,1,3,6
2026-03-22 04:00:00,campus,217.5,11.9,71.8,1,4,6
2026-03-22 05:00:00,campus,191.09,11.2,68.2,1,5,6
2026-03-22 06:00:00,campus,185.08,13.8,64.3,1,6,6
2026-03-22 07:00:00,campus,222.1,14.6,65.3,1,7,6
2026-03-22 08:00:00,campus,219.33,15.7,55.3,1,8,6
2026-03-22 09:00:00,campus,192.31,16.3,58.4,1,9,6
2026-03-22 10:00:00,campus,231.76,18.3,51.8,1,10,6
2026-03-22 11:00:00,campus,263.44,21.8,49.5,1,11,6
2026-03-22 12:00:00,campus,262.89,22.6,54.5,1,12,6
2026-03-22 13:00:00,campus,251.88,21.4,52.4,1,13,6
2026-03-22 14:00:00,campus,279.52,23.6,49.1,1,14,6
2026-03-22 15:00:00,campus,263.21,24.8,63.4,1,15,6
2026-03-22 16:00:00,campus,274.8,20.9,49.7,1,16,6
2026-03-22 17:00:00,campus,269.02,23.6,52.5,1,17,6
2026-03-22 18:00:00,campus,290.33,20.9,57.4,1,18,6
2026-03-22 19:00:00,campus,322.64,21.5,46.8,1,19,6
2026-03-22 20:00:00,campus,308.53,18.0,60.4,1,20,6
2026-03-22 21:00:00,campus,337.3,14.9,49.2,1,21,6
2026-03-22 22:00:00,campus,242.42,13.6,50.1,1,22,6
2026-03-22 23:00:00,campus,236.75,14.7,63.6,1,23,6
2026-03-23 00:00:00,campus,366.48,13.9,61.0,0,0,0
2026-03-23 01:00:00,campus,325.71,11.2,69.0,0,1,0
2026-03-23 02:00:00,campus,337.75,12.9,64.2,0,2,0
2026-03-23 03:00:00,campus,318.47,9.2,56.3,0,3,0
2026-03-23 04:00:00,campus,337.63,11.8,72.0,0,4,0
2026-03-23 05:00:00,campus,308.92,10.7,67.5,0,5,0
2026-03-23 06:00:00,campus,291.47,12.5,67.4,0,6,0
2026-03-23 07:00:00,campus,336.28,14.8,57.0,0,7,0
2026-03-23 08:00:00,campus,358.4,14.9,62.5,0,8,0
2026-03-23 09:00:00,campus,380.08,17.1,57.1,0,9,0
2026-03-23 10:00:00,campus,426.16,20.8,45.7,0,10,0
2026-03-23 11:00:00,campus,463.37,19.8,56.7,0,11,0
2026-03-23 12:00:00,campus,549.71,23.2,55.3,0,12,0
2026-03-23 13:00:00,campus,597.26,21.2,62.4,0,13,0
2026-03-23 14:00:00,campus,616.14,24.3,46.9,0,14,0
2026-03-23 15:00:00,campus,618.17,25.9,57.2,0,15,0
2026-03-23 16:00:00,campus,573.97,19.8,52.5,0,16,0
2026-03-23 17:00:00,campus,514.25,21.7,55.0,0,17,0
2026-03-23 18:00:00,campus,541.67,22.8,49.3,0,18,0
2026-03-23 19:00:00,campus,499.77,20.4,62.4,0,19,0
2026-03-23 20:00:00,campus,464.54,19.8,52.6,0,20,0
2026-03-23 21:00:00,campus,478.19,16.8,52.5,0,21,0
2026-03-23 22:00:00,campus,407.89,16.3,50.5,0,22,0
2026-03-23 23:00:00,campus,366.18,14.5,62.7,0,23,0
2026-03-24 00:00:00,campus,310.2,15.3,58.7,0,0,1
2026-03-24 01:00:00,campus,299.62,13.0,69.5,0,1,1
2026-03-24 02:00:00,campus,295.83,12.5,65.9,0,2,1
2026-03-24 03:00:00,campus,321.78,11.2,60.5,0,3,1
2026-03-24 04:00:00,campus,331.17,11.3,57.9,0,4,1
2026-03-24 05:00:00,campus,302.25,11.9,62.3,0,5,1
2026-03-24 06:00:00,campus,294.01,14.1,60.3,0,6,1
2026-03-24 07:00:00,campus,317.55,14.2,54.7,0,7,1
2026-03-24 08:00:00,campus,364.66,16.7,64.0,0,8,1
2026-03-24 09:00:00,campus,405.16,20.9,51.3,0,9,1
2026-03-24 10:00:00,campus,435.68,20.6,59.7,0,10,1
2026-03-24 11:00:00,campus,521.21,20.3,54.5,0,11,1
2026-03-24 12:00:00,campus,569.97,23.8,55.7,0,12,1
2026-03-24 13:00:00,campus,596.42,22.4,46.6,0,13,1
2026-03-24 14:00:00,campus,626.63,20.5,49.9,0,14,1
2026-03-24 15:00:00,campus,605.54,22.3,54.6,0,15,1
2026-03-24 16:00:00,campus,559.63,20.8,49.6,0,16,1
2026-03-24 17:00:00,campus,566.61,22.5,53.0,0,17,1
2026-03-24 18:00:00,campus,540.71,22.1,47.0,0,18,1
2026-03-24 19:00:00,campus,538.81,23.3,45.7,0,19,1
2026-03-24 20:00:00,campus,471.61,19.8,50.9,0,20,1
2026-03-24 21:00:00,campus,465.76,17.5,53.5,0,21,1
2026-03-24 22:00:00,campus,398.41,17.5,54.0,0,22,1
2026-03-24 23:00:00,campus,366.19,11.5,62.5,0,23,1
2026-03-25 00:00:00,campus,345.11,14.0,64.4,0,0,2
2026-03-25 01:00:00,campus,340.39,13.8,71.4,0,1,2
2026-03-25 02:00:00,campus,300.28,9.9,71.0,0,2,2
2026-03-25 03:00:00,campus,315.96,13.6,60.7,0,3,2
2026-03-25 04:00:00,campus,328.48,12.6,68.0,0,4,2
2026-03-25 05:00:00,campus,306.63,12.0,56.0,0,5,2
2026-03-25 06:00:00,campus,330.05,14.6,61.6,0,6,2
2026-03-25 07:00:00,campus,348.95,18.3,54.4,0,7,2
2026-03-25 08:00:00,campus,356.05,16.6,62.1,0,8,2
2026-03-25 09:00:00,campus,422.94,18.2,54.2,0,9,2
2026-03-25 10:00:00,campus,435.64,18.7,49.7,0,10,2
2026-03-25 11:00:00,campus,498.88,19.6,59.5,0,11,2
2026-03-25 12:00:00,campus,573.32,23.4,48.0,0,12,2
2026-03-25 13:00:00,campus,591.54,21.8,50.9,0,13,2
2026-03-25 14:00:00,campus,636.26,23.8,47.2,0,14,2
2026-03-25 15:00:00,campus,617.41,23.2,45.2,0,15,2
2026-03-25 16:00:00,campus,600.75,24.4,52.2,0,16,2
2026-03-25 17:00:00,campus,562.69,23.6,45.5,0,17,2
2026-03-25 18:00:00,campus,570.88,23.7,47.7,0,18,2
2026-03-25 19:00:00,campus,520.85,20.1,58.6,0,19,2
2026-03-25 20:00:00,campus,482.92,19.0,58.8,0,20,2
2026-03-25 21:00:00,campus,457.68,16.4,62.5,0,21,2
2026-03-25 22:00:00,campus,419.93,15.6,54.4,0,22,2
2026-03-25 23:00:00,campus,358.6,15.4,55.4,0,23,2
2026-03-26 00:00:00,campus,316.79,14.8,65.4,0,0,3
2026-03-26 01:00:00,campus,291.41,11.4,62.6,0,1,3
2026-03-26 02:00:00,campus,319.21,13.5,65.0,0,2,3
2026-03-26 03:00:00,campus,302.67,14.0,63.3,0,3,3
2026-03-26 04:00:00,campus,353.76,12.8,64.6,0,4,3
2026-03-26 05:00:00,campus,336.69,15.6,59.6,0,5,3
2026-03-26 06:00:00,campus,365.38,12.5,62.6,0,6,3
2026-03-26 07:00:00,campus,336.74,13.1,61.8,0,7,3
2026-03-26 08:00:00,campus,328.41,13.7,59.6,0,8,3
2026-03-26 09:00:00,campus,378.96,20.2,52.2,0,9,3
2026-03-26 10:00:00,campus,413.71,20.5,54.7,0,10,3
2026-03-26 11:00:00,campus,479.12,20.9,54.7,0,11,3
2026-03-26 12:00:00,campus,572.56,22.6,56.0,0,12,3
2026-03-26 13:00:00,campus,585.99,21.5,63.5,0,13,3
2026-03-26 14:00:00,campus,667.2,27.4,44.0,0,14,3
2026-03-26 15:00:00,campus,588.41,24.1,50.1,0,15,3
2026-03-26 16:00:00,campus,612.81,23.9,55.4,0,16,3
2026-03-26 17:00:00,campus,585.04,24.2,46.5,0,17,3
2026-03-26 18:00:00,campus,540.14,22.9,56.6,0,18,3
2026-03-26 19:00:00,campus,539.44,21.3,55.8,0,19,3
2026-03-26 20:00:00,campus,498.63,18.3,60.7,0,20,3
2026-03-26 21:00:00,campus,448.33,18.7,56.4,0,21,3
2026-03-26 22:00:00,campus,400.38,19.2,61.4,0,22,3
2026-03-26 23:00:00,campus,363.44,17.0,61.3,0,23,3
2026-03-27 00:00:00,campus,322.78,16.2,61.8,0,0,4
2026-03-27 01:00:00,campus,303.94,12.1,71.0,0,1,4
2026-03-27 02:00:00,campus,300.05,10.7,72.8,0,2,4
2026-03-27 03:00:00,campus,321.16,11.8,62.5,0,3,4
2026-03-27 04:00:00,campus,339.4,12.3,64.9,0,4,4
2026-03-27 05:00:00,campus,303.66,14.5,58.3,0,5,4
2026-03-27 06:00:00,campus,331.96,11.2,65.4,0,6,4
2026-03-27 07:00:00,campus,344.38,17.3,59.5,0,7,4
2026-03-27 08:00:00,campus,355.45,16.2,55.2,0,8,4
2026-03-27 09:00:00,campus,414.51,17.4,70.8,0,9,4
2026-03-27 10:00:00,campus,438.61,18.1,53.7,0,10,4
2026-03-27 11:00:00,campus,499.2,18.5,51.3,0,11,4
2026-03-27 12:00:00,campus,552.25,23.5,52.5,0,12,4
2026-03-27 13:00:00,campus,603.0,23.3,41.7,0,13,4
2026-03-27 14:00:00,campus,618.57,21.9,49.1,0,14,4
2026-03-27 15:00:00,campus,587.71,22.1,54.7,0,15,4
2026-03-27 16:00:00,campus,583.05,23.3,45.9,0,16,4
2026-03-27 17:00:00,campus,569.59,25.7,52.6,0,17,4
2026-03-27 18:00:00,campus,527.31,21.9,53.5,0,18,4
2026-03-27 19:00:00,campus,510.32,18.8,52.6,0,19,4
2026-03-27 20:00:00,campus,515.47,19.2,63.5,0,20,4
2026-03-27 21:00:00,campus,449.6,17.6,56.6,0,21,4
2026-03-27 22:00:00,campus,440.94,12.4,64.3,0,22,4
2026-03-27 23:00:00,campus,350.99,14.9,54.9,0,23,4
2026-03-28 00:00:00,campus,224.36,13.5,59.9,1,0,5
2026-03-28 01:00:00,campus,165.56,13.9,68.1,1,1,5
2026-03-28 02:00:00,campus,207.88,15.1,64.3,1,2,5
2026-03-28 03:00:00,campus,228.25,13.8,73.5,1,3,5
2026-03-28 04:00:00,campus,237.19,11.9,60.3,1,4,5
2026-03-28 05:00:00,campus,202.44,11.2,62.5,1,5,5
2026-03-28 06:00:00,campus,222.48,17.7,60.0,1,6,5
2026-03-28 07:00:00,campus,192.51,15.2,58.9,1,7,5
2026-03-28 08:00:00,campus,221.75,16.6,63.4,1,8,5
2026-03-28 09:00:00,campus,206.63,18.1,48.4,1,9,5
2026-03-28 10:00:00,campus,251.74,20.0,54.2,1,10,5
2026-03-28 11:00:00,campus,254.41,20.9,44.3,1,11,5
2026-03-28 12:00:00,campus,249.58,21.5,46.6,1,12,5
2026-03-28 13:00:00,campus,301.4,22.5,47.3,1,13,5
2026-03-28 14:00:00,campus,293.67,23.8,48.9,1,14,5
2026-03-28 15:00:00,campus,265.92,23.3,50.5,1,15,5
2026-03-28 16:00:00,campus,282.28,22.8,57.5,1,16,5
2026-03-28 17:00:00,campus,273.94,23.5,50.7,1,17,5
2026-03-28 18:00:00,campus,312.64,22.0,47.2,1,18,5
2026-03-28 19:00:00,campus,321.65,23.4,41.5,1,19,5
2026-03-28 20:00:00,campus,289.14,15.7,57.8,1,20,5
2026-03-28 21:00:00,campus,272.93,19.7,60.5,1,21,5
2026-03-28 22:00:00,campus,258.52,18.4,51.4,1,22,5
2026-03-28 23:00:00,campus,240.65,12.0,69.5,1,23,5
2026-03-29 00:00:00,campus,190.58,13.4,70.8,1,0,6
2026-03-29 01:00:00,campus,240.44,12.4,54.8,1,1,6
2026-03-29 02:00:00,campus,200.98,10.3,60.1,1,2,6
2026-03-29 03:00:00,campus,192.05,11.0,64.2,1,3,6
2026-03-29 04:00:00,campus,204.82,10.7,73.0,1,4,6
2026-03-29 05:00:00,campus,216.78,15.6,64.2,1,5,6
2026-03-29 06:00:00,campus,219.42,15.3,59.0,1,6,6
2026-03-29 07:00:00,campus,203.88,17.1,54.1,1,7,6
2026-03-29 08:00:00,campus,223.97,17.7,55.9,1,8,6
2026-03-29 09:00:00,campus,242.01,16.5,59.1,1,9,6
2026-03-29 10:00:00,campus,281.53,18.9,56.6,1,10,6
2026-03-29 11:00:00,campus,261.47,21.9,47.1,1,11,6
2026-03-29 12:00:00,campus,248.8,20.6,49.6,1,12,6
2026-03-29 13:00:00,campus,267.39,24.4,52.5,1,13,6
2026-03-29 14:00:00,campus,268.84,23.6,53.2,1,14,6
2026-03-29 15:00:00,campus,286.35,23.6,57.7,1,15,6
2026-03-29 16:00:00,campus,281.79,25.0,47.2,1,16,6
2026-03-29 17:00:00,campus,265.73,24.0,55.7,1,17,6
2026-03-29 18:00:00,campus,316.59,21.9,46.0,1,18,6
2026-03-29 19:00:00,campus,313.2,22.9,46.0,1,19,6
2026-03-29 20:00:00,campus,331.85,18.1,61.1,1,20,6
2026-03-29 21:00:00,campus,297.32,19.1,52.9,1,21,6
2026-03-29 22:00:00,campus,267.91,17.5,62.8,1,22,6
2026-03-29 23:00:00,campus,235.14,14.7,62.7,1,23,6
2026-03-30 00:00:00,campus,314.57,14.5,65.3,0,0,0
2026-03-30 01:00:00,campus,355.9,11.2,61.7,0,1,0
2026-03-30 02:00:00,campus,333.75,13.8,61.5,0,2,0
2026-03-30 03:00:00,campus,304.74,12.0,66.7,0,3,0
2026-03-30 04:00:00,campus,302.94,11.7,65.2,0,4,0
2026-03-30 05:00:00,campus,335.27,14.6,66.0,0,5,0
2026-03-30 06:00:00,campus,319.09,13.0,60.3,0,6,0
2026-03-30 07:00:00,campus,333.62,13.1,56.0,0,7,0
2026-03-30 08:00:00,campus,354.27,14.4,69.1,0,8,0
2026-03-30 09:00:00,campus,396.59,19.2,60.9,0,9,0
2026-03-30 10:00:00,campus,421.17,17.9,51.8,0,10,0
2026-03-30 11:00:00,campus,505.78,23.9,46.9,0,11,0
2026-03-30 12:00:00,campus,558.64,19.4,61.4,0,12,0
2026-03-30 13:00:00,campus,637.07,26.0,51.7,0,13,0
2026-03-30 14:00:00,campus,623.4,24.4,54.0,0,14,0
2026-03-30 15:00:00,campus,653.13,24.1,46.1,0,15,0
2026-03-30 16:00:00,campus,601.67,23.2,54.7,0,16,0
2026-03-30 17:00:00,campus,554.01,24.1,61.1,0,17,0
2026-03-30 18:00:00,campus,552.53,22.4,52.1,0,18,0
2026-03-30 19:00:00,campus,510.98,22.9,49.2,0,19,0
2026-03-30 20:00:00,campus,490.14,20.0,58.1,0,20,0
2026-03-30 21:00:00,campus,453.89,18.5,62.4,0,21,0
2026-03-30 22:00:00,campus,406.26,16.2,58.1,0,22,0
2026-03-30 23:00:00,campus,364.36,15.2,58.3,0,23,0
2026-03-31 00:00:00,campus,322.09,14.6,61.3,0,0,1
2026-03-31 01:00:00,campus,313.54,10.6,75.3,0,1,1
2026-03-31 02:00:00,campus,317.94,10.5,65.6,0,2,1
2026-03-31 03:00:00,campus,334.94,13.4,66.0,0,3,1
2026-03-31 04:00:00,campus,303.54,12.8,60.0,0,4,1
2026-03-31 05:00:00,campus,354.47,12.9,67.6,0,5,1
2026-03-31 06:00:00,campus,296.84,14.1,60.9,0,6,1
2026-03-31 07:00:00,campus,312.41,15.9,69.4,0,7,1
2026-03-31 08:00:00,campus,371.37,16.0,65.4,0,8,1
2026-03-31 09:00:00,campus,399.18,17.2,51.2,0,9,1
2026-03-31 10:00:00,campus,431.42,20.2,43.3,0,10,1
2026-03-31 11:00:00,campus,484.32,19.9,52.8,0,11,1
2026-03-31 12:00:00,campus,583.04,23.2,57.5,0,12,1
2026-03-31 13:00:00,campus,616.66,21.0,46.9,0,13,1
2026-03-31 14:00:00,campus,662.15,25.7,48.5,0,14,1
2026-03-31 15:00:00,campus,627.17,25.0,42.3,0,15,1
2026-03-31 16:00:00,campus,590.43,24.5,49.0,0,16,1
2026-03-31 17:00:00,campus,556.28,25.0,51.2,0,17,1
2026-03-31 18:00:00,campus,573.66,25.1,52.7,0,18,1
2026-03-31 19:00:00,campus,517.81,22.9,60.2,0,19,1
2026-03-31 20:00:00,campus,484.35,17.1,62.5,0,20,1
2026-03-31 21:00:00,campus,434.45,16.4,60.6,0,21,1
2026-03-31 22:00:00,campus,417.86,15.8,56.0,0,22,1
2026-03-31 23:00:00,campus,379.63,15.4,57.0,0,23,1
2026-04-01 00:00:00,campus,318.77,14.9,62.7,0,0,2
2026-04-01 01:00:00,campus,317.74,12.1,61.3,0,1,2
2026-04-01 02:00:00,campus,293.04,12.9,65.2,0,2,2
2026-04-01 03:00:00,campus,334.83,11.3,72.2,0,3,2
2026-04-01 04:00:00,campus,328.45,11.7,63.8,0,4,2
2026-04-01 05:00:00,campus,326.53,11.1,57.4,0,5,2
2026-04-01 06:00:00,campus,319.74,12.8,66.2,0,6,2
2026-04-01 07:00:00,campus,317.15,13.4,54.6,0,7,2
2026-04-01 08:00:00,campus,348.46,15.4,47.4,0,8,2
2026-04-01 09:00:00,campus,382.46,20.0,54.3,0,9,2
2026-04-01 10:00:00,campus,414.93,18.5,55.4,0,10,2
2026-04-01 11:00:00,campus,532.88,25.4,55.6,0,11,2
2026-04-01 12:00:00,campus,547.5,23.4,55.4,0,12,2
2026-04-01 13:00:00,campus,607.58,23.9,47.3,0,13,2
2026-04-01 14:00:00,campus,586.76,22.9,53.2,0,14,2
2026-04-01 15:00:00,campus,611.5,25.5,43.2,0,15,2
2026-04-01 16:00:00,campus,563.56,23.3,46.0,0,16,2
2026-04-01 17:00:00,campus,572.54,23.8,42.0,0,17,2
2026-04-01 18:00:00,campus,569.31,26.5,40.9,0,18,2
2026-04-01 19:00:00,campus,539.06,21.3,47.8,0,19,2
2026-04-01 20:00:00,campus,492.15,21.7,50.5,0,20,2
2026-04-01 21:00:00,campus,430.89,17.4,63.1,0,21,2
2026-04-01 22:00:00,campus,385.47,16.8,61.9,0,22,2
2026-04-01 23:00:00,campus,377.76,18.1,59.2,0,23,2
2026-04-02 00:00:00,campus,330.4,13.3,52.9,0,0,3
2026-04-02 01:00:00,campus,323.59,16.0,54.8,0,1,3
2026-04-02 02:00:00,campus,316.67,13.8,55.4,0,2,3
2026-04-02 03:00:00,campus,307.55,11.6,66.0,0,3,3
2026-04-02 04:00:00,campus,335.45,13.6,66.0,0,4,3
2026-04-02 05:00:00,campus,330.2,14.8,57.3,0,5,3
2026-04-02 06:00:00,campus,327.0,15.2,59.0,0,6,3
2026-04-02 07:00:00,campus,321.83,13.1,66.6,0,7,3
2026-04-02 08:00:00,campus,373.87,15.8,58.7,0,8,3
2026-04-02 09:00:00,campus,390.56,18.1,58.3,0,9,3
2026-04-02 10:00:00,campus,416.76,19.9,62.2,0,10,3
2026-04-02 11:00:00,campus,488.26,22.4,58.6,0,11,3
2026-04-02 12:00:00,campus,566.43,23.0,47.9,0,12,3
2026-04-02 13:00:00,campus,593.2,21.7,61.5,0,13,3
2026-04-02 14:00:00,campus,635.33,24.9,48.7,0,14,3
2026-04-02 15:00:00,campus,648.45,25.4,39.8,0,15,3
2026-04-02 16:00:00,campus,599.06,25.1,48.7,0,16,3
2026-04-02 17:00:00,campus,585.8,25.3,48.7,0,17,3
2026-04-02 18:00:00,campus,558.71,24.0,52.5,0,18,3
2026-04-02 19:00:00,campus,522.03,22.2,52.7,0,19,3
2026-04-02 20:00:00,campus,487.61,19.9,59.2,0,20,3
2026-04-02 21:00:00,campus,454.02,16.0,57.3,0,21,3
2026-04-02 22:00:00,campus,417.11,17.6,44.5,0,22,3
2026-04-02 23:00:00,campus,345.25,15.8,67.9,0,23,3
2026-04-03 00:00:00,campus,325.87,14.7,64.3,0,0,4
2026-04-03 01:00:00,campus,303.5,11.5,65.1,0,1,4
2026-04-03 02:00:00,campus,315.89,11.1,58.7,0,2,4
2026-04-03 03:00:00,campus,318.24,14.1,62.7,0,3,4
2026-04-03 04:00:00,campus,319.46,12.7,69.3,0,4,4
2026-04-03 05:00:00,campus,341.38,14.4,64.1,0,5,4
2026-04-03 06:00:00,campus,325.1,14.4,69.1,0,6,4
2026-04-03 07:00:00,campus,293.56,15.6,54.8,0,7,4
2026-04-03 08:00:00,campus,361.17,18.4,63.4,0,8,4
2026-04-03 09:00:00,campus,397.37,17.8,57.5,0,9,4
2026-04-03 10:00:00,campus,467.26,20.3,52.3,0,10,4
2026-04-03 11:00:00,campus,469.11,20.9,55.0,0,11,4
2026-04-03 12:00:00,campus,560.06,22.2,43.4,0,12,4
2026-04-03 13:00:00,campus,613.79,23.3,49.0,0,13,4
2026-04-03 14:00:00,campus,634.51,24.7,41.6,0,14,4
2026-04-03 15:00:00,campus,614.39,23.8,58.2,0,15,4
2026-04-03 16:00:00,campus,601.95,26.2,48.9,0,16,4
2026-04-03 17:00:00,campus,518.77,22.4,45.9,0,17,4
2026-04-03 18:00:00,campus,507.42,22.5,58.6,0,18,4
2026-04-03 19:00:00,campus,519.39,20.9,46.7,0,19,4
2026-04-03 20:00:00,campus,491.55,22.3,52.5,0,20,4
2026-04-03 21:00:00,campus,455.24,18.9,59.6,0,21,4
2026-04-03 22:00:00,campus,400.77,18.6,57.6,0,22,4
2026-04-03 23:00:00,campus,382.33,13.3,66.5,0,23,4
2026-04-04 00:00:00,campus,189.62,14.8,72.2,1,0,5
2026-04-04 01:00:00,campus,208.03,14.8,64.2,1,1,5
2026-04-04 02:00:00,campus,224.47,13.0,75.2,1,2,5
2026-04-04 03:00:00,campus,209.25,14.2,53.8,1,3,5
2026-04-04 04:00:00,campus,214.29,12.1,64.3,1,4,5
2026-04-04 05:00:00,campus,193.43,15.6,59.6,1,5,5
2026-04-04 06:00:00,campus,217.22,17.9,64.8,1,6,5
2026-04-04 07:00:00,campus,218.24,15.1,55.2,1,7,5
2026-04-04 08:00:00,campus,213.7,16.4,55.5,1,8,5
2026-04-04 09:00:00,campus,222.21,20.8,52.3,1,9,5
2026-04-04 10:00:00,campus,239.14,22.6,51.7,1,10,5
2026-04-04 11:00:00,campus,220.05,20.9,51.0,1,11,5
2026-04-04 12:00:00,campus,245.82,22.3,61.2,1,12,5
2026-04-04 13:00:00,campus,283.02,23.4,60.0,1,13,5
2026-04-04 14:00:00,campus,273.97,22.4,50.4,1,14,5
2026-04-04 15:00:00,campus,282.03,23.3,47.6,1,15,5
2026-04-04 16:00:00,campus,257.64,22.9,59.2,1,16,5
2026-04-04 17:00:00,campus,287.8,22.7,51.3,1,17,5
2026-04-04 18:00:00,campus,314.09,22.8,48.5,1,18,5
2026-04-04 19:00:00,campus,307.06,22.0,44.7,1,19,5
2026-04-04 20:00:00,campus,309.55,22.5,47.4,1,20,5
2026-04-04 21:00:00,campus,296.66,17.1,58.0,1,21,5
2026-04-04 22:00:00,campus,270.42,18.6,53.4,1,22,5
2026-04-04 23:00:00,campus,241.48,15.3,60.2,1,23,5
2026-04-05 00:00:00,campus,222.06,14.4,65.6,1,0,6
2026-04-05 01:00:00,campus,184.44,14.5,62.0,1,1,6
2026-04-05 02:00:00,campus,203.4,11.2,66.9,1,2,6
2026-04-05 03:00:00,campus,189.58,13.3,64.1,1,3,6
2026-04-05 04:00:00,campus,182.47,13.2,59.7,1,4,6
2026-04-05 05:00:00,campus,221.4,14.3,62.7,1,5,6
2026-04-05 06:00:00,campus,219.42,14.9,55.7,1,6,6
2026-04-05 07:00:00,campus,197.98,19.4,61.5,1,7,6
2026-04-05 08:00:00,campus,237.47,16.2,58.8,1,8,6
2026-04-05 09:00:00,campus,208.95,17.9,56.2,1,9,6
2026-04-05 10:00:00,campus,228.5,19.3,56.0,1,10,6
2026-04-05 11:00:00,campus,254.01,20.9,59.3,1,11,6
2026-04-05 12:00:00,campus,280.06,22.0,54.0,1,12,6
2026-04-05 13:00:00,campus,276.17,25.7,46.1,1,13,6
2026-04-05 14:00:00,campus,313.14,26.6,46.7,1,14,6
2026-04-05 15:00:00,campus,296.24,23.9,53.3,1,15,6
2026-04-05 16:00:00,campus,284.28,23.3,38.6,1,16,6
2026-04-05 17:00:00,campus,275.96,24.6,41.7,1,17,6
2026-04-05 18:00:00,campus,281.37,22.1,61.4,1,18,6
2026-04-05 19:00:00,campus,310.66,22.7,52.7,1,19,6
2026-04-05 20:00:00,campus,319.83,20.6,56.8,1,20,6
2026-04-05 21:00:00,campus,299.42,16.4,63.0,1,21,6
2026-04-05 22:00:00,campus,310.84,19.5,50.5,1,22,6
2026-04-05 23:00:00,campus,237.53,18.4,61.5,1,23,6
2026-04-06 00:00:00,campus,296.49,13.6,55.2,0,0,0
2026-04-06 01:00:00,campus,329.92,13.0,61.3,0,1,0
2026-04-06 02:00:00,campus,305.77,13.4,65.5,0,2,0
2026-04-06 03:00:00,campus,318.96,13.3,62.2,0,3,0
2026-04-06 04:00:00,campus,317.11,14.0,64.0,0,4,0
2026-04-06 05:00:00,campus,339.17,16.6,58.7,0,5,0
2026-04-06 06:00:00,campus,358.96,14.3,62.6,0,6,0
2026-04-06 07:00:00,campus,338.37,14.6,61.4,0,7,0
2026-04-06 08:00:00,campus,362.35,15.2,69.1,0,8,0
2026-04-06 09:00:00,campus,394.17,17.7,47.0,0,9,0
2026-04-06 10:00:00,campus,459.87,20.3,51.5,0,10,0
2026-04-06 11:00:00,campus,522.33,24.5,43.7,0,11,0
2026-04-06 12:00:00,campus,540.8,22.3,56.4,0,12,0
2026-04-06 13:00:00,campus,614.94,24.3,54.8,0,13,0
2026-04-06 14:00:00,campus,655.58,24.6,49.5,0,14,0
2026-04-06 15:00:00,campus,624.16,26.6,50.7,0,15,0
2026-04-06 16:00:00,campus,651.8,28.4,39.3,0,16,0
2026-04-06 17:00:00,campus,532.96,23.2,47.7,0,17,0
2026-04-06 18:00:00,campus,530.02,22.3,59.2,0,18,0
2026-04-06 19:00:00,campus,554.89,23.4,52.8,0,19,0
2026-04-06 20:00:00,campus,487.66,21.4,48.8,0,20,0
2026-04-06 21:00:00,campus,436.84,21.6,44.3,0,21,0
2026-04-06 22:00:00,campus,399.26,18.1,60.8,0,22,0
2026-04-06 23:00:00,campus,347.2,15.3,58.4,0,23,0
2026-04-07 00:00:00,campus,307.44,15.5,49.9,0,0,1
2026-04-07 01:00:00,campus,312.99,15.3,58.6,0,1,1
2026-04-07 02:00:00,campus,290.63,14.3,54.4,0,2,1
2026-04-07 03:00:00,campus,365.02,13.6,62.1,0,3,1
2026-04-07 04:00:00,campus,308.06,14.7,64.1,0,4,1
2026-04-07 05:00:00,campus,323.0,15.4,54.9,0,5,1
2026-04-07 06:00:00,campus,325.41,16.7,56.8,0,6,1
2026-04-07 07:00:00,campus,342.8,16.9,67.8,0,7,1
2026-04-07 08:00:00,campus,363.68,17.1,52.6,0,8,1
2026-04-07 09:00:00,campus,363.99,19.1,60.1,0,9,1
2026-04-07 10:00:00,campus,437.57,22.2,49.5,0,10,1
2026-04-07 11:00:00,campus,471.11,20.7,58.3,0,11,1
2026-04-07 12:00:00,campus,607.87,23.7,52.7,0,12,1
2026-04-07 13:00:00,campus,598.28,23.5,63.1,0,13,1
2026-04-07 14:00:00,campus,621.75,24.7,45.6,0,14,1
2026-04-07 15:00:00,campus,674.42,26.8,47.0,0,15,1
2026-04-07 16:00:00,campus,605.42,25.0,47.5,0,16,1
2026-04-07 17:00:00,campus,580.89,24.1,43.8,0,17,1
2026-04-07 18:00:00,campus,550.03,21.1,55.0,0,18,1
2026-04-07 19:00:00,campus,503.61,23.0,51.2,0,19,1
2026-04-07 20:00:00,campus,494.0,21.4,46.7,0,20,1
2026-04-07 21:00:00,campus,462.95,22.1,60.3,0,21,1
2026-04-07 22:00:00,campus,392.7,16.9,54.2,0,22,1
2026-04-07 23:00:00,campus,355.64,16.2,63.8,0,23,1
2026-04-08 00:00:00,campus,322.81,15.1,60.7,0,0,2
2026-04-08 01:00:00,campus,345.4,16.1,67.4,0,1,2
2026-04-08 02:00:00,campus,310.59,13.0,62.9,0,2,2
2026-04-08 03:00:00,campus,302.46,13.4,63.0,0,3,2
2026-04-08 04:00:00,campus,302.42,14.1,64.3,0,4,2
2026-04-08 05:00:00,campus,316.94,14.0,64.9,0,5,2
2026-04-08 06:00:00,campus,327.38,14.0,54.8,0,6,2
2026-04-08 07:00:00,campus,342.54,16.2,69.8,0,7,2
2026-04-08 08:00:00,campus,364.23,19.0,53.9,0,8,2
2026-04-08 09:00:00,campus,385.82,17.4,53.2,0,9,2
2026-04-08 10:00:00,campus,422.22,20.7,49.7,0,10,2
2026-04-08 11:00:00,campus,498.72,20.9,53.3,0,11,2
2026-04-08 12:00:00,campus,573.96,25.0,54.8,0,12,2
2026-04-08 13:00:00,campus,587.72,21.9,56.8,0,13,2
2026-04-08 14:00:00,campus,614.23,23.9,63.1,0,14,2
2026-04-08 15:00:00,campus,629.88,25.5,49.6,0,15,2
2026-04-08 16:00:00,campus,630.64,27.1,42.9,0,16,2
2026-04-08 17:00:00,campus,550.77,24.1,48.7,0,17,2
2026-04-08 18:00:00,campus,533.02,22.4,46.7,0,18,2
2026-04-08 19:00:00,campus,549.35,24.8,40.8,0,19,2
2026-04-08 20:00:00,campus,511.08,18.3,59.4,0,20,2
2026-04-08 21:00:00,campus,458.2,15.7,58.6,0,21,2
2026-04-08 22:00:00,campus,406.48,18.1,62.1,0,22,2
2026-04-08 23:00:00,campus,378.73,15.2,69.0,0,23,2
2026-04-09 00:00:00,campus,292.43,13.3,67.5,0,0,3
2026-04-09 01:00:00,campus,335.17,14.9,54.5,0,1,3
2026-04-09 02:00:00,campus,298.12,13.6,59.3,0,2,3
2026-04-09 03:00:00,campus,344.31,12.2,61.1,0,3,3
2026-04-09 04:00:00,campus,361.09,11.3,65.9,0,4,3
2026-04-09 05:00:00,campus,324.56,15.1,57.9,0,5,3
2026-04-09 06:00:00,campus,335.48,15.8,58.3,0,6,3
2026-04-09 07:00:00,campus,341.85,15.9,60.5,0,7,3
2026-04-09 08:00:00,campus,349.22,20.3,54.3,0,8,3
2026-04-09 09:00:00,campus,382.62,17.4,58.0,0,9,3
2026-04-09 10:00:00,campus,419.12,18.3,56.8,0,10,3
2026-04-09 11:00:00,campus,491.61,21.0,50.3,0,11,3
2026-04-09 12:00:00,campus,586.49,23.2,51.3,0,12,3
2026-04-09 13:00:00,campus,610.41,24.6,58.0,0,13,3
2026-04-09 14:00:00,campus,616.82,24.5,56.1,0,14,3
2026-04-09 15:00:00,campus,803.61,25.6,44.1,0,15,3
2026-04-09 16:00:00,campus,579.0,23.0,48.0,0,16,3
2026-04-09 17:00:00,campus,595.44,26.4,40.4,0,17,3
2026-04-09 18:00:00,campus,541.69,23.2,50.9,0,18,3
2026-04-09 19:00:00,campus,557.07,23.7,55.3,0,19,3
2026-04-09 20:00:00,campus,489.43,21.1,52.2,0,20,3
2026-04-09 21:00:00,campus,457.76,19.7,55.3,0,21,3
2026-04-09 22:00:00,campus,424.69,18.3,48.2,0,22,3
2026-04-09 23:00:00,campus,366.15,16.7,61.6,0,23,3
2026-04-10 00:00:00,campus,330.62,15.8,63.9,0,0,4
2026-04-10 01:00:00,campus,341.91,15.9,66.6,0,1,4
2026-04-10 02:00:00,campus,324.46,13.6,62.8,0,2,4
2026-04-10 03:00:00,campus,326.9,14.2,63.6,0,3,4
2026-04-10 04:00:00,campus,320.56,13.2,58.9,0,4,4
2026-04-10 05:00:00,campus,319.9,16.1,65.9,0,5,4
2026-04-10 06:00:00,campus,319.65,13.9,62.5,0,6,4
2026-04-10 07:00:00,campus,333.42,18.8,58.0,0,7,4
2026-04-10 08:00:00,campus,340.54,17.5,59.6,0,8,4
2026-04-10 09:00:00,campus,388.98,17.0,59.9,0,9,4
2026-04-10 10:00:00,campus,442.63,20.9,49.0,0,10,4
2026-04-10 11:00:00,campus,480.37,21.1,54.9,0,11,4
2026-04-10 12:00:00,campus,556.68,24.6,44.8,0,12,4
2026-04-10 13:00:00,campus,623.23,23.3,49.5,0,13,4
2026-04-10 14:00:00,campus,645.05,24.2,47.9,0,14,4
2026-04-10 15:00:00,campus,579.57,22.3,55.0,0,15,4
2026-04-10 16:00:00,campus,595.34,24.2,49.5,0,16,4
2026-04-10 17:00:00,campus,552.06,20.7,47.3,0,17,4
2026-04-10 18:00:00,campus,535.78,21.0,55.4,0,18,4
2026-04-10 19:00:00,campus,494.59,23.3,56.5,0,19,4
2026-04-10 20:00:00,campus,535.19,21.8,56.3,0,20,4
2026-04-10 21:00:00,campus,469.24,19.7,63.4,0,21,4
2026-04-10 22:00:00,campus,416.46,16.1,55.0,0,22,4
2026-04-10 23:00:00,campus,366.58,16.0,55.9,0,23,4
2026-04-11 00:00:00,campus,226.1,14.9,56.4,1,0,5
2026-04-11 01:00:00,campus,225.69,12.3,60.4,1,1,5
2026-04-11 02:00:00,campus,220.14,15.6,70.6,1,2,5
2026-04-11 03:00:00,campus,194.32,14.5,69.0,1,3,5
2026-04-11 04:00:00,campus,213.95,13.1,69.5,1,4,5
2026-04-11 05:00:00,campus,200.83,14.0,56.7,1,5,5
2026-04-11 06:00:00,campus,213.68,15.3,51.2,1,6,5
2026-04-11 07:00:00,campus,241.29,13.1,64.3,1,7,5
2026-04-11 08:00:00,campus,197.7,17.3,64.2,1,8,5
2026-04-11 09:00:00,campus,225.37,18.2,70.8,1,9,5
2026-04-11 10:00:00,campus,221.54,19.2,48.9,1,10,5
2026-04-11 11:00:00,campus,230.07,21.8,57.2,1,11,5
2026-04-11 12:00:00,campus,256.17,26.1,46.9,1,12,5
2026-04-11 13:00:00,campus,302.48,25.3,38.6,1,13,5
2026-04-11 14:00:00,campus,300.87,24.1,45.3,1,14,5
2026-04-11 15:00:00,campus,291.81,26.0,54.0,1,15,5
2026-04-11 16:00:00,campus,291.38,27.1,49.9,1,16,5
2026-04-11 17:00:00,campus,300.01,25.8,39.8,1,17,5
2026-04-11 18:00:00,campus,326.27,23.5,41.1,1,18,5
2026-04-11 19:00:00,campus,328.0,21.2,53.9,1,19,5
2026-04-11 20:00:00,campus,314.69,21.8,51.9,1,20,5
2026-04-11 21:00:00,campus,284.33,19.8,51.8,1,21,5
2026-04-11 22:00:00,campus,258.89,19.0,63.0,1,22,5
2026-04-11 23:00:00,campus,214.54,17.1,57.3,1,23,5
2026-04-12 00:00:00,campus,212.66,16.6,61.5,1,0,6
2026-04-12 01:00:00,campus,173.64,13.3,64.6,1,1,6
2026-04-12 02:00:00,campus,218.43,15.4,64.2,1,2,6
2026-04-12 03:00:00,campus,199.28,13.6,57.2,1,3,6
2026-04-12 04:00:00,campus,226.32,16.6,55.2,1,4,6
2026-04-12 05:00:00,campus,205.47,13.0,58.2,1,5,6
2026-04-12 06:00:00,campus,219.83,17.6,51.2,1,6,6
2026-04-12 07:00:00,campus,214.42,16.6,55.2,1,7,6
2026-04-12 08:00:00,campus,235.88,16.7,59.2,1,8,6
2026-04-12 09:00:00,campus,244.15,18.5,47.3,1,9,6
2026-04-12 10:00:00,campus,252.5,20.3,49.8,1,10,6
2026-04-12 11:00:00,campus,244.72,22.9,49.3,1,11,6
2026-04-12 12:00:00,campus,284.44,24.3,45.2,1,12,6
2026-04-12 13:00:00,campus,312.59,23.6,59.4,1,13,6
2026-04-12 14:00:00,campus,282.76,25.0,38.9,1,14,6
2026-04-12 15:00:00,campus,341.94,28.5,42.7,1,15,6
2026-04-12 16:00:00,campus,314.63,27.7,45.2,1,16,6
2026-04-12 17:00:00,campus,323.56,25.1,52.7,1,17,6
2026-04-12 18:00:00,campus,318.99,23.6,46.5,1,18,6
2026-04-12 19:00:00,campus,328.91,22.4,48.5,1,19,6
2026-04-12 20:00:00,campus,296.1,21.7,58.7,1,20,6
2026-04-12 21:00:00,campus,274.39,17.7,66.3,1,21,6
2026-04-12 22:00:00,campus,267.02,17.3,61.1,1,22,6
2026-04-12 23:00:00,campus,212.77,13.8,57.0,1,23,6
2026-04-13 00:00:00,campus,336.61,15.7,48.8,0,0,0
2026-04-13 01:00:00,campus,303.21,15.1,60.8,0,1,0
2026-04-13 02:00:00,campus,319.23,12.8,63.4,0,2,0
2026-04-13 03:00:00,campus,344.93,15.7,65.6,0,3,0
2026-04-13 04:00:00,campus,324.76,11.7,68.6,0,4,0
2026-04-13 05:00:00,campus,329.17,12.0,64.0,0,5,0
2026-04-13 06:00:00,campus,324.14,15.4,61.9,0,6,0
2026-04-13 07:00:00,campus,323.45,17.9,52.9,0,7,0
2026-04-13 08:00:00,campus,345.09,20.3,51.4,0,8,0
2026-04-13 09:00:00,campus,394.2,18.7,63.4,0,9,0
2026-04-13 10:00:00,campus,421.35,22.5,44.6,0,10,0
2026-04-13 11:00:00,campus,520.69,22.3,57.4,0,11,0
2026-04-13 12:00:00,campus,578.04,23.3,60.1,0,12,0
2026-04-13 13:00:00,campus,665.75,25.9,41.9,0,13,0
2026-04-13 14:00:00,campus,682.31,26.1,47.7,0,14,0
2026-04-13 15:00:00,campus,623.52,23.0,52.2,0,15,0
2026-04-13 16:00:00,campus,624.95,27.4,42.8,0,16,0
2026-04-13 17:00:00,campus,597.78,26.6,37.1,0,17,0
2026-04-13 18:00:00,campus,538.77,22.6,47.7,0,18,0
2026-04-13 19:00:00,campus,539.57,22.9,50.1,0,19,0
2026-04-13 20:00:00,campus,517.47,21.6,52.0,0,20,0
2026-04-13 21:00:00,campus,459.34,19.7,63.9,0,21,0
2026-04-13 22:00:00,campus,411.67,17.0,62.4,0,22,0
2026-04-13 23:00:00,campus,367.35,15.3,60.5,0,23,0
2026-04-14 00:00:00,campus,349.51,15.1,60.7,0,0,1
2026-04-14 01:00:00,campus,336.37,16.0,65.2,0,1,1
2026-04-14 02:00:00,campus,333.05,14.4,61.6,0,2,1
2026-04-14 03:00:00,campus,299.51,12.9,62.4,0,3,1
2026-04-14 04:00:00,campus,322.92,14.8,59.1,0,4,1
2026-04-14 05:00:00,campus,338.54,10.0,63.3,0,5,1
2026-04-14 06:00:00,campus,318.08,16.9,56.1,0,6,1
2026-04-14 07:00:00,campus,336.39,13.8,57.1,0,7,1
2026-04-14 08:00:00,campus,373.22,17.3,65.4,0,8,1
2026-04-14 09:00:00,campus,389.19,17.7,57.3,0,9,1
2026-04-14 10:00:00,campus,428.36,19.0,52.4,0,10,1
2026-04-14 11:00:00,campus,553.13,24.2,51.4,0,11,1
2026-04-14 12:00:00,campus,550.33,23.0,57.6,0,12,1
2026-04-14 13:00:00,campus,619.84,25.1,49.1,0,13,1
2026-04-14 14:00:00,campus,652.09,25.1,48.3,0,14,1
2026-04-14 15:00:00,campus,652.55,26.1,55.0,0,15,1
2026-04-14 16:00:00,campus,585.52,25.3,46.3,0,16,1
2026-04-14 17:00:00,campus,579.03,22.7,63.1,0,17,1
2026-04-14 18:00:00,campus,565.65,25.2,50.3,0,18,1
2026-04-14 19:00:00,campus,516.3,21.7,50.6,0,19,1
2026-04-14 20:00:00,campus,498.16,18.6,62.7,0,20,1
2026-04-14 21:00:00,campus,455.77,18.8,53.4,0,21,1
2026-04-14 22:00:00,campus,406.14,20.1,49.8,0,22,1
2026-04-14 23:00:00,campus,388.43,17.7,53.0,0,23,1
2026-04-15 00:00:00,campus,306.27,14.7,62.0,0,0,2
2026-04-15 01:00:00,campus,341.77,13.8,56.1,0,1,2
2026-04-15 02:00:00,campus,324.69,13.2,62.0,0,2,2
2026-04-15 03:00:00,campus,301.16,16.6,57.6,0,3,2
2026-04-15 04:00:00,campus,309.69,14.3,65.2,0,4,2
2026-04-15 05:00:00,campus,332.05,14.9,65.8,0,5,2
2026-04-15 06:00:00,campus,353.92,16.8,56.5,0,6,2
2026-04-15 07:00:00,campus,346.84,16.9,52.6,0,7,2
2026-04-15 08:00:00,campus,351.99,17.6,48.3,0,8,2
2026-04-15 09:00:00,campus,407.9,19.2,56.7,0,9,2
2026-04-15 10:00:00,campus,443.7,20.9,55.9,0,10,2
2026-04-15 11:00:00,campus,516.52,22.4,50.4,0,11,2
2026-04-15 12:00:00,campus,577.51,24.8,50.8,0,12,2
2026-04-15 13:00:00,campus,626.35,24.8,59.1,0,13,2
2026-04-15 14:00:00,campus,635.94,26.4,45.6,0,14,2
2026-04-15 15:00:00,campus,684.17,25.4,51.2,0,15,2
2026-04-15 16:00:00,campus,612.87,25.4,55.3,0,16,2
2026-04-15 17:00:00,campus,554.52,21.7,47.7,0,17,2
2026-04-15 18:00:00,campus,555.39,25.1,52.4,0,18,2
2026-04-15 19:00:00,campus,543.44,23.0,42.8,0,19,2
2026-04-15 20:00:00,campus,528.68,22.5,52.5,0,20,2
2026-04-15 21:00:00,campus,457.81,15.2,52.2,0,21,2
2026-04-15 22:00:00,campus,425.64,21.1,49.1,0,22,2
2026-04-15 23:00:00,campus,355.11,16.3,44.3,0,23,2
2026-04-16 00:00:00,campus,302.99,17.0,63.7,0,0,3
2026-04-16 01:00:00,campus,307.05,12.8,61.1,0,1,3
2026-04-16 02:00:00,campus,323.13,14.7,53.6,0,2,3
2026-04-16 03:00:00,campus,301.91,12.0,64.8,0,3,3
2026-04-16 04:00:00,campus,314.32,12.8,65.1,0,4,3
2026-04-16 05:00:00,campus,325.5,17.3,54.8,0,5,3
2026-04-16 06:00:00,campus,354.47,15.0,75.0,0,6,3
2026-04-16 07:00:00,campus,371.53,16.9,65.3,0,7,3
2026-04-16 08:00:00,campus,369.54,19.3,53.4,0,8,3
2026-04-16 09:00:00,campus,395.83,20.3,56.7,0,9,3
2026-04-16 10:00:00,campus,423.16,21.4,58.4,0,10,3
2026-04-16 11:00:00,campus,526.55,23.1,46.6,0,11,3
2026-04-16 12:00:00,campus,599.0,27.4,39.4,0,12,3
2026-04-16 13:00:00,campus,607.67,24.7,55.3,0,13,3
2026-04-16 14:00:00,campus,680.22,25.7,43.9,0,14,3
2026-04-16 15:00:00,campus,658.12,27.2,44.9,0,15,3
2026-04-16 16:00:00,campus,637.38,27.0,45.1,0,16,3
2026-04-16 17:00:00,campus,610.61,26.6,41.5,0,17,3
2026-04-16 18:00:00,campus,556.6,24.8,57.9,0,18,3
2026-04-16 19:00:00,campus,513.77,20.9,58.4,0,19,3
2026-04-16 20:00:00,campus,552.67,23.6,48.9,0,20,3
2026-04-16 21:00:00,campus,456.55,17.9,60.6,0,21,3
2026-04-16 22:00:00,campus,407.85,18.5,53.7,0,22,3
2026-04-16 23:00:00,campus,368.9,15.4,49.1,0,23,3
2026-04-17 00:00:00,campus,304.12,15.3,58.1,0,0,4
2026-04-17 01:00:00,campus,313.7,15.0,44.9,0,1,4
2026-04-17 02:00:00,campus,345.98,14.3,62.4,0,2,4
2026-04-17 03:00:00,campus,317.56,14.3,65.1,0,3,4
2026-04-17 04:00:00,campus,324.16,16.3,55.6,0,4,4
2026-04-17 05:00:00,campus,325.51,15.1,54.8,0,5,4
2026-04-17 06:00:00,campus,331.26,15.0,58.7,0,6,4
2026-04-17 07:00:00,campus,336.39,18.1,50.5,0,7,4
2026-04-17 08:00:00,campus,322.21,19.9,58.5,0,8,4
2026-04-17 09:00:00,campus,398.98,17.8,58.4,0,9,4
2026-04-17 10:00:00,campus,445.02,22.1,48.5,0,10,4
2026-04-17 11:00:00,campus,514.04,23.7,53.5,0,11,4
2026-04-17 12:00:00,campus,546.98,23.5,40.6,0,12,4
2026-04-17 13:00:00,campus,625.42,26.9,48.6,0,13,4
2026-04-17 14:00:00,campus,637.08,25.2,38.2,0,14,4
2026-04-17 15:00:00,campus,638.52,25.8,45.5,0,15,4
2026-04-17 16:00:00,campus,617.08,25.2,55.5,0,16,4
2026-04-17 17:00:00,campus,603.21,24.9,49.4,0,17,4
2026-04-17 18:00:00,campus,538.16,22.3,61.8,0,18,4
2026-04-17 19:00:00,campus,530.68,20.5,46.8,0,19,4
2026-04-17 20:00:00,campus,543.6,23.6,50.6,0,20,4
2026-04-17 21:00:00,campus,459.85,18.4,54.3,0,21,4
2026-04-17 22:00:00,campus,427.5,16.6,63.4,0,22,4
2026-04-17 23:00:00,campus,357.69,13.4,58.4,0,23,4
2026-04-18 00:00:00,campus,202.64,14.5,55.5,1,0,5
2026-04-18 01:00:00,campus,208.82,12.6,71.2,1,1,5
2026-04-18 02:00:00,campus,198.53,16.4,66.7,1,2,5
2026-04-18 03:00:00,campus,207.7,15.2,49.0,1,3,5
2026-04-18 04:00:00,campus,200.38,12.9,56.4,1,4,5
2026-04-18 05:00:00,campus,200.62,17.9,60.0,1,5,5
2026-04-18 06:00:00,campus,229.45,17.0,61.9,1,6,5
2026-04-18 07:00:00,campus,192.94,16.2,59.4,1,7,5
2026-04-18 08:00:00,campus,204.01,14.4,65.8,1,8,5
2026-04-18 09:00:00,campus,246.97,23.2,55.2,1,9,5
2026-04-18 10:00:00,campus,222.0,19.2,59.0,1,10,5
2026-04-18 11:00:00,campus,241.13,20.3,51.3,1,11,5
2026-04-18 12:00:00,campus,257.7,25.5,43.1,1,12,5
2026-04-18 13:00:00,campus,291.2,28.6,42.9,1,13,5
2026-04-18 14:00:00,campus,308.5,27.6,42.2,1,14,5
2026-04-18 15:00:00,campus,297.62,26.6,45.4,1,15,5
2026-04-18 16:00:00,campus,302.96,26.4,28.9,1,16,5
2026-04-18 17:00:00,campus,302.27,26.2,42.8,1,17,5
2026-04-18 18:00:00,campus,318.98,25.1,56.4,1,18,5
2026-04-18 19:00:00,campus,311.3,23.2,46.6,1,19,5
2026-04-18 20:00:00,campus,301.16,21.4,49.7,1,20,5
2026-04-18 21:00:00,campus,304.77,19.6,55.9,1,21,5
2026-04-18 22:00:00,campus,283.33,17.0,61.1,1,22,5
2026-04-18 23:00:00,campus,226.42,16.3,55.0,1,23,5
2026-04-19 00:00:00,campus,224.11,13.0,59.1,1,0,6
2026-04-19 01:00:00,campus,218.72,14.5,56.8,1,1,6
2026-04-19 02:00:00,campus,235.91,12.5,61.9,1,2,6
2026-04-19 03:00:00,campus,203.3,12.2,58.8,1,3,6
2026-04-19 04:00:00,campus,177.78,14.3,62.3,1,4,6
2026-04-19 05:00:00,campus,213.06,16.7,65.4,1,5,6
2026-04-19 06:00:00,campus,196.65,16.9,53.4,1,6,6
2026-04-19 07:00:00,campus,183.96,14.5,55.7,1,7,6
2026-04-19 08:00:00,campus,242.4,16.8,48.2,1,8,6
2026-04-19 09:00:00,campus,230.94,21.2,61.9,1,9,6
2026-04-19 10:00:00,campus,224.6,19.9,58.4,1,10,6
2026-04-19 11:00:00,campus,244.9,22.5,57.6,1,11,6
2026-04-19 12:00:00,campus,277.34,24.9,48.9,1,12,6
2026-04-19 13:00:00,campus,255.01,23.6,51.9,1,13,6
2026-04-19 14:00:00,campus,279.63,25.8,44.3,1,14,6
2026-04-19 15:00:00,campus,257.58,23.8,50.4,1,15,6
2026-04-19 16:00:00,campus,296.37,24.7,45.3,1,16,6
2026-04-19 17:00:00,campus,329.5,25.5,46.8,1,17,6
2026-04-19 18:00:00,campus,286.94,21.7,55.7,1,18,6
2026-04-19 19:00:00,campus,319.87,23.5,59.1,1,19,6
2026-04-19 20:00:00,campus,321.83,21.3,60.7,1,20,6
2026-04-19 21:00:00,campus,278.09,20.6,58.7,1,21,6
2026-04-19 22:00:00,campus,256.95,18.6,61.7,1,22,6
2026-04-19 23:00:00,campus,236.39,18.9,59.1,1,23,6
2026-04-20 00:00:00,campus,343.64,15.8,59.8,0,0,0
2026-04-20 01:00:00,campus,306.44,14.0,58.1,0,1,0
2026-04-20 02:00:00,campus,325.08,14.3,55.2,0,2,0
2026-04-20 03:00:00,campus,328.99,14.7,55.2,0,3,0
2026-04-20 04:00:00,campus,310.37,14.2,67.9,0,4,0
2026-04-20 05:00:00,campus,343.54,14.8,59.4,0,5,0
2026-04-20 06:00:00,campus,330.48,14.6,61.5,0,6,0
2026-04-20 07:00:00,campus,315.21,15.9,66.5,0,7,0
2026-04-20 08:00:00,campus,363.48,16.2,60.4,0,8,0
2026-04-20 09:00:00,campus,401.38,22.5,52.7,0,9,0
2026-04-20 10:00:00,campus,429.05,19.6,55.5,0,10,0
2026-04-20 11:00:00,campus,492.66,21.8,52.9,0,11,0
2026-04-20 12:00:00,campus,605.91,23.1,53.9,0,12,0
2026-04-20 13:00:00,campus,623.34,26.4,56.3,0,13,0
2026-04-20 14:00:00,campus,634.09,25.2,51.8,0,14,0
2026-04-20 15:00:00,campus,668.65,27.8,55.1,0,15,0
2026-04-20 16:00:00,campus,611.1,24.7,56.3,0,16,0
2026-04-20 17:00:00,campus,565.26,25.5,48.8,0,17,0
2026-04-20 18:00:00,campus,551.18,22.9,47.9,0,18,0
2026-04-20 19:00:00,campus,576.32,26.1,55.8,0,19,0
2026-04-20 20:00:00,campus,476.78,19.7,48.9,0,20,0
2026-04-20 21:00:00,campus,474.04,20.4,60.2,0,21,0
2026-04-20 22:00:00,campus,434.93,19.3,55.7,0,22,0
2026-04-20 23:00:00,campus,391.65,17.5,59.0,0,23,0
2026-04-21 00:00:00,campus,333.38,15.4,59.5,0,0,1
2026-04-21 01:00:00,campus,332.34,14.6,56.9,0,1,1
2026-04-21 02:00:00,campus,335.69,14.2,56.9,0,2,1
2026-04-21 03:00:00,campus,336.93,13.7,61.1,0,3,1
2026-04-21 04:00:00,campus,322.7,15.6,73.3,0,4,1
2026-04-21 05:00:00,campus,339.21,18.1,58.4,0,5,1
2026-04-21 06:00:00,campus,329.71,14.9,57.2,0,6,1
2026-04-21 07:00:00,campus,341.31,14.9,60.2,0,7,1
2026-04-21 08:00:00,campus,337.79,18.3,55.4,0,8,1
2026-04-21 09:00:00,campus,409.58,23.8,46.3,0,9,1
2026-04-21 10:00:00,campus,422.61,20.3,51.2,0,10,1
2026-04-21 11:00:00,campus,555.14,25.4,44.4,0,11,1
2026-04-21 12:00:00,campus,625.84,26.7,37.3,0,12,1
2026-04-21 13:00:00,campus,628.99,24.3,51.4,0,13,1
2026-04-21 14:00:00,campus,648.87,26.6,42.6,0,14,1
2026-04-21 15:00:00,campus,679.67,28.4,49.6,0,15,1
2026-04-21 16:00:00,campus,619.59,25.2,54.6,0,16,1
2026-04-21 17:00:00,campus,559.04,24.9,47.3,0,17,1
2026-04-21 18:00:00,campus,540.12,23.3,54.8,0,18,1
2026-04-21 19:00:00,campus,502.37,21.4,64.3,0,19,1
2026-04-21 20:00:00,campus,493.75,20.5,52.6,0,20,1
2026-04-21 21:00:00,campus,436.74,18.1,54.8,0,21,1
2026-04-21 22:00:00,campus,436.81,18.5,64.1,0,22,1
2026-04-21 23:00:00,campus,366.8,15.8,55.7,0,23,1
2026-04-22 00:00:00,campus,310.25,16.2,57.9,0,0,2
2026-04-22 01:00:00,campus,331.78,12.5,65.9,0,1,2
2026-04-22 02:00:00,campus,305.08,14.7,57.1,0,2,2
2026-04-22 03:00:00,campus,321.65,15.3,51.9,0,3,2
2026-04-22 04:00:00,campus,351.9,11.3,66.2,0,4,2
2026-04-22 05:00:00,campus,312.81,15.4,58.0,0,5,2
2026-04-22 06:00:00,campus,340.9,17.6,61.9,0,6,2
2026-04-22 07:00:00,campus,345.58,15.2,53.5,0,7,2
2026-04-22 08:00:00,campus,400.87,21.0,49.3,0,8,2
2026-04-22 09:00:00,campus,415.45,20.7,56.8,0,9,2
2026-04-22 10:00:00,campus,426.38,20.5,56.4,0,10,2
2026-04-22 11:00:00,campus,508.5,23.0,48.0,0,11,2
2026-04-22 12:00:00,campus,604.54,25.1,48.6,0,12,2
2026-04-22 13:00:00,campus,607.94,25.4,55.0,0,13,2
2026-04-22 14:00:00,campus,666.32,26.6,45.7,0,14,2
2026-04-22 15:00:00,campus,599.6,24.7,52.5,0,15,2
2026-04-22 16:00:00,campus,585.12,26.1,44.9,0,16,2
2026-04-22 17:00:00,campus,553.46,23.1,52.1,0,17,2
2026-04-22 18:00:00,campus,530.92,24.1,47.7,0,18,2
2026-04-22 19:00:00,campus,505.37,21.7,50.4,0,19,2
2026-04-22 20:00:00,campus,514.58,20.5,54.0,0,20,2
2026-04-22 21:00:00,campus,489.78,21.9,56.2,0,21,2
2026-04-22 22:00:00,campus,417.94,20.1,57.7,0,22,2
2026-04-22 23:00:00,campus,369.16,18.0,46.9,0,23,2
2026-04-23 00:00:00,campus,315.89,14.2,59.7,0,0,3
2026-04-23 01:00:00,campus,324.53,14.5,65.4,0,1,3
2026-04-23 02:00:00,campus,301.25,16.1,66.1,0,2,3
2026-04-23 03:00:00,campus,328.22,14.3,53.1,0,3,3
2026-04-23 04:00:00,campus,325.79,17.8,50.2,0,4,3
2026-04-23 05:00:00,campus,378.87,15.5,63.4,0,5,3
2026-04-23 06:00:00,campus,325.38,16.2,66.4,0,6,3
2026-04-23 07:00:00,campus,348.76,16.7,46.5,0,7,3
2026-04-23 08:00:00,campus,380.33,18.8,55.0,0,8,3
2026-04-23 09:00:00,campus,372.92,19.9,50.9,0,9,3
2026-04-23 10:00:00,campus,430.45,22.7,54.0,0,10,3
2026-04-23 11:00:00,campus,545.56,24.6,55.1,0,11,3
2026-04-23 12:00:00,campus,580.89,23.2,51.2,0,12,3
2026-04-23 13:00:00,campus,615.81,23.3,56.8,0,13,3
2026-04-23 14:00:00,campus,619.5,23.2,44.2,0,14,3
2026-04-23 15:00:00,campus,650.92,26.9,48.3,0,15,3
2026-04-23 16:00:00,campus,595.53,24.3,60.6,0,16,3
2026-04-23 17:00:00,campus,568.85,22.1,56.4,0,17,3
2026-04-23 18:00:00,campus,547.32,24.9,52.8,0,18,3
2026-04-23 19:00:00,campus,566.34,26.9,41.4,0,19,3
2026-04-23 20:00:00,campus,498.82,21.7,58.6,0,20,3
2026-04-23 21:00:00,campus,451.79,21.4,57.3,0,21,3
2026-04-23 22:00:00,campus,414.11,18.7,58.2,0,22,3
2026-04-23 23:00:00,campus,387.52,17.0,53.6,0,23,3
2026-04-24 00:00:00,campus,321.29,17.3,49.7,0,0,4
2026-04-24 01:00:00,campus,312.18,14.6,57.8,0,1,4
2026-04-24 02:00:00,campus,319.0,14.8,70.7,0,2,4
2026-04-24 03:00:00,campus,308.36,14.7,62.5,0,3,4
2026-04-24 04:00:00,campus,325.95,13.4,65.8,0,4,4
2026-04-24 05:00:00,campus,322.68,16.5,65.9,0,5,4
2026-04-24 06:00:00,campus,352.58,15.7,64.7,0,6,4
2026-04-24 07:00:00,campus,347.56,16.1,53.1,0,7,4
2026-04-24 08:00:00,campus,362.8,19.5,51.4,0,8,4
2026-04-24 09:00:00,campus,382.56,18.9,56.6,0,9,4
2026-04-24 10:00:00,campus,440.53,21.8,56.4,0,10,4
2026-04-24 11:00:00,campus,522.0,23.2,54.5,0,11,4
2026-04-24 12:00:00,campus,590.56,26.1,52.8,0,12,4
2026-04-24 13:00:00,campus,624.15,26.1,42.9,0,13,4
2026-04-24 14:00:00,campus,645.89,26.0,54.5,0,14,4
2026-04-24 15:00:00,campus,659.69,27.4,45.1,0,15,4
2026-04-24 16:00:00,campus,665.97,28.1,50.2,0,16,4
2026-04-24 17:00:00,campus,598.61,26.2,46.6,0,17,4
2026-04-24 18:00:00,campus,527.85,24.5,44.8,0,18,4
2026-04-24 19:00:00,campus,534.2,21.2,39.5,0,19,4
2026-04-24 20:00:00,campus,473.52,20.2,55.2,0,20,4
2026-04-24 21:00:00,campus,490.84,19.7,49.8,0,21,4
2026-04-24 22:00:00,campus,408.01,17.7,67.7,0,22,4
2026-04-24 23:00:00,campus,390.83,16.9,52.1,0,23,4
2026-04-25 00:00:00,campus,204.98,16.1,58.8,1,0,5
2026-04-25 01:00:00,campus,204.14,15.9,61.8,1,1,5
2026-04-25 02:00:00,campus,222.43,14.4,65.7,1,2,5
2026-04-25 03:00:00,campus,210.23,15.0,53.1,1,3,5
2026-04-25 04:00:00,campus,192.6,14.6,55.6,1,4,5
2026-04-25 05:00:00,campus,218.98,12.1,61.3,1,5,5
2026-04-25 06:00:00,campus,212.8,14.6,60.0,1,6,5
2026-04-25 07:00:00,campus,203.06,17.1,56.8,1,7,5
2026-04-25 08:00:00,campus,221.18,16.9,59.5,1,8,5
2026-04-25 09:00:00,campus,234.17,21.2,44.0,1,9,5
2026-04-25 10:00:00,campus,272.31,24.1,54.7,1,10,5
2026-04-25 11:00:00,campus,297.55,25.1,50.9,1,11,5
2026-04-25 12:00:00,campus,263.57,24.2,46.0,1,12,5
2026-04-25 13:00:00,campus,314.57,27.7,43.7,1,13,5
2026-04-25 14:00:00,campus,300.85,26.3,54.1,1,14,5
2026-04-25 15:00:00,campus,307.69,25.8,45.6,1,15,5
2026-04-25 16:00:00,campus,269.75,25.2,49.9,1,16,5
2026-04-25 17:00:00,campus,282.14,25.0,44.5,1,17,5
2026-04-25 18:00:00,campus,315.35,23.9,47.7,1,18,5
2026-04-25 19:00:00,campus,332.81,23.5,50.1,1,19,5
2026-04-25 20:00:00,campus,318.38,22.1,65.7,1,20,5
2026-04-25 21:00:00,campus,298.79,20.3,51.8,1,21,5
2026-04-25 22:00:00,campus,273.34,19.4,56.6,1,22,5
2026-04-25 23:00:00,campus,238.77,19.1,53.2,1,23,5
2026-04-26 00:00:00,campus,200.81,17.5,48.6,1,0,6
2026-04-26 01:00:00,campus,213.4,12.9,63.3,1,1,6
2026-04-26 02:00:00,campus,207.55,10.7,70.3,1,2,6
2026-04-26 03:00:00,campus,201.6,15.8,65.4,1,3,6
2026-04-26 04:00:00,campus,182.45,12.5,57.7,1,4,6
2026-04-26 05:00:00,campus,207.19,14.8,56.6,1,5,6
2026-04-26 06:00:00,campus,196.4,14.4,63.4,1,6,6
2026-04-26 07:00:00,campus,212.01,14.7,71.5,1,7,6
2026-04-26 08:00:00,campus,214.6,19.6,59.9,1,8,6
2026-04-26 09:00:00,campus,226.56,21.5,54.1,1,9,6
2026-04-26 10:00:00,campus,247.88,21.0,49.1,1,10,6
2026-04-26 11:00:00,campus,247.93,19.5,54.7,1,11,6
2026-04-26 12:00:00,campus,274.47,23.8,59.6,1,12,6
2026-04-26 13:00:00,campus,302.15,26.1,42.8,1,13,6
2026-04-26 14:00:00,campus,255.6,23.9,52.1,1,14,6
2026-04-26 15:00:00,campus,290.86,26.6,39.7,1,15,6
2026-04-26 16:00:00,campus,313.75,26.1,47.6,1,16,6
2026-04-26 17:00:00,campus,295.98,26.4,48.1,1,17,6
2026-04-26 18:00:00,campus,321.6,24.8,46.5,1,18,6
2026-04-26 19:00:00,campus,285.33,21.9,47.7,1,19,6
2026-04-26 20:00:00,campus,330.88,23.7,45.4,1,20,6
2026-04-26 21:00:00,campus,303.38,20.1,56.3,1,21,6
2026-04-26 22:00:00,campus,278.67,18.8,56.3,1,22,6
2026-04-26 23:00:00,campus,279.53,16.0,57.7,1,23,6
2026-04-27 00:00:00,campus,308.71,15.5,59.8,0,0,0
2026-04-27 01:00:00,campus,307.9,13.9,61.1,0,1,0
2026-04-27 02:00:00,campus,313.03,14.4,67.3,0,2,0
2026-04-27 03:00:00,campus,295.98,17.0,65.0,0,3,0
2026-04-27 04:00:00,campus,272.46,12.6,65.4,0,4,0
2026-04-27 05:00:00,campus,303.19,12.8,63.5,0,5,0
2026-04-27 06:00:00,campus,336.36,18.4,60.1,0,6,0
2026-04-27 07:00:00,campus,323.21,17.1,62.8,0,7,0
2026-04-27 08:00:00,campus,356.83,17.9,58.0,0,8,0
2026-04-27 09:00:00,campus,431.28,22.0,55.6,0,9,0
2026-04-27 10:00:00,campus,469.21,21.1,54.1,0,10,0
2026-04-27 11:00:00,campus,522.38,26.2,47.4,0,11,0
2026-04-27 12:00:00,campus,585.28,25.7,45.9,0,12,0
2026-04-27 13:00:00,campus,617.08,24.9,45.6,0,13,0
2026-04-27 14:00:00,campus,670.39,29.5,45.3,0,14,0
2026-04-27 15:00:00,campus,625.77,25.5,52.1,0,15,0
2026-04-27 16:00:00,campus,618.55,27.3,47.4,0,16,0
2026-04-27 17:00:00,campus,566.46,26.1,48.9,0,17,0
2026-04-27 18:00:00,campus,551.24,26.6,51.9,0,18,0
2026-04-27 19:00:00,campus,554.26,25.8,52.6,0,19,0
2026-04-27 20:00:00,campus,501.4,22.0,63.5,0,20,0
2026-04-27 21:00:00,campus,441.13,19.3,51.4,0,21,0
2026-04-27 22:00:00,campus,382.24,19.6,52.6,0,22,0
2026-04-27 23:00:00,campus,377.34,16.4,61.5,0,23,0
2026-04-28 00:00:00,campus,333.72,19.3,50.9,0,0,1
2026-04-28 01:00:00,campus,315.93,15.5,70.5,0,1,1
2026-04-28 02:00:00,campus,317.49,14.2,68.7,0,2,1
2026-04-28 03:00:00,campus,318.08,14.8,61.0,0,3,1
2026-04-28 04:00:00,campus,371.74,12.7,67.1,0,4,1
2026-04-28 05:00:00,campus,306.67,13.9,52.9,0,5,1
2026-04-28 06:00:00,campus,329.72,18.1,64.4,0,6,1
2026-04-28 07:00:00,campus,343.53,16.5,61.2,0,7,1
2026-04-28 08:00:00,campus,350.11,17.4,66.7,0,8,1
2026-04-28 09:00:00,campus,392.54,21.3,50.2,0,9,1
2026-04-28 10:00:00,campus,475.66,23.8,45.1,0,10,1
2026-04-28 11:00:00,campus,528.41,24.6,52.4,0,11,1
2026-04-28 12:00:00,campus,588.27,26.2,45.6,0,12,1
2026-04-28 13:00:00,campus,622.8,24.6,43.2,0,13,1
2026-04-28 14:00:00,campus,620.59,24.2,55.6,0,14,1
2026-04-28 15:00:00,campus,646.21,28.8,33.4,0,15,1
2026-04-28 16:00:00,campus,596.09,25.8,52.8,0,16,1
2026-04-28 17:00:00,campus,549.58,25.3,51.7,0,17,1
2026-04-28 18:00:00,campus,575.7,26.7,58.0,0,18,1
2026-04-28 19:00:00,campus,571.37,24.3,51.4,0,19,1
2026-04-28 20:00:00,campus,544.51,22.7,53.6,0,20,1
2026-04-28 21:00:00,campus,460.83,23.8,42.9,0,21,1
2026-04-28 22:00:00,campus,402.09,18.0,58.1,0,22,1
2026-04-28 23:00:00,campus,370.49,18.9,53.4,0,23,1
2026-04-29 00:00:00,campus,310.39,16.4,58.0,0,0,2
2026-04-29 01:00:00,campus,305.56,15.8,59.8,0,1,2
2026-04-29 02:00:00,campus,333.05,17.1,62.3,0,2,2
2026-04-29 03:00:00,campus,328.6,15.4,60.0,0,3,2
2026-04-29 04:00:00,campus,308.7,15.6,57.8,0,4,2
2026-04-29 05:00:00,campus,344.76,17.0,49.3,0,5,2
2026-04-29 06:00:00,campus,328.99,15.8,68.4,0,6,2
2026-04-29 07:00:00,campus,331.97,16.3,63.5,0,7,2
2026-04-29 08:00:00,campus,355.49,17.5,56.8,0,8,2
2026-04-29 09:00:00,campus,401.64,17.6,60.2,0,9,2
2026-04-29 10:00:00,campus,479.36,25.2,52.3,0,10,2
2026-04-29 11:00:00,campus,491.68,21.9,56.8,0,11,2
2026-04-29 12:00:00,campus,581.49,24.5,48.7,0,12,2
2026-04-29 13:00:00,campus,628.95,25.4,49.8,0,13,2
2026-04-29 14:00:00,campus,629.71,26.8,48.5,0,14,2
2026-04-29 15:00:00,campus,660.13,27.8,46.1,0,15,2
2026-04-29 16:00:00,campus,638.91,27.7,52.2,0,16,2
2026-04-29 17:00:00,campus,583.46,24.9,47.0,0,17,2
2026-04-29 18:00:00,campus,588.93,24.6,54.3,0,18,2
2026-04-29 19:00:00,campus,522.52,24.0,49.6,0,19,2
2026-04-29 20:00:00,campus,515.72,21.8,54.1,0,20,2
2026-04-29 21:00:00,campus,490.79,23.0,45.6,0,21,2
2026-04-29 22:00:00,campus,421.44,19.8,57.2,0,22,2
2026-04-29 23:00:00,campus,359.72,18.7,58.6,0,23,2
2026-04-30 00:00:00,campus,323.75,17.4,45.9,0,0,3
2026-04-30 01:00:00,campus,313.07,17.2,53.0,0,1,3
2026-04-30 02:00:00,campus,332.24,15.1,62.0,0,2,3
2026-04-30 03:00:00,campus,335.23,12.7,66.0,0,3,3
2026-04-30 04:00:00,campus,322.93,15.5,53.1,0,4,3
2026-04-30 05:00:00,campus,310.69,14.5,65.2,0,5,3
2026-04-30 06:00:00,campus,333.94,15.6,59.7,0,6,3
2026-04-30 07:00:00,campus,350.57,18.5,60.9,0,7,3
2026-04-30 08:00:00,campus,371.77,21.0,54.6,0,8,3
2026-04-30 09:00:00,campus,396.47,20.7,55.1,0,9,3
2026-04-30 10:00:00,campus,455.62,22.7,57.6,0,10,3
2026-04-30 11:00:00,campus,540.18,26.2,51.1,0,11,3
2026-04-30 12:00:00,campus,618.03,25.3,40.1,0,12,3
2026-04-30 13:00:00,campus,704.96,29.8,36.6,0,13,3
2026-04-30 14:00:00,campus,655.88,27.3,47.7,0,14,3
2026-04-30 15:00:00,campus,611.43,24.0,47.1,0,15,3
2026-04-30 16:00:00,campus,633.46,27.6,50.6,0,16,3
2026-04-30 17:00:00,campus,586.22,26.4,38.2,0,17,3
2026-04-30 18:00:00,campus,590.48,26.8,42.3,0,18,3
2026-04-30 19:00:00,campus,544.36,24.7,40.2,0,19,3
2026-04-30 20:00:00,campus,498.34,22.0,56.3,0,20,3
2026-04-30 21:00:00,campus,465.17,18.8,55.6,0,21,3
2026-04-30 22:00:00,campus,412.55,18.8,59.0,0,22,3
2026-04-30 23:00:00,campus,351.39,16.4,57.0,0,23,3
2026-05-01 00:00:00,campus,322.83,15.6,56.0,0,0,4
2026-05-01 01:00:00,campus,350.64,16.4,61.7,0,1,4
2026-05-01 02:00:00,campus,293.76,17.5,60.3,0,2,4
2026-05-01 03:00:00,campus,332.02,15.3,55.0,0,3,4
2026-05-01 04:00:00,campus,336.19,13.2,63.3,0,4,4
2026-05-01 05:00:00,campus,298.79,16.2,52.9,0,5,4
2026-05-01 06:00:00,campus,334.87,18.3,51.5,0,6,4
2026-05-01 07:00:00,campus,344.95,16.8,61.8,0,7,4
2026-05-01 08:00:00,campus,339.76,19.0,53.4,0,8,4
2026-05-01 09:00:00,campus,366.69,20.8,53.7,0,9,4
2026-05-01 10:00:00,campus,443.28,21.1,50.8,0,10,4
2026-05-01 11:00:00,campus,487.83,24.7,56.5,0,11,4
2026-05-01 12:00:00,campus,577.43,24.8,49.1,0,12,4
2026-05-01 13:00:00,campus,658.26,26.6,57.5,0,13,4
2026-05-01 14:00:00,campus,649.81,25.2,43.8,0,14,4
2026-05-01 15:00:00,campus,630.35,26.1,53.7,0,15,4
2026-05-01 16:00:00,campus,627.46,27.6,43.1,0,16,4
2026-05-01 17:00:00,campus,589.55,25.4,45.4,0,17,4
2026-05-01 18:00:00,campus,559.33,27.6,51.2,0,18,4
2026-05-01 19:00:00,campus,524.05,23.1,63.4,0,19,4
2026-05-01 20:00:00,campus,493.31,22.6,50.4,0,20,4
2026-05-01 21:00:00,campus,484.64,22.1,55.8,0,21,4
2026-05-01 22:00:00,campus,412.96,17.1,61.4,0,22,4
2026-05-01 23:00:00,campus,384.08,15.1,65.7,0,23,4
2026-05-02 00:00:00,campus,194.1,14.3,68.3,1,0,5
2026-05-02 01:00:00,campus,223.55,17.5,55.4,1,1,5
2026-05-02 02:00:00,campus,200.7,14.2,56.9,1,2,5
2026-05-02 03:00:00,campus,226.69,18.7,53.0,1,3,5
2026-05-02 04:00:00,campus,223.96,14.2,59.7,1,4,5
2026-05-02 05:00:00,campus,205.93,15.9,57.4,1,5,5
2026-05-02 06:00:00,campus,218.81,18.9,63.2,1,6,5
2026-05-02 07:00:00,campus,207.63,20.8,55.6,1,7,5
2026-05-02 08:00:00,campus,238.28,22.4,60.6,1,8,5
2026-05-02 09:00:00,campus,222.43,22.6,55.1,1,9,5
2026-05-02 10:00:00,campus,243.29,23.9,50.3,1,10,5
2026-05-02 11:00:00,campus,273.65,24.7,45.7,1,11,5
2026-05-02 12:00:00,campus,287.07,26.2,53.5,1,12,5
2026-05-02 13:00:00,campus,280.63,25.2,44.4,1,13,5
2026-05-02 14:00:00,campus,297.52,25.4,48.6,1,14,5
2026-05-02 15:00:00,campus,304.15,26.8,50.8,1,15,5
2026-05-02 16:00:00,campus,298.02,26.4,53.1,1,16,5
2026-05-02 17:00:00,campus,290.74,25.3,46.7,1,17,5
2026-05-02 18:00:00,campus,336.96,26.1,48.7,1,18,5
2026-05-02 19:00:00,campus,334.63,25.3,45.3,1,19,5
2026-05-02 20:00:00,campus,338.81,22.5,54.6,1,20,5
2026-05-02 21:00:00,campus,334.55,23.0,53.8,1,21,5
2026-05-02 22:00:00,campus,272.96,17.6,64.0,1,22,5
2026-05-02 23:00:00,campus,228.0,17.5,56.5,1,23,5
2026-05-03 00:00:00,campus,174.18,15.6,62.4,1,0,6
2026-05-03 01:00:00,campus,226.93,12.9,72.5,1,1,6
2026-05-03 02:00:00,campus,204.14,15.0,63.8,1,2,6
2026-05-03 03:00:00,campus,194.42,14.7,61.9,1,3,6
2026-05-03 04:00:00,campus,198.31,17.4,57.1,1,4,6
2026-05-03 05:00:00,campus,214.9,16.7,71.5,1,5,6
2026-05-03 06:00:00,campus,210.17,15.1,59.9,1,6,6
2026-05-03 07:00:00,campus,233.84,20.7,46.3,1,7,6
2026-05-03 08:00:00,campus,215.14,21.2,49.7,1,8,6
2026-05-03 09:00:00,campus,251.84,21.8,54.9,1,9,6
2026-05-03 10:00:00,campus,220.53,22.1,61.2,1,10,6
2026-05-03 11:00:00,campus,270.69,22.5,50.6,1,11,6
2026-05-03 12:00:00,campus,278.73,24.6,48.6,1,12,6
2026-05-03 13:00:00,campus,338.58,27.7,45.2,1,13,6
2026-05-03 14:00:00,campus,326.67,29.5,51.5,1,14,6
2026-05-03 15:00:00,campus,323.37,29.2,41.6,1,15,6
2026-05-03 16:00:00,campus,312.16,26.0,48.9,1,16,6
2026-05-03 17:00:00,campus,276.93,24.4,47.0,1,17,6
2026-05-03 18:00:00,campus,298.58,25.4,47.1,1,18,6
2026-05-03 19:00:00,campus,308.69,21.2,52.6,1,19,6
2026-05-03 20:00:00,campus,306.27,22.9,45.7,1,20,6
2026-05-03 21:00:00,campus,289.05,20.7,55.0,1,21,6
2026-05-03 22:00:00,campus,274.45,18.6,53.6,1,22,6
2026-05-03 23:00:00,campus,235.08,15.5,65.7,1,23,6
2026-05-04 00:00:00,campus,337.16,17.5,58.9,0,0,0
2026-05-04 01:00:00,campus,293.22,15.0,75.5,0,1,0
2026-05-04 02:00:00,campus,323.8,13.4,57.3,0,2,0
2026-05-04 03:00:00,campus,313.69,10.7,60.0,0,3,0
2026-05-04 04:00:00,campus,332.79,15.1,55.0,0,4,0
2026-05-04 05:00:00,campus,333.71,18.4,56.5,0,5,0
2026-05-04 06:00:00,campus,362.59,19.2,49.0,0,6,0
2026-05-04 07:00:00,campus,352.95,17.3,59.4,0,7,0
2026-05-04 08:00:00,campus,343.16,18.5,53.4,0,8,0
2026-05-04 09:00:00,campus,414.01,21.7,59.3,0,9,0
2026-05-04 10:00:00,campus,434.1,21.0,59.8,0,10,0
2026-05-04 11:00:00,campus,533.16,24.4,48.7,0,11,0
2026-05-04 12:00:00,campus,604.61,26.4,39.3,0,12,0
2026-05-04 13:00:00,campus,659.14,28.0,40.2,0,13,0
2026-05-04 14:00:00,campus,670.63,26.6,48.7,0,14,0
2026-05-04 15:00:00,campus,650.98,26.7,35.8,0,15,0
2026-05-04 16:00:00,campus,615.81,25.5,49.4,0,16,0
2026-05-04 17:00:00,campus,575.33,24.9,49.9,0,17,0
2026-05-04 18:00:00,campus,558.51,24.9,53.6,0,18,0
2026-05-04 19:00:00,campus,531.25,24.5,50.7,0,19,0
2026-05-04 20:00:00,campus,550.77,23.9,47.4,0,20,0
2026-05-04 21:00:00,campus,464.05,19.8,58.1,0,21,0
2026-05-04 22:00:00,campus,446.08,21.7,56.3,0,22,0
2026-05-04 23:00:00,campus,355.4,17.6,65.0,0,23,0
2026-05-05 00:00:00,campus,318.33,16.8,56.6,0,0,1
2026-05-05 01:00:00,campus,325.6,14.7,57.0,0,1,1
2026-05-05 02:00:00,campus,329.76,11.6,65.8,0,2,1
2026-05-05 03:00:00,campus,334.76,16.4,63.4,0,3,1
2026-05-05 04:00:00,campus,325.25,16.4,60.9,0,4,1
2026-05-05 05:00:00,campus,324.88,15.4,50.0,0,5,1
2026-05-05 06:00:00,campus,334.2,16.9,57.6,0,6,1
2026-05-05 07:00:00,campus,337.38,18.8,55.7,0,7,1
2026-05-05 08:00:00,campus,334.35,17.2,55.2,0,8,1
2026-05-05 09:00:00,campus,373.77,20.3,46.9,0,9,1
2026-05-05 10:00:00,campus,451.84,23.8,58.0,0,10,1
2026-05-05 11:00:00,campus,475.77,22.2,62.9,0,11,1
2026-05-05 12:00:00,campus,589.76,25.7,46.8,0,12,1
2026-05-05 13:00:00,campus,634.3,24.2,44.7,0,13,1
2026-05-05 14:00:00,campus,676.84,27.6,44.0,0,14,1
2026-05-05 15:00:00,campus,671.21,27.0,42.6,0,15,1
2026-05-05 16:00:00,campus,599.6,24.4,57.0,0,16,1
2026-05-05 17:00:00,campus,624.05,28.0,52.3,0,17,1
2026-05-05 18:00:00,campus,551.06,24.2,47.7,0,18,1
2026-05-05 19:00:00,campus,555.8,22.8,52.6,0,19,1
2026-05-05 20:00:00,campus,505.07,22.9,54.8,0,20,1
2026-05-05 21:00:00,campus,491.59,22.8,54.2,0,21,1
2026-05-05 22:00:00,campus,430.27,18.0,56.5,0,22,1
2026-05-05 23:00:00,campus,353.76,18.1,51.3,0,23,1
2026-05-06 00:00:00,campus,301.95,17.5,59.1,0,0,2
2026-05-06 01:00:00,campus,324.51,17.0,61.8,0,1,2
2026-05-06 02:00:00,campus,330.28,15.6,56.7,0,2,2
2026-05-06 03:00:00,campus,314.87,14.6,71.6,0,3,2
2026-05-06 04:00:00,campus,322.03,14.1,60.7,0,4,2
2026-05-06 05:00:00,campus,340.99,16.1,58.2,0,5,2
2026-05-06 06:00:00,campus,346.84,15.3,66.6,0,6,2
2026-05-06 07:00:00,campus,352.47,13.8,60.0,0,7,2
2026-05-06 08:00:00,campus,363.9,20.2,44.7,0,8,2
2026-05-06 09:00:00,campus,403.75,22.5,44.7,0,9,2
2026-05-06 10:00:00,campus,442.42,19.1,59.9,0,10,2
2026-05-06 11:00:00,campus,511.24,22.6,52.7,0,11,2
2026-05-06 12:00:00,campus,601.95,26.3,47.8,0,12,2
2026-05-06 13:00:00,campus,695.63,29.4,48.0,0,13,2
2026-05-06 14:00:00,campus,665.53,27.0,43.4,0,14,2
2026-05-06 15:00:00,campus,659.66,26.0,55.9,0,15,2
2026-05-06 16:00:00,campus,627.9,26.7,40.7,0,16,2
2026-05-06 17:00:00,campus,620.27,28.4,42.4,0,17,2
2026-05-06 18:00:00,campus,564.62,24.4,49.6,0,18,2
2026-05-06 19:00:00,campus,555.01,22.9,43.7,0,19,2
2026-05-06 20:00:00,campus,497.29,22.0,56.2,0,20,2
2026-05-06 21:00:00,campus,446.78,19.7,53.7,0,21,2
2026-05-06 22:00:00,campus,407.76,19.8,55.8,0,22,2
2026-05-06 23:00:00,campus,362.25,20.6,46.5,0,23,2
2026-05-07 00:00:00,campus,295.03,17.5,48.0,0,0,3
2026-05-07 01:00:00,campus,341.26,15.6,57.6,0,1,3
2026-05-07 02:00:00,campus,296.05,15.0,51.9,0,2,3
2026-05-07 03:00:00,campus,341.22,12.9,62.1,0,3,3
2026-05-07 04:00:00,campus,325.25,16.7,54.7,0,4,3
2026-05-07 05:00:00,campus,370.36,15.9,65.4,0,5,3
2026-05-07 06:00:00,campus,301.48,16.7,57.5,0,6,3
2026-05-07 07:00:00,campus,357.25,23.0,51.8,0,7,3
2026-05-07 08:00:00,campus,366.39,20.1,51.6,0,8,3
2026-05-07 09:00:00,campus,370.42,20.1,47.9,0,9,3
2026-05-07 10:00:00,campus,472.18,22.1,54.6,0,10,3
2026-05-07 11:00:00,campus,534.51,25.9,51.3,0,11,3
2026-05-07 12:00:00,campus,589.23,25.6,47.0,0,12,3
2026-05-07 13:00:00,campus,602.95,24.2,45.2,0,13,3
2026-05-07 14:00:00,campus,658.71,28.4,55.1,0,14,3
2026-05-07 15:00:00,campus,647.66,26.2,51.1,0,15,3
2026-05-07 16:00:00,campus,649.4,29.8,44.3,0,16,3
2026-05-07 17:00:00,campus,607.26,28.0,41.1,0,17,3
2026-05-07 18:00:00,campus,551.67,24.8,45.4,0,18,3
2026-05-07 19:00:00,campus,582.51,26.1,49.7,0,19,3
2026-05-07 20:00:00,campus,503.7,22.9,47.4,0,20,3
2026-05-07 21:00:00,campus,465.89,22.5,42.2,0,21,3
2026-05-07 22:00:00,campus,387.18,20.4,58.6,0,22,3
2026-05-07 23:00:00,campus,368.21,16.9,57.3,0,23,3
2026-05-08 00:00:00,campus,303.23,16.1,62.9,0,0,4
2026-05-08 01:00:00,campus,323.35,17.6,51.0,0,1,4
2026-05-08 02:00:00,campus,314.6,15.0,61.9,0,2,4
2026-05-08 03:00:00,campus,273.22,14.7,65.3,0,3,4
2026-05-08 04:00:00,campus,306.25,14.1,73.3,0,4,4
2026-05-08 05:00:00,campus,325.08,16.7,61.8,0,5,4
2026-05-08 06:00:00,campus,325.82,20.1,56.6,0,6,4
2026-05-08 07:00:00,campus,327.14,16.7,61.5,0,7,4
2026-05-08 08:00:00,campus,343.82,19.8,52.5,0,8,4
2026-05-08 09:00:00,campus,389.29,23.4,43.1,0,9,4
2026-05-08 10:00:00,campus,466.41,22.7,50.3,0,10,4
2026-05-08 11:00:00,campus,525.74,25.0,47.5,0,11,4
2026-05-08 12:00:00,campus,583.26,23.9,42.6,0,12,4
2026-05-08 13:00:00,campus,648.22,27.1,47.6,0,13,4
2026-05-08 14:00:00,campus,653.69,26.8,54.2,0,14,4
2026-05-08 15:00:00,campus,648.99,28.8,41.1,0,15,4
2026-05-08 16:00:00,campus,646.76,28.9,44.1,0,16,4
2026-05-08 17:00:00,campus,640.33,30.4,39.3,0,17,4
2026-05-08 18:00:00,campus,572.54,26.4,51.5,0,18,4
2026-05-08 19:00:00,campus,528.28,24.8,48.3,0,19,4
2026-05-08 20:00:00,campus,541.76,23.1,49.1,0,20,4
2026-05-08 21:00:00,campus,445.12,20.8,58.9,0,21,4
2026-05-08 22:00:00,campus,412.62,20.2,55.3,0,22,4
2026-05-08 23:00:00,campus,375.66,17.8,52.5,0,23,4
2026-05-09 00:00:00,campus,197.74,17.4,62.1,1,0,5
2026-05-09 01:00:00,campus,191.32,18.1,63.2,1,1,5
2026-05-09 02:00:00,campus,205.8,14.1,56.3,1,2,5
2026-05-09 03:00:00,campus,225.89,17.1,57.1,1,3,5
2026-05-09 04:00:00,campus,213.93,17.5,51.5,1,4,5
2026-05-09 05:00:00,campus,195.6,16.0,58.5,1,5,5
2026-05-09 06:00:00,campus,186.1,13.9,58.6,1,6,5
2026-05-09 07:00:00,campus,234.93,17.5,54.8,1,7,5
2026-05-09 08:00:00,campus,209.27,21.8,57.2,1,8,5
2026-05-09 09:00:00,campus,247.37,21.3,54.0,1,9,5
2026-05-09 10:00:00,campus,241.73,21.4,49.9,1,10,5
2026-05-09 11:00:00,campus,239.84,23.6,50.1,1,11,5
2026-05-09 12:00:00,campus,289.96,26.9,48.7,1,12,5
2026-05-09 13:00:00,campus,271.27,27.4,63.8,1,13,5
2026-05-09 14:00:00,campus,301.96,26.8,48.3,1,14,5
2026-05-09 15:00:00,campus,277.01,26.8,48.1,1,15,5
2026-05-09 16:00:00,campus,319.91,26.6,46.8,1,16,5
2026-05-09 17:00:00,campus,296.34,25.2,48.5,1,17,5
2026-05-09 18:00:00,campus,341.73,28.0,39.8,1,18,5
2026-05-09 19:00:00,campus,328.06,23.9,50.1,1,19,5
2026-05-09 20:00:00,campus,308.48,24.7,45.9,1,20,5
2026-05-09 21:00:00,campus,306.5,23.6,53.2,1,21,5
2026-05-09 22:00:00,campus,246.52,21.3,59.2,1,22,5
2026-05-09 23:00:00,campus,223.85,17.7,61.1,1,23,5
2026-05-10 00:00:00,campus,194.57,17.8,60.5,1,0,6
2026-05-10 01:00:00,campus,194.11,16.2,65.2,1,1,6
2026-05-10 02:00:00,campus,184.16,14.3,69.3,1,2,6
2026-05-10 03:00:00,campus,190.4,15.9,61.3,1,3,6
2026-05-10 04:00:00,campus,192.82,13.9,53.9,1,4,6
2026-05-10 05:00:00,campus,220.43,18.0,57.3,1,5,6
2026-05-10 06:00:00,campus,232.25,16.5,57.2,1,6,6
2026-05-10 07:00:00,campus,204.98,18.7,56.9,1,7,6
2026-05-10 08:00:00,campus,230.06,20.3,52.9,1,8,6
2026-05-10 09:00:00,campus,235.34,21.1,43.5,1,9,6
2026-05-10 10:00:00,campus,234.61,23.9,44.2,1,10,6
2026-05-10 11:00:00,campus,277.29,23.7,52.0,1,11,6
2026-05-10 12:00:00,campus,302.05,27.0,53.5,1,12,6
2026-05-10 13:00:00,campus,287.98,24.6,45.8,1,13,6
2026-05-10 14:00:00,campus,325.6,27.4,48.2,1,14,6
2026-05-10 15:00:00,campus,325.96,30.4,48.6,1,15,6
2026-05-10 16:00:00,campus,310.82,25.7,46.5,1,16,6
2026-05-10 17:00:00,campus,341.84,25.6,49.2,1,17,6
2026-05-10 18:00:00,campus,324.39,26.5,54.1,1,18,6
2026-05-10 19:00:00,campus,335.64,24.7,35.8,1,19,6
2026-05-10 20:00:00,campus,335.94,23.5,51.1,1,20,6
2026-05-10 21:00:00,campus,315.36,22.2,55.4,1,21,6
2026-05-10 22:00:00,campus,285.12,20.8,64.1,1,22,6
2026-05-10 23:00:00,campus,237.3,20.1,55.5,1,23,6
2026-05-11 00:00:00,campus,297.16,17.9,54.9,0,0,0
2026-05-11 01:00:00,campus,339.88,16.0,58.3,0,1,0
2026-05-11 02:00:00,campus,320.07,16.7,58.1,0,2,0
2026-05-11 03:00:00,campus,307.98,18.4,61.6,0,3,0
2026-05-11 04:00:00,campus,317.36,15.5,58.0,0,4,0
2026-05-11 05:00:00,campus,329.28,14.9,56.3,0,5,0
2026-05-11 06:00:00,campus,342.93,18.9,59.2,0,6,0
2026-05-11 07:00:00,campus,345.06,18.3,55.6,0,7,0
2026-05-11 08:00:00,campus,378.86,16.7,64.9,0,8,0
2026-05-11 09:00:00,campus,403.27,22.8,61.6,0,9,0
2026-05-11 10:00:00,campus,429.3,22.3,47.2,0,10,0
2026-05-11 11:00:00,campus,524.92,24.4,56.9,0,11,0
2026-05-11 12:00:00,campus,606.72,26.3,41.7,0,12,0
2026-05-11 13:00:00,campus,637.96,27.0,52.6,0,13,0
2026-05-11 14:00:00,campus,660.16,28.4,42.6,0,14,0
2026-05-11 15:00:00,campus,662.12,26.9,45.6,0,15,0
2026-05-11 16:00:00,campus,631.59,28.1,44.9,0,16,0
2026-05-11 17:00:00,campus,590.68,26.3,41.9,0,17,0
2026-05-11 18:00:00,campus,577.69,26.9,54.8,0,18,0
2026-05-11 19:00:00,campus,568.22,25.4,47.8,0,19,0
2026-05-11 20:00:00,campus,514.16,21.7,54.7,0,20,0
2026-05-11 21:00:00,campus,505.82,23.2,43.5,0,21,0
2026-05-11 22:00:00,campus,375.6,19.2,53.7,0,22,0
2026-05-11 23:00:00,campus,364.69,19.7,61.7,0,23,0
2026-05-12 00:00:00,campus,312.65,17.9,56.1,0,0,1
2026-05-12 01:00:00,campus,316.56,19.2,55.7,0,1,1
2026-05-12 02:00:00,campus,335.88,15.5,51.2,0,2,1
2026-05-12 03:00:00,campus,328.4,15.1,61.5,0,3,1
2026-05-12 04:00:00,campus,299.31,15.8,55.4,0,4,1
2026-05-12 05:00:00,campus,332.45,15.9,63.2,0,5,1
2026-05-12 06:00:00,campus,346.1,18.6,58.0,0,6,1
2026-05-12 07:00:00,campus,332.23,16.2,56.8,0,7,1
2026-05-12 08:00:00,campus,371.98,18.5,49.2,0,8,1
2026-05-12 09:00:00,campus,381.48,20.0,52.7,0,9,1
2026-05-12 10:00:00,campus,444.59,24.6,49.6,0,10,1
2026-05-12 11:00:00,campus,541.4,27.2,46.1,0,11,1
2026-05-12 12:00:00,campus,608.91,25.7,41.6,0,12,1
2026-05-12 13:00:00,campus,662.2,26.5,49.1,0,13,1
2026-05-12 14:00:00,campus,653.98,27.5,39.9,0,14,1
2026-05-12 15:00:00,campus,659.33,29.3,43.8,0,15,1
2026-05-12 16:00:00,campus,618.91,26.0,42.8,0,16,1
2026-05-12 17:00:00,campus,613.16,27.2,47.8,0,17,1
2026-05-12 18:00:00,campus,570.93,27.3,54.6,0,18,1
2026-05-12 19:00:00,campus,546.46,25.4,47.7,0,19,1
2026-05-12 20:00:00,campus,509.36,23.4,45.4,0,20,1
2026-05-12 21:00:00,campus,482.65,23.1,56.9,0,21,1
2026-05-12 22:00:00,campus,384.03,16.0,67.3,0,22,1
2026-05-12 23:00:00,campus,360.11,19.6,57.3,0,23,1
2026-05-13 00:00:00,campus,306.01,16.5,62.6,0,0,2
2026-05-13 01:00:00,campus,280.21,13.7,56.1,0,1,2
2026-05-13 02:00:00,campus,342.53,16.6,65.5,0,2,2
2026-05-13 03:00:00,campus,305.16,17.7,51.9,0,3,2
2026-05-13 04:00:00,campus,314.71,15.7,62.1,0,4,2
2026-05-13 05:00:00,campus,324.42,17.9,52.5,0,5,2
2026-05-13 06:00:00,campus,315.35,19.9,58.6,0,6,2
2026-05-13 07:00:00,campus,359.12,20.7,54.3,0,7,2
2026-05-13 08:00:00,campus,374.2,22.6,56.3,0,8,2
2026-05-13 09:00:00,campus,410.25,22.8,46.8,0,9,2
2026-05-13 10:00:00,campus,487.41,23.3,46.1,0,10,2
2026-05-13 11:00:00,campus,498.6,22.3,50.1,0,11,2
2026-05-13 12:00:00,campus,592.2,25.6,43.0,0,12,2
2026-05-13 13:00:00,campus,613.47,25.6,53.4,0,13,2
2026-05-13 14:00:00,campus,713.48,30.7,46.8,0,14,2
2026-05-13 15:00:00,campus,630.17,27.4,55.4,0,15,2
2026-05-13 16:00:00,campus,646.33,27.7,45.3,0,16,2
2026-05-13 17:00:00,campus,585.71,27.7,45.4,0,17,2
2026-05-13 18:00:00,campus,563.07,26.0,42.3,0,18,2
2026-05-13 19:00:00,campus,580.47,27.2,43.5,0,19,2
2026-05-13 20:00:00,campus,504.16,22.3,50.2,0,20,2
2026-05-13 21:00:00,campus,512.8,22.0,55.6,0,21,2
2026-05-13 22:00:00,campus,400.95,19.0,61.6,0,22,2
2026-05-13 23:00:00,campus,356.81,16.7,68.6,0,23,2
2026-05-14 00:00:00,campus,311.39,16.6,63.4,0,0,3
2026-05-14 01:00:00,campus,319.16,16.5,56.3,0,1,3
2026-05-14 02:00:00,campus,320.59,15.3,60.7,0,2,3
2026-05-14 03:00:00,campus,323.24,14.7,57.0,0,3,3
2026-05-14 04:00:00,campus,321.55,13.9,61.5,0,4,3
2026-05-14 05:00:00,campus,314.54,16.4,64.2,0,5,3
2026-05-14 06:00:00,campus,337.14,15.3,59.0,0,6,3
2026-05-14 07:00:00,campus,344.12,19.9,62.8,0,7,3
2026-05-14 08:00:00,campus,325.47,20.3,57.1,0,8,3
2026-05-14 09:00:00,campus,394.25,19.6,56.4,0,9,3
2026-05-14 10:00:00,campus,447.19,22.8,53.2,0,10,3
2026-05-14 11:00:00,campus,516.52,23.6,49.8,0,11,3
2026-05-14 12:00:00,campus,598.82,26.5,47.9,0,12,3
2026-05-14 13:00:00,campus,682.01,29.0,46.3,0,13,3
2026-05-14 14:00:00,campus,633.71,24.7,56.0,0,14,3
2026-05-14 15:00:00,campus,659.56,27.9,51.3,0,15,3
2026-05-14 16:00:00,campus,617.3,27.3,47.9,0,16,3
2026-05-14 17:00:00,campus,613.26,28.0,36.5,0,17,3
2026-05-14 18:00:00,campus,567.03,26.3,48.2,0,18,3
2026-05-14 19:00:00,campus,507.61,23.6,50.6,0,19,3
2026-05-14 20:00:00,campus,505.05,22.8,53.5,0,20,3
2026-05-14 21:00:00,campus,487.25,20.6,50.8,0,21,3
2026-05-14 22:00:00,campus,419.12,21.8,60.4,0,22,3
2026-05-14 23:00:00,campus,349.26,18.8,58.7,0,23,3
2026-05-15 00:00:00,campus,329.56,20.4,52.1,0,0,4
2026-05-15 01:00:00,campus,315.44,16.5,58.2,0,1,4
2026-05-15 02:00:00,campus,413.53,15.0,59.0,0,2,4
2026-05-15 03:00:00,campus,319.91,13.6,60.7,0,3,4
2026-05-15 04:00:00,campus,330.44,13.3,72.1,0,4,4
2026-05-15 05:00:00,campus,317.59,14.3,56.3,0,5,4
2026-05-15 06:00:00,campus,322.16,18.0,64.2,0,6,4
2026-05-15 07:00:00,campus,325.01,19.6,55.3,0,7,4
2026-05-15 08:00:00,campus,366.27,17.9,55.5,0,8,4
2026-05-15 09:00:00,campus,404.22,23.2,56.1,0,9,4
2026-05-15 10:00:00,campus,478.12,22.7,53.7,0,10,4
2026-05-15 11:00:00,campus,544.08,25.1,51.5,0,11,4
2026-05-15 12:00:00,campus,623.64,28.5,45.4,0,12,4
2026-05-15 13:00:00,campus,652.21,28.4,49.2,0,13,4
2026-05-15 14:00:00,campus,633.87,27.2,56.5,0,14,4
2026-05-15 15:00:00,campus,642.0,26.5,45.0,0,15,4
2026-05-15 16:00:00,campus,592.93,24.4,46.5,0,16,4
2026-05-15 17:00:00,campus,569.31,26.0,49.7,0,17,4
2026-05-15 18:00:00,campus,580.43,25.8,47.5,0,18,4
2026-05-15 19:00:00,campus,658.72,23.4,48.7,0,19,4
2026-05-15 20:00:00,campus,505.31,23.2,51.6,0,20,4
2026-05-15 21:00:00,campus,447.17,21.9,55.9,0,21,4
2026-05-15 22:00:00,campus,407.19,19.9,58.8,0,22,4
2026-05-15 23:00:00,campus,385.15,17.9,51.0,0,23,4
2026-05-16 00:00:00,campus,219.68,17.9,53.9,1,0,5
2026-05-16 01:00:00,campus,206.19,17.4,61.8,1,1,5
2026-05-16 02:00:00,campus,213.85,14.5,61.4,1,2,5
2026-05-16 03:00:00,campus,219.63,18.0,55.7,1,3,5
2026-05-16 04:00:00,campus,216.86,16.0,53.6,1,4,5
2026-05-16 05:00:00,campus,204.44,16.7,60.8,1,5,5
2026-05-16 06:00:00,campus,233.12,18.7,47.3,1,6,5
2026-05-16 07:00:00,campus,213.95,19.3,57.9,1,7,5
2026-05-16 08:00:00,campus,230.99,21.8,60.7,1,8,5
2026-05-16 09:00:00,campus,235.17,22.3,42.4,1,9,5
2026-05-16 10:00:00,campus,248.52,22.5,60.0,1,10,5
2026-05-16 11:00:00,campus,249.44,25.5,49.7,1,11,5
2026-05-16 12:00:00,campus,253.01,24.4,51.1,1,12,5
2026-05-16 13:00:00,campus,314.06,27.3,44.2,1,13,5
2026-05-16 14:00:00,campus,297.36,27.7,47.1,1,14,5
2026-05-16 15:00:00,campus,297.3,27.6,42.1,1,15,5
2026-05-16 16:00:00,campus,325.22,27.5,49.6,1,16,5
2026-05-16 17:00:00,campus,315.4,24.3,50.1,1,17,5
2026-05-16 18:00:00,campus,320.48,25.3,43.5,1,18,5
2026-05-16 19:00:00,campus,338.81,25.1,55.7,1,19,5
2026-05-16 20:00:00,campus,326.34,23.7,54.2,1,20,5
2026-05-16 21:00:00,campus,288.99,20.4,44.6,1,21,5
2026-05-16 22:00:00,campus,289.95,22.3,51.0,1,22,5
2026-05-16 23:00:00,campus,233.06,17.6,58.1,1,23,5
2026-05-17 00:00:00,campus,235.73,19.2,61.9,1,0,6
2026-05-17 01:00:00,campus,221.08,17.4,50.9,1,1,6
2026-05-17 02:00:00,campus,222.44,15.2,71.6,1,2,6
2026-05-17 03:00:00,campus,199.87,18.7,54.6,1,3,6
2026-05-17 04:00:00,campus,190.97,14.4,63.9,1,4,6
2026-05-17 05:00:00,campus,215.36,18.2,60.0,1,5,6
2026-05-17 06:00:00,campus,188.73,19.2,53.0,1,6,6
2026-05-17 07:00:00,campus,205.1,18.0,62.2,1,7,6
2026-05-17 08:00:00,campus,217.38,22.5,57.1,1,8,6
2026-05-17 09:00:00,campus,229.93,21.6,53.0,1,9,6
2026-05-17 10:00:00,campus,265.95,24.0,47.4,1,10,6
2026-05-17 11:00:00,campus,271.57,25.4,44.5,1,11,6
2026-05-17 12:00:00,campus,294.62,26.0,51.5,1,12,6
2026-05-17 13:00:00,campus,339.83,28.4,39.5,1,13,6
2026-05-17 14:00:00,campus,321.35,29.0,43.1,1,14,6
2026-05-17 15:00:00,campus,324.68,25.4,44.9,1,15,6
2026-05-17 16:00:00,campus,312.26,29.7,41.7,1,16,6
2026-05-17 17:00:00,campus,315.65,24.7,45.8,1,17,6
2026-05-17 18:00:00,campus,341.14,27.8,46.2,1,18,6
2026-05-17 19:00:00,campus,342.13,26.7,40.4,1,19,6
2026-05-17 20:00:00,campus,310.81,21.9,49.9,1,20,6
2026-05-17 21:00:00,campus,280.63,21.4,53.1,1,21,6
2026-05-17 22:00:00,campus,242.65,18.8,60.2,1,22,6
2026-05-17 23:00:00,campus,236.57,18.7,53.0,1,23,6
2026-05-18 00:00:00,campus,342.0,17.4,51.1,0,0,0
2026-05-18 01:00:00,campus,309.64,18.0,51.4,0,1,0
2026-05-18 02:00:00,campus,326.21,18.2,60.1,0,2,0
2026-05-18 03:00:00,campus,299.84,18.2,50.2,0,3,0
2026-05-18 04:00:00,campus,339.87,15.4,66.2,0,4,0
2026-05-18 05:00:00,campus,317.79,16.6,71.4,0,5,0
2026-05-18 06:00:00,campus,336.54,15.3,59.0,0,6,0
2026-05-18 07:00:00,campus,327.52,17.9,56.8,0,7,0
2026-05-18 08:00:00,campus,380.75,22.0,60.2,0,8,0
2026-05-18 09:00:00,campus,454.53,24.5,42.6,0,9,0
2026-05-18 10:00:00,campus,445.03,21.8,56.0,0,10,0
2026-05-18 11:00:00,campus,542.31,24.2,48.8,0,11,0
2026-05-18 12:00:00,campus,612.48,26.3,41.6,0,12,0
2026-05-18 13:00:00,campus,646.46,27.7,47.3,0,13,0
2026-05-18 14:00:00,campus,660.29,26.6,51.5,0,14,0
2026-05-18 15:00:00,campus,676.84,28.7,37.8,0,15,0
2026-05-18 16:00:00,campus,612.21,27.2,56.6,0,16,0
2026-05-18 17:00:00,campus,587.37,27.2,47.9,0,17,0
2026-05-18 18:00:00,campus,580.0,27.1,39.4,0,18,0
2026-05-18 19:00:00,campus,522.92,25.1,48.0,0,19,0
2026-05-18 20:00:00,campus,492.38,23.0,53.3,0,20,0
2026-05-18 21:00:00,campus,468.89,21.9,45.4,0,21,0
2026-05-18 22:00:00,campus,417.64,20.4,55.6,0,22,0
2026-05-18 23:00:00,campus,366.14,18.5,55.7,0,23,0
2026-05-19 00:00:00,campus,336.86,17.5,61.4,0,0,1
2026-05-19 01:00:00,campus,341.35,19.3,56.7,0,1,1
2026-05-19 02:00:00,campus,329.2,17.2,49.2,0,2,1
2026-05-19 03:00:00,campus,342.11,15.7,57.7,0,3,1
2026-05-19 04:00:00,campus,312.2,17.4,64.5,0,4,1
2026-05-19 05:00:00,campus,342.4,16.4,51.4,0,5,1
2026-05-19 06:00:00,campus,330.8,19.7,57.3,0,6,1
2026-05-19 07:00:00,campus,360.21,19.7,52.1,0,7,1
2026-05-19 08:00:00,campus,342.5,20.4,62.5,0,8,1
2026-05-19 09:00:00,campus,382.8,22.8,48.3,0,9,1
2026-05-19 10:00:00,campus,426.41,21.3,58.4,0,10,1
2026-05-19 11:00:00,campus,514.35,23.5,49.7,0,11,1
2026-05-19 12:00:00,campus,579.98,24.6,50.9,0,12,1
2026-05-19 13:00:00,campus,650.84,27.6,50.8,0,13,1
2026-05-19 14:00:00,campus,693.09,30.5,38.4,0,14,1
2026-05-19 15:00:00,campus,669.7,31.5,46.3,0,15,1
2026-05-19 16:00:00,campus,638.46,28.9,46.6,0,16,1
2026-05-19 17:00:00,campus,617.9,28.1,52.7,0,17,1
2026-05-19 18:00:00,campus,526.85,23.7,45.2,0,18,1
2026-05-19 19:00:00,campus,540.46,24.3,42.9,0,19,1
2026-05-19 20:00:00,campus,519.71,22.5,51.7,0,20,1
2026-05-19 21:00:00,campus,444.15,21.2,55.5,0,21,1
2026-05-19 22:00:00,campus,408.04,20.3,55.8,0,22,1
2026-05-19 23:00:00,campus,375.38,18.4,50.8,0,23,1
2026-05-20 00:00:00,campus,308.75,15.0,59.5,0,0,2
2026-05-20 01:00:00,campus,341.94,18.1,57.3,0,1,2
2026-05-20 02:00:00,campus,300.93,14.8,67.0,0,2,2
2026-05-20 03:00:00,campus,314.03,16.6,69.4,0,3,2
2026-05-20 04:00:00,campus,327.36,19.5,53.1,0,4,2
2026-05-20 05:00:00,campus,331.47,15.6,54.8,0,5,2
2026-05-20 06:00:00,campus,315.79,14.2,56.1,0,6,2
2026-05-20 07:00:00,campus,347.32,18.8,53.7,0,7,2
2026-05-20 08:00:00,campus,369.12,22.3,46.5,0,8,2
2026-05-20 09:00:00,campus,449.5,25.2,41.6,0,9,2
2026-05-20 10:00:00,campus,427.98,21.9,54.4,0,10,2
2026-05-20 11:00:00,campus,519.72,26.0,43.4,0,11,2
2026-05-20 12:00:00,campus,590.35,25.8,45.3,0,12,2
2026-05-20 13:00:00,campus,655.38,27.3,45.0,0,13,2
2026-05-20 14:00:00,campus,713.78,32.0,39.1,0,14,2
2026-05-20 15:00:00,campus,636.58,26.0,51.0,0,15,2
2026-05-20 16:00:00,campus,578.32,28.4,46.3,0,16,2
2026-05-20 17:00:00,campus,616.09,28.1,41.5,0,17,2
2026-05-20 18:00:00,campus,597.03,28.1,46.1,0,18,2
2026-05-20 19:00:00,campus,559.35,25.4,49.3,0,19,2
2026-05-20 20:00:00,campus,513.25,24.2,51.6,0,20,2
2026-05-20 21:00:00,campus,479.32,21.6,48.9,0,21,2
2026-05-20 22:00:00,campus,390.44,21.1,50.7,0,22,2
2026-05-20 23:00:00,campus,364.54,18.7,58.3,0,23,2
2026-05-21 00:00:00,campus,322.71,19.0,51.4,0,0,3
2026-05-21 01:00:00,campus,322.56,16.5,59.0,0,1,3
2026-05-21 02:00:00,campus,318.37,17.1,52.6,0,2,3
2026-05-21 03:00:00,campus,318.0,16.3,65.7,0,3,3
2026-05-21 04:00:00,campus,333.42,18.2,50.6,0,4,3
2026-05-21 05:00:00,campus,299.28,17.0,60.6,0,5,3
2026-05-21 06:00:00,campus,296.92,15.4,59.5,0,6,3
2026-05-21 07:00:00,campus,350.36,21.2,51.0,0,7,3
2026-05-21 08:00:00,campus,355.89,19.4,56.7,0,8,3
2026-05-21 09:00:00,campus,392.87,21.3,52.3,0,9,3
2026-05-21 10:00:00,campus,438.77,23.0,56.9,0,10,3
2026-05-21 11:00:00,campus,545.24,27.4,50.7,0,11,3
2026-05-21 12:00:00,campus,564.61,23.3,43.4,0,12,3
2026-05-21 13:00:00,campus,684.6,32.2,37.7,0,13,3
2026-05-21 14:00:00,campus,673.27,29.7,39.3,0,14,3
2026-05-21 15:00:00,campus,669.35,28.6,39.2,0,15,3
2026-05-21 16:00:00,campus,648.53,28.0,51.2,0,16,3
2026-05-21 17:00:00,campus,622.61,27.9,39.8,0,17,3
2026-05-21 18:00:00,campus,574.82,27.3,40.0,0,18,3
2026-05-21 19:00:00,campus,560.37,26.3,50.0,0,19,3
2026-05-21 20:00:00,campus,522.47,24.7,52.8,0,20,3
2026-05-21 21:00:00,campus,484.83,22.4,55.0,0,21,3
2026-05-21 22:00:00,campus,400.05,20.5,52.5,0,22,3
2026-05-21 23:00:00,campus,391.9,19.1,57.3,0,23,3
2026-05-22 00:00:00,campus,327.97,17.8,52.3,0,0,4
2026-05-22 01:00:00,campus,313.97,18.9,60.4,0,1,4
2026-05-22 02:00:00,campus,320.97,17.5,51.9,0,2,4
2026-05-22 03:00:00,campus,302.61,12.0,52.1,0,3,4
2026-05-22 04:00:00,campus,349.52,17.6,51.1,0,4,4
2026-05-22 05:00:00,campus,329.57,17.5,63.0,0,5,4
2026-05-22 06:00:00,campus,328.69,18.1,56.1,0,6,4
2026-05-22 07:00:00,campus,330.71,18.8,53.9,0,7,4
2026-05-22 08:00:00,campus,370.79,22.5,50.3,0,8,4
2026-05-22 09:00:00,campus,444.95,23.8,54.9,0,9,4
2026-05-22 10:00:00,campus,447.66,22.8,50.6,0,10,4
2026-05-22 11:00:00,campus,549.25,26.0,47.3,0,11,4
2026-05-22 12:00:00,campus,579.6,25.2,47.4,0,12,4
2026-05-22 13:00:00,campus,646.63,25.5,55.3,0,13,4
2026-05-22 14:00:00,campus,646.8,27.2,46.2,0,14,4
2026-05-22 15:00:00,campus,694.52,29.7,51.3,0,15,4
2026-05-22 16:00:00,campus,665.08,29.6,50.6,0,16,4
2026-05-22 17:00:00,campus,629.33,28.3,47.2,0,17,4
2026-05-22 18:00:00,campus,596.84,27.7,47.2,0,18,4
2026-05-22 19:00:00,campus,576.23,26.2,52.1,0,19,4
2026-05-22 20:00:00,campus,502.45,23.0,52.5,0,20,4
2026-05-22 21:00:00,campus,481.07,23.0,51.6,0,21,4
2026-05-22 22:00:00,campus,397.13,22.0,57.8,0,22,4
2026-05-22 23:00:00,campus,334.93,20.5,58.6,0,23,4
2026-05-23 00:00:00,campus,218.34,20.0,57.7,1,0,5
2026-05-23 01:00:00,campus,195.57,18.3,53.7,1,1,5
2026-05-23 02:00:00,campus,209.03,17.2,59.0,1,2,5
2026-05-23 03:00:00,campus,189.17,18.1,65.2,1,3,5
2026-05-23 04:00:00,campus,200.29,16.6,68.1,1,4,5
2026-05-23 05:00:00,campus,184.19,15.9,62.1,1,5,5
2026-05-23 06:00:00,campus,176.47,18.0,54.3,1,6,5
2026-05-23 07:00:00,campus,247.69,18.3,51.9,1,7,5
2026-05-23 08:00:00,campus,206.26,19.9,50.3,1,8,5
2026-05-23 09:00:00,campus,224.42,22.2,53.5,1,9,5
2026-05-23 10:00:00,campus,252.28,22.8,46.5,1,10,5
2026-05-23 11:00:00,campus,260.26,25.0,44.0,1,11,5
2026-05-23 12:00:00,campus,281.23,23.9,49.1,1,12,5
2026-05-23 13:00:00,campus,302.51,28.0,54.0,1,13,5
2026-05-23 14:00:00,campus,309.41,28.3,41.4,1,14,5
2026-05-23 15:00:00,campus,312.71,27.2,41.9,1,15,5
2026-05-23 16:00:00,campus,340.36,29.2,41.3,1,16,5
2026-05-23 17:00:00,campus,342.62,29.1,47.8,1,17,5
2026-05-23 18:00:00,campus,296.15,24.3,41.0,1,18,5
2026-05-23 19:00:00,campus,337.77,24.3,44.9,1,19,5
2026-05-23 20:00:00,campus,305.06,22.9,49.6,1,20,5
2026-05-23 21:00:00,campus,268.05,21.0,51.9,1,21,5
2026-05-23 22:00:00,campus,295.46,22.1,53.4,1,22,5
2026-05-23 23:00:00,campus,263.96,19.2,61.0,1,23,5
2026-05-24 00:00:00,campus,178.04,17.9,54.0,1,0,6
2026-05-24 01:00:00,campus,196.42,14.3,67.4,1,1,6
2026-05-24 02:00:00,campus,199.17,17.7,58.3,1,2,6
2026-05-24 03:00:00,campus,195.98,14.7,66.4,1,3,6
2026-05-24 04:00:00,campus,196.09,16.8,62.9,1,4,6
2026-05-24 05:00:00,campus,200.72,17.8,64.9,1,5,6
2026-05-24 06:00:00,campus,223.96,20.3,54.8,1,6,6
2026-05-24 07:00:00,campus,222.61,17.6,53.2,1,7,6
2026-05-24 08:00:00,campus,242.78,16.5,62.2,1,8,6
2026-05-24 09:00:00,campus,246.92,22.8,55.8,1,9,6
2026-05-24 10:00:00,campus,276.08,26.8,45.6,1,10,6
2026-05-24 11:00:00,campus,284.79,27.4,40.5,1,11,6
2026-05-24 12:00:00,campus,304.05,27.1,51.2,1,12,6
2026-05-24 13:00:00,campus,294.93,27.0,47.4,1,13,6
2026-05-24 14:00:00,campus,286.61,29.5,41.1,1,14,6
2026-05-24 15:00:00,campus,308.74,27.1,41.5,1,15,6
2026-05-24 16:00:00,campus,318.19,29.0,43.1,1,16,6
2026-05-24 17:00:00,campus,323.41,28.5,41.4,1,17,6
2026-05-24 18:00:00,campus,344.75,28.4,46.0,1,18,6
2026-05-24 19:00:00,campus,367.13,29.7,49.5,1,19,6
2026-05-24 20:00:00,campus,324.59,24.7,43.9,1,20,6
2026-05-24 21:00:00,campus,292.17,21.8,49.2,1,21,6
2026-05-24 22:00:00,campus,273.98,20.9,46.7,1,22,6
2026-05-24 23:00:00,campus,251.32,16.9,64.7,1,23,6
2026-05-25 00:00:00,campus,299.54,17.3,58.0,0,0,0
2026-05-25 01:00:00,campus,314.84,16.8,57.8,0,1,0
2026-05-25 02:00:00,campus,313.48,16.0,54.2,0,2,0
2026-05-25 03:00:00,campus,317.26,16.8,57.7,0,3,0
2026-05-25 04:00:00,campus,335.9,15.6,62.6,0,4,0
2026-05-25 05:00:00,campus,318.71,19.1,58.0,0,5,0
2026-05-25 06:00:00,campus,333.38,18.4,51.7,0,6,0
2026-05-25 07:00:00,campus,359.04,19.6,58.5,0,7,0
2026-05-25 08:00:00,campus,366.88,20.6,55.2,0,8,0
2026-05-25 09:00:00,campus,428.23,22.8,47.2,0,9,0
2026-05-25 10:00:00,campus,472.53,25.4,42.8,0,10,0
2026-05-25 11:00:00,campus,504.19,24.3,48.3,0,11,0
2026-05-25 12:00:00,campus,591.55,25.9,55.9,0,12,0
2026-05-25 13:00:00,campus,653.35,27.4,38.0,0,13,0
2026-05-25 14:00:00,campus,624.02,26.4,44.0,0,14,0
2026-05-25 15:00:00,campus,662.36,27.4,43.4,0,15,0
2026-05-25 16:00:00,campus,638.6,27.7,45.2,0,16,0
2026-05-25 17:00:00,campus,646.83,29.1,43.0,0,17,0
2026-05-25 18:00:00,campus,571.96,27.2,46.8,0,18,0
2026-05-25 19:00:00,campus,554.38,25.9,51.2,0,19,0
2026-05-25 20:00:00,campus,579.44,25.4,46.1,0,20,0
2026-05-25 21:00:00,campus,451.4,22.4,55.9,0,21,0
2026-05-25 22:00:00,campus,426.0,21.6,39.5,0,22,0
2026-05-25 23:00:00,campus,351.47,19.5,56.4,0,23,0
2026-05-26 00:00:00,campus,307.17,18.8,55.1,0,0,1
2026-05-26 01:00:00,campus,313.55,16.6,53.5,0,1,1
2026-05-26 02:00:00,campus,335.36,13.2,56.7,0,2,1
2026-05-26 03:00:00,campus,301.49,16.5,57.2,0,3,1
2026-05-26 04:00:00,campus,324.48,19.0,61.8,0,4,1
2026-05-26 05:00:00,campus,320.61,18.9,50.5,0,5,1
2026-05-26 06:00:00,campus,328.51,19.9,50.8,0,6,1
2026-05-26 07:00:00,campus,358.16,21.5,52.0,0,7,1
2026-05-26 08:00:00,campus,344.44,21.3,50.3,0,8,1
2026-05-26 09:00:00,campus,401.13,23.0,62.7,0,9,1
2026-05-26 10:00:00,campus,462.36,23.3,50.5,0,10,1
2026-05-26 11:00:00,campus,539.82,25.2,36.4,0,11,1
2026-05-26 12:00:00,campus,597.79,27.9,43.0,0,12,1
2026-05-26 13:00:00,campus,690.81,29.7,48.2,0,13,1
2026-05-26 14:00:00,campus,664.64,28.3,44.0,0,14,1
2026-05-26 15:00:00,campus,691.02,28.0,40.1,0,15,1
2026-05-26 16:00:00,campus,616.86,28.5,45.9,0,16,1
2026-05-26 17:00:00,campus,616.86,28.8,51.3,0,17,1
2026-05-26 18:00:00,campus,538.87,24.8,43.8,0,18,1
2026-05-26 19:00:00,campus,535.02,22.2,58.1,0,19,1
2026-05-26 20:00:00,campus,509.35,23.4,49.6,0,20,1
2026-05-26 21:00:00,campus,483.77,20.9,63.3,0,21,1
2026-05-26 22:00:00,campus,417.29,20.4,55.6,0,22,1
2026-05-26 23:00:00,campus,331.91,19.5,55.6,0,23,1
2026-05-27 00:00:00,campus,320.16,17.8,54.2,0,0,2
2026-05-27 01:00:00,campus,314.62,19.7,48.3,0,1,2
2026-05-27 02:00:00,campus,291.39,17.5,53.2,0,2,2
2026-05-27 03:00:00,campus,354.45,17.2,60.0,0,3,2
2026-05-27 04:00:00,campus,340.83,17.9,56.5,0,4,2
2026-05-27 05:00:00,campus,341.81,15.9,53.5,0,5,2
2026-05-27 06:00:00,campus,318.06,20.1,55.3,0,6,2
2026-05-27 07:00:00,campus,323.42,19.7,50.4,0,7,2
2026-05-27 08:00:00,campus,356.49,22.2,46.8,0,8,2
2026-05-27 09:00:00,campus,396.93,21.2,52.3,0,9,2
2026-05-27 10:00:00,campus,462.53,22.0,51.7,0,10,2
2026-05-27 11:00:00,campus,540.2,27.0,38.2,0,11,2
2026-05-27 12:00:00,campus,603.08,27.6,48.5,0,12,2
2026-05-27 13:00:00,campus,634.86,26.6,39.6,0,13,2
2026-05-27 14:00:00,campus,644.57,27.3,49.4,0,14,2
2026-05-27 15:00:00,campus,681.25,30.5,43.2,0,15,2
2026-05-27 16:00:00,campus,629.07,26.8,43.0,0,16,2
2026-05-27 17:00:00,campus,615.67,30.4,42.6,0,17,2
2026-05-27 18:00:00,campus,577.31,25.7,46.8,0,18,2
2026-05-27 19:00:00,campus,570.15,26.7,46.0,0,19,2
2026-05-27 20:00:00,campus,526.5,23.8,54.9,0,20,2
2026-05-27 21:00:00,campus,485.05,23.7,46.2,0,21,2
2026-05-27 22:00:00,campus,424.37,20.4,56.5,0,22,2
2026-05-27 23:00:00,campus,372.52,19.5,49.2,0,23,2
2026-05-28 00:00:00,campus,308.6,18.7,59.4,0,0,3
2026-05-28 01:00:00,campus,335.05,16.1,61.7,0,1,3
2026-05-28 02:00:00,campus,325.28,18.2,56.8,0,2,3
2026-05-28 03:00:00,campus,410.55,16.1,69.4,0,3,3
2026-05-28 04:00:00,campus,312.28,16.7,55.2,0,4,3
2026-05-28 05:00:00,campus,307.34,16.2,50.3,0,5,3
2026-05-28 06:00:00,campus,329.55,14.8,59.9,0,6,3
2026-05-28 07:00:00,campus,369.18,19.6,51.2,0,7,3
2026-05-28 08:00:00,campus,425.51,24.9,44.2,0,8,3
2026-05-28 09:00:00,campus,415.97,24.0,56.1,0,9,3
2026-05-28 10:00:00,campus,472.69,24.4,43.4,0,10,3
2026-05-28 11:00:00,campus,546.65,25.5,48.6,0,11,3
2026-05-28 12:00:00,campus,606.74,27.1,43.9,0,12,3
2026-05-28 13:00:00,campus,677.2,28.9,41.0,0,13,3
2026-05-28 14:00:00,campus,678.9,26.9,38.4,0,14,3
2026-05-28 15:00:00,campus,698.49,30.5,43.0,0,15,3
2026-05-28 16:00:00,campus,665.71,29.7,42.0,0,16,3
2026-05-28 17:00:00,campus,625.69,29.1,44.4,0,17,3
2026-05-28 18:00:00,campus,594.77,27.7,51.1,0,18,3
2026-05-28 19:00:00,campus,561.8,25.9,48.3,0,19,3
2026-05-28 20:00:00,campus,570.33,25.4,47.8,0,20,3
2026-05-28 21:00:00,campus,470.06,23.7,48.5,0,21,3
2026-05-28 22:00:00,campus,406.15,20.8,44.0,0,22,3
2026-05-28 23:00:00,campus,354.18,19.0,53.0,0,23,3
2026-05-29 00:00:00,campus,333.32,18.8,63.4,0,0,4
2026-05-29 01:00:00,campus,312.37,20.0,52.0,0,1,4
2026-05-29 02:00:00,campus,318.09,15.3,56.3,0,2,4
2026-05-29 03:00:00,campus,289.48,14.7,62.7,0,3,4
2026-05-29 04:00:00,campus,315.66,17.4,58.7,0,4,4
2026-05-29 05:00:00,campus,308.94,17.8,58.3,0,5,4
2026-05-29 06:00:00,campus,331.68,18.9,50.1,0,6,4
2026-05-29 07:00:00,campus,347.51,20.3,49.3,0,7,4
2026-05-29 08:00:00,campus,337.35,21.0,62.6,0,8,4
2026-05-29 09:00:00,campus,419.87,25.2,41.4,0,9,4
2026-05-29 10:00:00,campus,451.07,22.1,49.7,0,10,4
2026-05-29 11:00:00,campus,549.53,24.7,53.2,0,11,4
2026-05-29 12:00:00,campus,601.68,27.0,45.9,0,12,4
2026-05-29 13:00:00,campus,633.95,25.7,42.5,0,13,4
2026-05-29 14:00:00,campus,662.73,28.5,45.3,0,14,4
2026-05-29 15:00:00,campus,693.08,31.4,38.5,0,15,4
2026-05-29 16:00:00,campus,667.33,28.7,47.5,0,16,4
2026-05-29 17:00:00,campus,580.25,28.5,39.0,0,17,4
2026-05-29 18:00:00,campus,573.78,25.3,44.3,0,18,4
2026-05-29 19:00:00,campus,527.99,25.0,45.6,0,19,4
2026-05-29 20:00:00,campus,525.94,23.9,49.9,0,20,4
2026-05-29 21:00:00,campus,469.36,22.4,55.0,0,21,4
2026-05-29 22:00:00,campus,429.59,23.3,56.3,0,22,4
2026-05-29 23:00:00,campus,394.02,20.8,64.0,0,23,4
2026-05-30 00:00:00,campus,208.06,17.1,59.4,1,0,5
2026-05-30 01:00:00,campus,251.8,18.2,59.6,1,1,5
2026-05-30 02:00:00,campus,220.95,18.0,57.4,1,2,5
2026-05-30 03:00:00,campus,205.18,18.7,57.6,1,3,5
2026-05-30 04:00:00,campus,194.49,19.6,58.0,1,4,5
2026-05-30 05:00:00,campus,180.87,16.3,57.5,1,5,5
2026-05-30 06:00:00,campus,205.28,17.5,63.1,1,6,5
2026-05-30 07:00:00,campus,212.61,18.1,61.9,1,7,5
2026-05-30 08:00:00,campus,244.5,21.1,50.4,1,8,5
2026-05-30 09:00:00,campus,262.54,23.7,49.3,1,9,5
2026-05-30 10:00:00,campus,274.5,26.0,48.8,1,10,5
2026-05-30 11:00:00,campus,291.42,25.9,52.6,1,11,5
2026-05-30 12:00:00,campus,274.91,26.8,44.4,1,12,5
2026-05-30 13:00:00,campus,332.59,28.4,44.3,1,13,5
2026-05-30 14:00:00,campus,284.26,27.5,41.1,1,14,5
2026-05-30 15:00:00,campus,327.35,32.1,39.2,1,15,5
2026-05-30 16:00:00,campus,287.14,26.4,53.1,1,16,5
2026-05-30 17:00:00,campus,331.26,28.5,53.0,1,17,5
2026-05-30 18:00:00,campus,342.89,30.3,37.9,1,18,5
2026-05-30 19:00:00,campus,362.67,26.0,51.5,1,19,5
2026-05-30 20:00:00,campus,360.56,24.3,51.8,1,20,5
2026-05-30 21:00:00,campus,310.97,22.5,54.7,1,21,5
2026-05-30 22:00:00,campus,248.04,21.2,56.6,1,22,5
2026-05-30 23:00:00,campus,222.39,22.1,48.8,1,23,5
2026-05-31 00:00:00,campus,192.89,15.5,60.8,1,0,6
2026-05-31 01:00:00,campus,195.15,20.2,61.3,1,1,6
2026-05-31 02:00:00,campus,185.82,15.1,61.3,1,2,6
2026-05-31 03:00:00,campus,214.07,16.7,64.5,1,3,6
2026-05-31 04:00:00,campus,220.47,16.6,59.5,1,4,6
2026-05-31 05:00:00,campus,180.7,18.8,57.1,1,5,6
2026-05-31 06:00:00,campus,218.99,16.4,53.7,1,6,6
2026-05-31 07:00:00,campus,213.85,20.8,53.6,1,7,6
2026-05-31 08:00:00,campus,245.49,24.6,54.3,1,8,6
2026-05-31 09:00:00,campus,238.78,21.0,44.5,1,9,6
2026-05-31 10:00:00,campus,253.88,24.9,49.8,1,10,6
2026-05-31 11:00:00,campus,255.03,25.1,42.9,1,11,6
2026-05-31 12:00:00,campus,289.1,28.0,40.7,1,12,6
2026-05-31 13:00:00,campus,301.88,28.3,50.3,1,13,6
2026-05-31 14:00:00,campus,299.34,27.9,49.6,1,14,6
2026-05-31 15:00:00,campus,334.7,29.8,41.0,1,15,6
2026-05-31 16:00:00,campus,349.69,31.6,35.2,1,16,6
2026-05-31 17:00:00,campus,340.72,28.0,33.7,1,17,6
2026-05-31 18:00:00,campus,339.03,28.4,30.9,1,18,6
2026-05-31 19:00:00,campus,335.9,24.1,48.1,1,19,6
2026-05-31 20:00:00,campus,319.09,23.2,54.7,1,20,6
2026-05-31 21:00:00,campus,290.26,23.8,44.1,1,21,6
2026-05-31 22:00:00,campus,300.15,23.8,42.9,1,22,6
2026-05-31 23:00:00,campus,244.65,20.6,56.2,1,23,6
2026-06-01 00:00:00,campus,313.43,18.4,60.0,0,0,0
2026-06-01 01:00:00,campus,308.31,18.0,68.5,0,1,0
2026-06-01 02:00:00,campus,339.43,15.5,63.7,0,2,0
2026-06-01 03:00:00,campus,327.83,18.1,53.6,0,3,0
2026-06-01 04:00:00,campus,293.36,18.7,54.0,0,4,0
2026-06-01 05:00:00,campus,330.09,17.3,52.5,0,5,0
2026-06-01 06:00:00,campus,325.2,18.2,54.8,0,6,0
2026-06-01 07:00:00,campus,341.32,20.6,47.8,0,7,0
2026-06-01 08:00:00,campus,350.59,20.9,42.8,0,8,0
2026-06-01 09:00:00,campus,429.91,23.1,44.7,0,9,0
2026-06-01 10:00:00,campus,510.09,27.9,43.7,0,10,0
2026-06-01 11:00:00,campus,525.73,25.8,47.7,0,11,0
2026-06-01 12:00:00,campus,608.29,26.9,49.2,0,12,0
2026-06-01 13:00:00,campus,657.6,27.4,43.8,0,13,0
2026-06-01 14:00:00,campus,696.88,30.1,44.7,0,14,0
2026-06-01 15:00:00,campus,658.91,28.9,48.6,0,15,0
2026-06-01 16:00:00,campus,635.9,28.0,36.1,0,16,0
2026-06-01 17:00:00,campus,626.74,30.3,44.1,0,17,0
2026-06-01 18:00:00,campus,601.98,29.5,49.2,0,18,0
2026-06-01 19:00:00,campus,561.36,25.3,49.6,0,19,0
2026-06-01 20:00:00,campus,512.5,21.9,51.4,0,20,0
2026-06-01 21:00:00,campus,517.1,24.7,50.8,0,21,0
2026-06-01 22:00:00,campus,419.77,20.6,61.0,0,22,0
2026-06-01 23:00:00,campus,367.14,21.3,47.3,0,23,0
2026-06-02 00:00:00,campus,339.5,16.0,56.2,0,0,1
2026-06-02 01:00:00,campus,333.77,19.4,68.2,0,1,1
2026-06-02 02:00:00,campus,315.12,15.6,52.6,0,2,1
2026-06-02 03:00:00,campus,298.18,18.3,59.9,0,3,1
2026-06-02 04:00:00,campus,314.18,17.5,57.9,0,4,1
2026-06-02 05:00:00,campus,312.84,16.6,68.0,0,5,1
2026-06-02 06:00:00,campus,316.18,18.4,58.1,0,6,1
2026-06-02 07:00:00,campus,341.64,21.3,54.7,0,7,1
2026-06-02 08:00:00,campus,360.45,21.8,45.2,0,8,1
2026-06-02 09:00:00,campus,412.97,24.1,46.4,0,9,1
2026-06-02 10:00:00,campus,490.35,27.8,52.9,0,10,1
2026-06-02 11:00:00,campus,515.18,23.9,46.5,0,11,1
2026-06-02 12:00:00,campus,643.34,29.9,37.2,0,12,1
2026-06-02 13:00:00,campus,662.53,28.6,48.4,0,13,1
2026-06-02 14:00:00,campus,682.8,27.7,37.2,0,14,1
2026-06-02 15:00:00,campus,628.81,27.2,58.5,0,15,1
2026-06-02 16:00:00,campus,627.06,28.7,40.0,0,16,1
2026-06-02 17:00:00,campus,615.35,29.8,41.4,0,17,1
2026-06-02 18:00:00,campus,599.57,27.3,47.1,0,18,1
2026-06-02 19:00:00,campus,594.13,28.5,36.0,0,19,1
2026-06-02 20:00:00,campus,511.2,22.6,55.8,0,20,1
2026-06-02 21:00:00,campus,478.35,23.2,41.8,0,21,1
2026-06-02 22:00:00,campus,431.08,19.8,52.7,0,22,1
2026-06-02 23:00:00,campus,364.05,20.8,44.5,0,23,1
2026-06-03 00:00:00,campus,330.28,20.4,49.1,0,0,2
2026-06-03 01:00:00,campus,336.8,17.5,58.8,0,1,2
2026-06-03 02:00:00,campus,327.91,13.6,52.3,0,2,2
2026-06-03 03:00:00,campus,329.8,17.6,54.9,0,3,2
2026-06-03 04:00:00,campus,329.9,18.2,53.6,0,4,2
2026-06-03 05:00:00,campus,312.05,18.7,56.7,0,5,2
2026-06-03 06:00:00,campus,345.62,20.9,64.5,0,6,2
2026-06-03 07:00:00,campus,316.45,18.7,54.7,0,7,2
2026-06-03 08:00:00,campus,376.59,22.8,55.4,0,8,2
2026-06-03 09:00:00,campus,420.41,25.1,54.1,0,9,2
2026-06-03 10:00:00,campus,447.5,22.2,52.7,0,10,2
2026-06-03 11:00:00,campus,543.24,26.8,44.9,0,11,2
2026-06-03 12:00:00,campus,595.73,26.8,39.4,0,12,2
2026-06-03 13:00:00,campus,657.41,28.4,50.1,0,13,2
2026-06-03 14:00:00,campus,664.0,29.6,45.2,0,14,2
2026-06-03 15:00:00,campus,665.09,28.6,37.6,0,15,2
2026-06-03 16:00:00,campus,656.78,28.1,40.3,0,16,2
2026-06-03 17:00:00,campus,634.3,28.6,34.4,0,17,2
2026-06-03 18:00:00,campus,556.63,25.9,46.0,0,18,2
2026-06-03 19:00:00,campus,543.2,24.7,50.9,0,19,2
2026-06-03 20:00:00,campus,518.48,25.9,47.1,0,20,2
2026-06-03 21:00:00,campus,452.87,21.6,64.2,0,21,2
2026-06-03 22:00:00,campus,422.2,22.8,51.6,0,22,2
2026-06-03 23:00:00,campus,387.38,21.0,60.1,0,23,2
2026-06-04 00:00:00,campus,315.21,16.6,67.1,0,0,3
2026-06-04 01:00:00,campus,322.02,17.2,68.2,0,1,3
2026-06-04 02:00:00,campus,332.02,19.4,65.8,0,2,3
2026-06-04 03:00:00,campus,342.77,15.9,63.8,0,3,3
2026-06-04 04:00:00,campus,350.99,16.9,59.8,0,4,3
2026-06-04 05:00:00,campus,354.02,18.9,63.1,0,5,3
2026-06-04 06:00:00,campus,309.3,20.3,46.5,0,6,3
2026-06-04 07:00:00,campus,347.71,20.0,47.9,0,7,3
2026-06-04 08:00:00,campus,373.76,20.9,53.5,0,8,3
2026-06-04 09:00:00,campus,443.32,25.5,46.9,0,9,3
2026-06-04 10:00:00,campus,497.23,27.6,43.4,0,10,3
2026-06-04 11:00:00,campus,528.07,27.9,50.3,0,11,3
2026-06-04 12:00:00,campus,583.7,27.8,43.2,0,12,3
2026-06-04 13:00:00,campus,652.14,27.4,47.1,0,13,3
2026-06-04 14:00:00,campus,662.04,27.9,48.1,0,14,3
2026-06-04 15:00:00,campus,682.31,30.2,50.0,0,15,3
2026-06-04 16:00:00,campus,641.55,29.8,45.8,0,16,3
2026-06-04 17:00:00,campus,617.67,30.7,38.5,0,17,3
2026-06-04 18:00:00,campus,597.47,28.6,45.7,0,18,3
2026-06-04 19:00:00,campus,492.55,24.1,49.7,0,19,3
2026-06-04 20:00:00,campus,529.29,26.5,49.1,0,20,3
2026-06-04 21:00:00,campus,465.1,21.9,59.4,0,21,3
2026-06-04 22:00:00,campus,410.33,21.3,54.8,0,22,3
2026-06-04 23:00:00,campus,372.79,20.8,46.9,0,23,3
2026-06-05 00:00:00,campus,323.59,22.2,51.1,0,0,4
2026-06-05 01:00:00,campus,326.89,22.9,55.1,0,1,4
2026-06-05 02:00:00,campus,311.86,18.6,53.7,0,2,4
2026-06-05 03:00:00,campus,324.0,17.2,57.9,0,3,4
2026-06-05 04:00:00,campus,308.64,18.5,59.8,0,4,4
2026-06-05 05:00:00,campus,317.74,19.6,57.2,0,5,4
2026-06-05 06:00:00,campus,322.28,18.7,55.5,0,6,4
2026-06-05 07:00:00,campus,349.79,23.2,52.5,0,7,4
2026-06-05 08:00:00,campus,357.93,22.3,55.7,0,8,4
2026-06-05 09:00:00,campus,407.67,24.2,45.8,0,9,4
2026-06-05 10:00:00,campus,489.91,26.0,41.2,0,10,4
2026-06-05 11:00:00,campus,544.0,27.1,48.8,0,11,4
2026-06-05 12:00:00,campus,624.07,29.0,42.6,0,12,4
2026-06-05 13:00:00,campus,639.11,27.7,45.7,0,13,4
2026-06-05 14:00:00,campus,664.89,28.4,47.9,0,14,4
2026-06-05 15:00:00,campus,667.53,27.8,49.0,0,15,4
2026-06-05 16:00:00,campus,673.44,29.9,33.4,0,16,4
2026-06-05 17:00:00,campus,608.7,29.8,38.8,0,17,4
2026-06-05 18:00:00,campus,586.8,28.4,46.1,0,18,4
2026-06-05 19:00:00,campus,577.28,29.0,48.4,0,19,4
2026-06-05 20:00:00,campus,557.63,25.0,52.2,0,20,4
2026-06-05 21:00:00,campus,509.52,24.5,50.4,0,21,4
2026-06-05 22:00:00,campus,412.47,20.3,57.3,0,22,4
2026-06-05 23:00:00,campus,364.48,19.9,50.2,0,23,4
2026-06-06 00:00:00,campus,197.86,20.3,52.8,1,0,5
2026-06-06 01:00:00,campus,213.01,19.6,49.4,1,1,5
2026-06-06 02:00:00,campus,206.89,17.3,49.7,1,2,5
2026-06-06 03:00:00,campus,207.34,17.4,57.7,1,3,5
2026-06-06 04:00:00,campus,207.69,15.5,62.1,1,4,5
2026-06-06 05:00:00,campus,208.88,17.8,49.5,1,5,5
2026-06-06 06:00:00,campus,211.08,20.6,51.6,1,6,5
2026-06-06 07:00:00,campus,223.53,21.4,49.3,1,7,5
2026-06-06 08:00:00,campus,255.03,22.7,45.0,1,8,5
2026-06-06 09:00:00,campus,241.16,23.6,57.0,1,9,5
2026-06-06 10:00:00,campus,261.88,25.1,43.4,1,10,5
2026-06-06 11:00:00,campus,269.78,25.6,42.4,1,11,5
2026-06-06 12:00:00,campus,296.64,28.8,53.7,1,12,5
2026-06-06 13:00:00,campus,316.4,29.4,43.9,1,13,5
2026-06-06 14:00:00,campus,330.46,30.1,40.9,1,14,5
2026-06-06 15:00:00,campus,313.61,28.8,49.8,1,15,5
2026-06-06 16:00:00,campus,280.73,26.1,42.4,1,16,5
2026-06-06 17:00:00,campus,339.52,30.4,45.5,1,17,5
2026-06-06 18:00:00,campus,319.87,27.1,50.4,1,18,5
2026-06-06 19:00:00,campus,356.86,25.3,47.6,1,19,5
2026-06-06 20:00:00,campus,356.41,26.1,49.3,1,20,5
2026-06-06 21:00:00,campus,308.48,23.0,47.6,1,21,5
2026-06-06 22:00:00,campus,288.95,23.6,51.3,1,22,5
2026-06-06 23:00:00,campus,274.01,21.5,50.9,1,23,5
2026-06-07 00:00:00,campus,212.35,20.4,53.7,1,0,6
2026-06-07 01:00:00,campus,224.45,16.4,63.1,1,1,6
2026-06-07 02:00:00,campus,213.79,19.6,54.6,1,2,6
2026-06-07 03:00:00,campus,220.37,18.0,65.6,1,3,6
2026-06-07 04:00:00,campus,220.09,17.3,55.3,1,4,6
2026-06-07 05:00:00,campus,210.65,18.6,62.9,1,5,6
2026-06-07 06:00:00,campus,205.52,16.7,61.6,1,6,6
2026-06-07 07:00:00,campus,219.63,21.2,48.2,1,7,6
2026-06-07 08:00:00,campus,244.58,20.5,53.5,1,8,6
2026-06-07 09:00:00,campus,234.56,21.6,53.9,1,9,6
2026-06-07 10:00:00,campus,238.13,22.9,49.4,1,10,6
2026-06-07 11:00:00,campus,264.92,28.3,50.7,1,11,6
2026-06-07 12:00:00,campus,272.72,26.9,48.9,1,12,6
2026-06-07 13:00:00,campus,317.67,31.1,49.2,1,13,6
2026-06-07 14:00:00,campus,303.41,28.6,41.0,1,14,6
2026-06-07 15:00:00,campus,291.48,27.1,42.8,1,15,6
2026-06-07 16:00:00,campus,305.88,27.7,41.9,1,16,6
2026-06-07 17:00:00,campus,329.48,30.7,43.3,1,17,6
2026-06-07 18:00:00,campus,312.81,27.6,52.4,1,18,6
2026-06-07 19:00:00,campus,348.38,25.8,48.7,1,19,6
2026-06-07 20:00:00,campus,350.65,25.4,53.1,1,20,6
2026-06-07 21:00:00,campus,295.52,24.4,50.2,1,21,6
2026-06-07 22:00:00,campus,289.83,23.7,51.8,1,22,6
2026-06-07 23:00:00,campus,257.24,22.8,45.3,1,23,6
2026-06-08 00:00:00,campus,306.83,18.9,51.4,0,0,0
2026-06-08 01:00:00,campus,310.51,16.5,57.4,0,1,0
2026-06-08 02:00:00,campus,322.55,17.3,54.5,0,2,0
2026-06-08 03:00:00,campus,334.47,18.1,55.5,0,3,0
2026-06-08 04:00:00,campus,321.02,16.5,63.5,0,4,0
2026-06-08 05:00:00,campus,320.48,17.1,59.0,0,5,0
2026-06-08 06:00:00,campus,325.2,20.0,65.9,0,6,0
2026-06-08 07:00:00,campus,335.41,20.6,58.0,0,7,0
2026-06-08 08:00:00,campus,375.7,22.2,52.4,0,8,0
2026-06-08 09:00:00,campus,402.67,22.6,53.6,0,9,0
2026-06-08 10:00:00,campus,461.52,24.9,45.7,0,10,0
2026-06-08 11:00:00,campus,537.46,25.3,46.9,0,11,0
2026-06-08 12:00:00,campus,609.54,29.3,40.7,0,12,0
2026-06-08 13:00:00,campus,698.8,30.4,36.2,0,13,0
2026-06-08 14:00:00,campus,677.62,26.7,45.3,0,14,0
2026-06-08 15:00:00,campus,670.69,28.3,37.4,0,15,0
2026-06-08 16:00:00,campus,615.69,27.3,38.1,0,16,0
2026-06-08 17:00:00,campus,609.94,27.9,40.4,0,17,0
2026-06-08 18:00:00,campus,579.73,27.8,40.3,0,18,0
2026-06-08 19:00:00,campus,571.73,24.5,44.4,0,19,0
2026-06-08 20:00:00,campus,534.99,23.9,48.2,0,20,0
2026-06-08 21:00:00,campus,468.66,22.2,58.4,0,21,0
2026-06-08 22:00:00,campus,383.71,22.5,60.0,0,22,0
2026-06-08 23:00:00,campus,384.23,20.8,51.0,0,23,0
2026-06-09 00:00:00,campus,300.4,18.5,57.7,0,0,1
2026-06-09 01:00:00,campus,338.33,18.8,65.1,0,1,1
2026-06-09 02:00:00,campus,330.27,17.2,49.0,0,2,1
2026-06-09 03:00:00,campus,311.3,17.4,55.4,0,3,1
2026-06-09 04:00:00,campus,308.31,20.5,59.2,0,4,1
2026-06-09 05:00:00,campus,331.91,20.6,54.5,0,5,1
2026-06-09 06:00:00,campus,334.61,17.6,57.5,0,6,1
2026-06-09 07:00:00,campus,355.72,22.0,61.1,0,7,1
2026-06-09 08:00:00,campus,391.75,23.4,52.5,0,8,1
2026-06-09 09:00:00,campus,387.25,22.1,57.6,0,9,1
2026-06-09 10:00:00,campus,480.59,26.6,52.0,0,10,1
2026-06-09 11:00:00,campus,581.69,29.1,41.2,0,11,1
2026-06-09 12:00:00,campus,602.69,26.3,53.3,0,12,1
2026-06-09 13:00:00,campus,624.6,27.6,47.6,0,13,1
2026-06-09 14:00:00,campus,694.49,31.1,40.8,0,14,1
2026-06-09 15:00:00,campus,683.92,30.2,41.9,0,15,1
2026-06-09 16:00:00,campus,637.27,30.4,49.3,0,16,1
2026-06-09 17:00:00,campus,634.07,29.5,49.1,0,17,1
2026-06-09 18:00:00,campus,576.87,28.6,49.2,0,18,1
2026-06-09 19:00:00,campus,528.52,24.8,39.5,0,19,1
2026-06-09 20:00:00,campus,541.32,26.9,52.3,0,20,1
2026-06-09 21:00:00,campus,509.47,25.5,46.4,0,21,1
2026-06-09 22:00:00,campus,441.79,21.9,47.9,0,22,1
2026-06-09 23:00:00,campus,385.67,20.7,38.7,0,23,1
2026-06-10 00:00:00,campus,300.95,17.3,63.1,0,0,2
2026-06-10 01:00:00,campus,326.2,19.4,50.6,0,1,2
2026-06-10 02:00:00,campus,302.31,18.9,54.7,0,2,2
2026-06-10 03:00:00,campus,335.68,17.8,59.2,0,3,2
2026-06-10 04:00:00,campus,315.66,19.7,56.3,0,4,2
2026-06-10 05:00:00,campus,294.0,18.2,55.8,0,5,2
2026-06-10 06:00:00,campus,321.0,20.5,49.2,0,6,2
2026-06-10 07:00:00,campus,332.89,19.3,59.7,0,7,2
2026-06-10 08:00:00,campus,368.49,22.3,50.8,0,8,2
2026-06-10 09:00:00,campus,427.19,23.6,48.8,0,9,2
2026-06-10 10:00:00,campus,453.42,25.7,57.0,0,10,2
2026-06-10 11:00:00,campus,525.35,26.3,56.7,0,11,2
2026-06-10 12:00:00,campus,633.74,27.9,45.3,0,12,2
2026-06-10 13:00:00,campus,689.92,30.3,47.3,0,13,2
2026-06-10 14:00:00,campus,696.49,29.0,43.8,0,14,2
2026-06-10 15:00:00,campus,662.48,27.4,48.6,0,15,2
2026-06-10 16:00:00,campus,692.72,32.3,39.6,0,16,2
2026-06-10 17:00:00,campus,632.0,31.1,46.5,0,17,2
2026-06-10 18:00:00,campus,570.88,26.2,39.3,0,18,2
2026-06-10 19:00:00,campus,581.86,27.9,46.9,0,19,2
2026-06-10 20:00:00,campus,575.62,24.7,56.9,0,20,2
2026-06-10 21:00:00,campus,480.78,24.3,53.1,0,21,2
2026-06-10 22:00:00,campus,428.5,22.7,52.7,0,22,2
2026-06-10 23:00:00,campus,375.51,20.5,51.9,0,23,2
2026-06-11 00:00:00,campus,316.77,18.5,62.5,0,0,3
2026-06-11 01:00:00,campus,313.25,17.7,65.4,0,1,3
2026-06-11 02:00:00,campus,339.55,16.8,58.4,0,2,3
2026-06-11 03:00:00,campus,316.68,16.7,61.5,0,3,3
2026-06-11 04:00:00,campus,339.64,18.0,56.1,0,4,3
2026-06-11 05:00:00,campus,331.15,17.7,61.6,0,5,3
2026-06-11 06:00:00,campus,323.43,20.7,57.3,0,6,3
2026-06-11 07:00:00,campus,342.08,23.2,49.7,0,7,3
2026-06-11 08:00:00,campus,354.6,21.5,50.3,0,8,3
2026-06-11 09:00:00,campus,444.38,24.3,49.6,0,9,3
2026-06-11 10:00:00,campus,491.33,26.2,51.6,0,10,3
2026-06-11 11:00:00,campus,546.96,27.6,55.7,0,11,3
2026-06-11 12:00:00,campus,606.48,28.3,49.0,0,12,3
2026-06-11 13:00:00,campus,859.82,30.2,45.7,0,13,3
2026-06-11 14:00:00,campus,724.89,30.5,42.5,0,14,3
2026-06-11 15:00:00,campus,652.11,28.1,46.5,0,15,3
2026-06-11 16:00:00,campus,695.18,31.0,40.1,0,16,3
2026-06-11 17:00:00,campus,622.42,30.5,39.6,0,17,3
2026-06-11 18:00:00,campus,572.17,27.0,39.8,0,18,3
2026-06-11 19:00:00,campus,595.46,27.0,44.9,0,19,3
2026-06-11 20:00:00,campus,570.55,26.5,56.4,0,20,3
2026-06-11 21:00:00,campus,484.72,23.6,55.4,0,21,3
2026-06-11 22:00:00,campus,430.86,24.0,47.9,0,22,3
2026-06-11 23:00:00,campus,391.74,24.5,44.3,0,23,3
2026-06-12 00:00:00,campus,323.29,18.6,56.9,0,0,4
2026-06-12 01:00:00,campus,290.59,16.7,56.6,0,1,4
2026-06-12 02:00:00,campus,316.39,18.7,50.9,0,2,4
2026-06-12 03:00:00,campus,306.67,19.1,54.4,0,3,4
2026-06-12 04:00:00,campus,308.35,17.9,51.0,0,4,4
2026-06-12 05:00:00,campus,327.62,21.0,53.6,0,5,4
2026-06-12 06:00:00,campus,341.6,17.8,59.7,0,6,4
2026-06-12 07:00:00,campus,353.51,22.1,52.4,0,7,4
2026-06-12 08:00:00,campus,368.6,21.5,56.7,0,8,4
2026-06-12 09:00:00,campus,457.91,26.6,47.3,0,9,4
2026-06-12 10:00:00,campus,518.01,28.6,49.2,0,10,4
2026-06-12 11:00:00,campus,513.79,25.9,51.5,0,11,4
2026-06-12 12:00:00,campus,613.49,27.4,47.8,0,12,4
2026-06-12 13:00:00,campus,660.56,30.5,49.5,0,13,4
2026-06-12 14:00:00,campus,687.0,29.2,40.3,0,14,4
2026-06-12 15:00:00,campus,691.87,29.9,43.4,0,15,4
2026-06-12 16:00:00,campus,649.98,29.8,40.7,0,16,4
2026-06-12 17:00:00,campus,590.53,26.3,54.8,0,17,4
2026-06-12 18:00:00,campus,593.71,28.2,42.9,0,18,4
2026-06-12 19:00:00,campus,589.91,26.0,37.7,0,19,4
2026-06-12 20:00:00,campus,515.77,24.8,51.9,0,20,4
2026-06-12 21:00:00,campus,534.8,26.2,51.4,0,21,4
2026-06-12 22:00:00,campus,413.71,20.6,57.4,0,22,4
2026-06-12 23:00:00,campus,376.93,22.2,48.3,0,23,4
2026-06-13 00:00:00,campus,195.09,19.4,56.2,1,0,5
2026-06-13 01:00:00,campus,228.0,18.5,52.4,1,1,5
2026-06-13 02:00:00,campus,188.78,19.5,61.9,1,2,5
2026-06-13 03:00:00,campus,191.69,18.6,55.5,1,3,5
2026-06-13 04:00:00,campus,192.16,19.1,47.7,1,4,5
2026-06-13 05:00:00,campus,256.33,20.3,53.5,1,5,5
2026-06-13 06:00:00,campus,218.8,19.3,55.7,1,6,5
2026-06-13 07:00:00,campus,196.99,20.2,52.3,1,7,5
2026-06-13 08:00:00,campus,232.37,20.9,57.7,1,8,5
2026-06-13 09:00:00,campus,227.69,22.9,55.4,1,9,5
2026-06-13 10:00:00,campus,302.93,30.1,41.5,1,10,5
2026-06-13 11:00:00,campus,300.33,29.0,43.1,1,11,5
2026-06-13 12:00:00,campus,294.38,26.3,35.5,1,12,5
2026-06-13 13:00:00,campus,294.86,27.3,46.4,1,13,5
2026-06-13 14:00:00,campus,321.02,30.6,38.7,1,14,5
2026-06-13 15:00:00,campus,319.42,30.9,44.5,1,15,5
2026-06-13 16:00:00,campus,333.08,30.7,45.0,1,16,5
2026-06-13 17:00:00,campus,327.4,28.9,42.5,1,17,5
2026-06-13 18:00:00,campus,331.32,28.1,52.9,1,18,5
2026-06-13 19:00:00,campus,373.83,27.6,44.3,1,19,5
2026-06-13 20:00:00,campus,342.32,25.8,44.8,1,20,5
2026-06-13 21:00:00,campus,310.22,20.8,53.6,1,21,5
2026-06-13 22:00:00,campus,277.37,22.2,55.4,1,22,5
2026-06-13 23:00:00,campus,233.35,19.8,56.5,1,23,5
2026-06-14 00:00:00,campus,190.71,20.2,52.9,1,0,6
2026-06-14 01:00:00,campus,232.61,23.4,50.7,1,1,6
2026-06-14 02:00:00,campus,204.1,18.9,58.1,1,2,6
2026-06-14 03:00:00,campus,191.77,17.7,49.4,1,3,6
2026-06-14 04:00:00,campus,206.0,19.8,61.6,1,4,6
2026-06-14 05:00:00,campus,233.0,19.7,55.0,1,5,6
2026-06-14 06:00:00,campus,190.83,20.6,57.2,1,6,6
2026-06-14 07:00:00,campus,203.99,22.1,46.4,1,7,6
2026-06-14 08:00:00,campus,241.43,25.7,43.9,1,8,6
2026-06-14 09:00:00,campus,241.64,22.5,41.1,1,9,6
2026-06-14 10:00:00,campus,298.56,26.4,51.5,1,10,6
2026-06-14 11:00:00,campus,280.18,25.8,45.5,1,11,6
2026-06-14 12:00:00,campus,296.69,29.2,36.4,1,12,6
2026-06-14 13:00:00,campus,334.67,28.0,47.6,1,13,6
2026-06-14 14:00:00,campus,311.32,29.3,44.5,1,14,6
2026-06-14 15:00:00,campus,315.59,29.7,49.7,1,15,6
2026-06-14 16:00:00,campus,324.97,31.4,48.4,1,16,6
2026-06-14 17:00:00,campus,337.1,30.7,45.6,1,17,6
2026-06-14 18:00:00,campus,306.46,26.5,41.1,1,18,6
2026-06-14 19:00:00,campus,329.79,27.2,46.7,1,19,6
2026-06-14 20:00:00,campus,325.76,24.7,49.2,1,20,6
2026-06-14 21:00:00,campus,324.71,22.3,50.2,1,21,6
2026-06-14 22:00:00,campus,263.05,22.3,53.1,1,22,6
2026-06-14 23:00:00,campus,227.68,20.7,68.3,1,23,6
2026-06-15 00:00:00,campus,338.87,23.6,47.4,0,0,0
2026-06-15 01:00:00,campus,333.55,19.7,51.5,0,1,0
2026-06-15 02:00:00,campus,328.97,16.4,65.6,0,2,0
2026-06-15 03:00:00,campus,308.27,17.4,65.8,0,3,0
2026-06-15 04:00:00,campus,338.86,20.0,60.3,0,4,0
2026-06-15 05:00:00,campus,330.31,22.2,54.8,0,5,0
2026-06-15 06:00:00,campus,327.4,17.6,65.5,0,6,0
2026-06-15 07:00:00,campus,319.88,18.4,49.7,0,7,0
2026-06-15 08:00:00,campus,422.64,25.5,33.9,0,8,0
2026-06-15 09:00:00,campus,441.2,24.8,42.9,0,9,0
2026-06-15 10:00:00,campus,474.46,24.5,51.6,0,10,0
2026-06-15 11:00:00,campus,572.56,28.0,53.4,0,11,0
2026-06-15 12:00:00,campus,569.8,24.5,41.7,0,12,0
2026-06-15 13:00:00,campus,676.78,29.4,54.6,0,13,0
2026-06-15 14:00:00,campus,705.94,30.5,49.2,0,14,0
2026-06-15 15:00:00,campus,708.84,31.6,39.4,0,15,0
2026-06-15 16:00:00,campus,640.94,28.5,51.3,0,16,0
2026-06-15 17:00:00,campus,588.74,29.6,47.0,0,17,0
2026-06-15 18:00:00,campus,599.82,27.1,46.0,0,18,0
2026-06-15 19:00:00,campus,563.63,27.6,49.3,0,19,0
2026-06-15 20:00:00,campus,539.35,24.5,52.1,0,20,0
2026-06-15 21:00:00,campus,471.18,23.6,51.2,0,21,0
2026-06-15 22:00:00,campus,417.48,21.2,47.8,0,22,0
2026-06-15 23:00:00,campus,380.07,22.2,40.0,0,23,0
2026-06-16 00:00:00,campus,326.78,21.4,52.1,0,0,1
2026-06-16 01:00:00,campus,312.36,18.8,63.6,0,1,1
2026-06-16 02:00:00,campus,313.8,18.6,56.8,0,2,1
2026-06-16 03:00:00,campus,323.41,16.1,58.3,0,3,1
2026-06-16 04:00:00,campus,339.32,18.1,53.7,0,4,1
2026-06-16 05:00:00,campus,339.56,19.1,53.9,0,5,1
2026-06-16 06:00:00,campus,366.33,24.0,55.6,0,6,1
2026-06-16 07:00:00,campus,327.2,19.7,53.4,0,7,1
2026-06-16 08:00:00,campus,406.36,25.0,43.2,0,8,1
2026-06-16 09:00:00,campus,438.18,25.8,46.6,0,9,1
2026-06-16 10:00:00,campus,488.3,26.3,51.8,0,10,1
2026-06-16 11:00:00,campus,553.8,30.0,41.9,0,11,1
2026-06-16 12:00:00,campus,616.4,29.1,43.5,0,12,1
2026-06-16 13:00:00,campus,681.17,30.1,33.3,0,13,1
2026-06-16 14:00:00,campus,683.39,30.0,37.6,0,14,1
2026-06-16 15:00:00,campus,699.07,32.2,36.7,0,15,1
2026-06-16 16:00:00,campus,681.1,31.8,53.9,0,16,1
2026-06-16 17:00:00,campus,618.17,28.6,54.5,0,17,1
2026-06-16 18:00:00,campus,570.78,26.6,51.6,0,18,1
2026-06-16 19:00:00,campus,592.54,27.0,48.6,0,19,1
2026-06-16 20:00:00,campus,532.4,24.7,44.5,0,20,1
2026-06-16 21:00:00,campus,479.72,24.2,50.6,0,21,1
2026-06-16 22:00:00,campus,437.83,24.6,46.3,0,22,1
2026-06-16 23:00:00,campus,332.88,20.6,61.6,0,23,1
2026-06-17 00:00:00,campus,356.4,20.1,56.7,0,0,2
2026-06-17 01:00:00,campus,320.91,19.3,53.9,0,1,2
2026-06-17 02:00:00,campus,319.35,19.9,53.9,0,2,2
2026-06-17 03:00:00,campus,311.49,15.0,50.5,0,3,2
2026-06-17 04:00:00,campus,343.73,17.7,42.9,0,4,2
2026-06-17 05:00:00,campus,309.78,19.5,60.1,0,5,2
2026-06-17 06:00:00,campus,355.2,22.0,52.3,0,6,2
2026-06-17 07:00:00,campus,316.57,20.7,64.7,0,7,2
2026-06-17 08:00:00,campus,361.9,20.0,63.4,0,8,2
2026-06-17 09:00:00,campus,431.6,25.3,52.6,0,9,2
2026-06-17 10:00:00,campus,497.1,25.0,54.5,0,10,2
2026-06-17 11:00:00,campus,528.21,25.6,52.4,0,11,2
2026-06-17 12:00:00,campus,634.47,27.7,42.6,0,12,2
2026-06-17 13:00:00,campus,641.78,29.3,46.3,0,13,2
2026-06-17 14:00:00,campus,683.09,29.3,35.4,0,14,2
2026-06-17 15:00:00,campus,659.57,27.1,39.2,0,15,2
2026-06-17 16:00:00,campus,637.23,31.5,37.2,0,16,2
2026-06-17 17:00:00,campus,761.35,31.5,42.6,0,17,2
2026-06-17 18:00:00,campus,589.46,29.6,38.7,0,18,2
2026-06-17 19:00:00,campus,560.71,25.7,42.6,0,19,2
2026-06-17 20:00:00,campus,562.64,25.7,50.7,0,20,2
2026-06-17 21:00:00,campus,516.59,24.4,50.1,0,21,2
2026-06-17 22:00:00,campus,431.34,23.7,59.4,0,22,2
2026-06-17 23:00:00,campus,372.55,22.4,54.8,0,23,2
2026-06-18 00:00:00,campus,310.56,19.1,49.9,0,0,3
2026-06-18 01:00:00,campus,340.16,19.4,57.5,0,1,3
2026-06-18 02:00:00,campus,295.18,19.4,63.5,0,2,3
2026-06-18 03:00:00,campus,334.08,20.7,58.4,0,3,3
2026-06-18 04:00:00,campus,337.98,19.7,54.9,0,4,3
2026-06-18 05:00:00,campus,335.41,20.5,63.0,0,5,3
2026-06-18 06:00:00,campus,336.78,20.4,46.2,0,6,3
2026-06-18 07:00:00,campus,380.99,23.6,55.2,0,7,3
2026-06-18 08:00:00,campus,370.2,23.5,59.5,0,8,3
2026-06-18 09:00:00,campus,392.17,23.2,49.4,0,9,3
2026-06-18 10:00:00,campus,527.62,28.1,41.8,0,10,3
2026-06-18 11:00:00,campus,560.5,28.5,45.1,0,11,3
2026-06-18 12:00:00,campus,607.75,28.1,47.9,0,12,3
2026-06-18 13:00:00,campus,628.53,29.0,39.1,0,13,3
2026-06-18 14:00:00,campus,686.96,30.7,41.6,0,14,3
2026-06-18 15:00:00,campus,696.54,31.2,44.2,0,15,3
2026-06-18 16:00:00,campus,640.77,30.6,43.0,0,16,3
2026-06-18 17:00:00,campus,610.24,30.1,41.7,0,17,3
2026-06-18 18:00:00,campus,636.12,31.3,44.5,0,18,3
2026-06-18 19:00:00,campus,586.58,29.1,44.1,0,19,3
2026-06-18 20:00:00,campus,555.39,26.3,39.2,0,20,3
2026-06-18 21:00:00,campus,487.4,25.9,55.6,0,21,3
2026-06-18 22:00:00,campus,407.92,21.4,59.5,0,22,3
2026-06-18 23:00:00,campus,405.3,22.1,52.9,0,23,3
2026-06-19 00:00:00,campus,341.03,23.0,55.5,0,0,4
2026-06-19 01:00:00,campus,322.72,19.0,55.7,0,1,4
2026-06-19 02:00:00,campus,317.28,17.5,52.8,0,2,4
2026-06-19 03:00:00,campus,363.76,17.6,58.5,0,3,4
2026-06-19 04:00:00,campus,329.77,17.1,60.8,0,4,4
2026-06-19 05:00:00,campus,321.76,18.2,65.2,0,5,4
2026-06-19 06:00:00,campus,322.79,19.8,51.0,0,6,4
2026-06-19 07:00:00,campus,312.4,19.4,45.1,0,7,4
2026-06-19 08:00:00,campus,360.85,23.0,52.6,0,8,4
2026-06-19 09:00:00,campus,452.91,25.9,39.3,0,9,4
2026-06-19 10:00:00,campus,448.85,24.7,56.9,0,10,4
2026-06-19 11:00:00,campus,584.57,29.8,44.8,0,11,4
2026-06-19 12:00:00,campus,650.1,29.6,40.7,0,12,4
2026-06-19 13:00:00,campus,674.38,31.3,32.7,0,13,4
2026-06-19 14:00:00,campus,685.55,29.4,43.9,0,14,4
2026-06-19 15:00:00,campus,724.08,31.8,51.9,0,15,4
2026-06-19 16:00:00,campus,656.25,28.7,48.9,0,16,4
2026-06-19 17:00:00,campus,656.25,31.1,38.5,0,17,4
2026-06-19 18:00:00,campus,610.71,29.1,47.6,0,18,4
2026-06-19 19:00:00,campus,565.14,28.4,47.2,0,19,4
2026-06-19 20:00:00,campus,541.74,24.3,56.0,0,20,4
2026-06-19 21:00:00,campus,485.96,23.2,49.5,0,21,4
2026-06-19 22:00:00,campus,467.12,23.9,50.3,0,22,4
2026-06-19 23:00:00,campus,357.84,20.1,50.7,0,23,4
2026-06-20 00:00:00,campus,187.01,21.1,53.8,1,0,5
2026-06-20 01:00:00,campus,224.54,17.4,57.6,1,1,5
2026-06-20 02:00:00,campus,236.26,20.1,55.4,1,2,5
2026-06-20 03:00:00,campus,191.57,16.8,63.5,1,3,5
2026-06-20 04:00:00,campus,209.88,19.7,54.8,1,4,5
2026-06-20 05:00:00,campus,204.4,20.4,58.0,1,5,5
2026-06-20 06:00:00,campus,177.36,19.3,54.8,1,6,5
2026-06-20 07:00:00,campus,227.37,22.5,55.7,1,7,5
2026-06-20 08:00:00,campus,227.4,23.5,39.2,1,8,5
2026-06-20 09:00:00,campus,259.27,23.8,38.4,1,9,5
2026-06-20 10:00:00,campus,265.07,24.7,44.3,1,10,5
2026-06-20 11:00:00,campus,251.48,24.7,50.6,1,11,5
2026-06-20 12:00:00,campus,305.65,29.4,32.6,1,12,5
2026-06-20 13:00:00,campus,299.3,27.5,46.2,1,13,5
2026-06-20 14:00:00,campus,348.55,30.6,41.3,1,14,5
2026-06-20 15:00:00,campus,304.51,30.2,46.5,1,15,5
2026-06-20 16:00:00,campus,329.01,31.4,39.8,1,16,5
2026-06-20 17:00:00,campus,312.81,29.4,45.4,1,17,5
2026-06-20 18:00:00,campus,333.02,28.4,45.3,1,18,5
2026-06-20 19:00:00,campus,347.76,28.7,44.7,1,19,5
2026-06-20 20:00:00,campus,344.94,26.7,43.4,1,20,5
2026-06-20 21:00:00,campus,287.02,25.1,45.9,1,21,5
2026-06-20 22:00:00,campus,279.2,23.8,49.2,1,22,5
2026-06-20 23:00:00,campus,243.35,19.3,50.7,1,23,5
2026-06-21 00:00:00,campus,221.4,21.6,46.9,1,0,6
2026-06-21 01:00:00,campus,231.33,20.4,46.2,1,1,6
2026-06-21 02:00:00,campus,216.28,17.4,49.1,1,2,6
2026-06-21 03:00:00,campus,207.84,18.3,54.8,1,3,6
2026-06-21 04:00:00,campus,212.61,18.9,49.7,1,4,6
2026-06-21 05:00:00,campus,235.76,19.3,47.4,1,5,6
2026-06-21 06:00:00,campus,223.22,21.0,58.0,1,6,6
2026-06-21 07:00:00,campus,241.25,23.9,55.2,1,7,6
2026-06-21 08:00:00,campus,246.31,24.8,46.2,1,8,6
2026-06-21 09:00:00,campus,237.64,22.7,49.0,1,9,6
2026-06-21 10:00:00,campus,265.83,27.2,42.2,1,10,6
2026-06-21 11:00:00,campus,317.46,29.7,42.9,1,11,6
2026-06-21 12:00:00,campus,301.66,29.5,44.9,1,12,6
2026-06-21 13:00:00,campus,312.18,31.5,36.6,1,13,6
2026-06-21 14:00:00,campus,332.64,33.5,47.1,1,14,6
2026-06-21 15:00:00,campus,339.82,32.2,37.1,1,15,6
2026-06-21 16:00:00,campus,358.95,30.9,42.1,1,16,6
2026-06-21 17:00:00,campus,319.28,31.5,44.3,1,17,6
2026-06-21 18:00:00,campus,362.3,29.2,31.2,1,18,6
2026-06-21 19:00:00,campus,321.63,27.7,45.4,1,19,6
2026-06-21 20:00:00,campus,361.93,25.7,50.1,1,20,6
2026-06-21 21:00:00,campus,339.11,27.1,44.2,1,21,6
2026-06-21 22:00:00,campus,272.92,21.9,52.9,1,22,6
2026-06-21 23:00:00,campus,261.93,24.0,41.0,1,23,6
2026-06-22 00:00:00,campus,324.17,21.3,61.2,0,0,0
2026-06-22 01:00:00,campus,308.13,17.5,67.0,0,1,0
2026-06-22 02:00:00,campus,324.03,19.5,48.3,0,2,0
2026-06-22 03:00:00,campus,317.47,15.6,58.4,0,3,0
2026-06-22 04:00:00,campus,311.13,19.9,48.2,0,4,0
2026-06-22 05:00:00,campus,355.09,20.9,57.3,0,5,0
2026-06-22 06:00:00,campus,308.06,19.7,53.9,0,6,0
2026-06-22 07:00:00,campus,367.97,22.0,50.4,0,7,0
2026-06-22 08:00:00,campus,411.05,26.2,52.0,0,8,0
2026-06-22 09:00:00,campus,420.45,24.0,46.7,0,9,0
2026-06-22 10:00:00,campus,465.27,24.8,42.0,0,10,0
2026-06-22 11:00:00,campus,595.28,30.0,40.6,0,11,0
2026-06-22 12:00:00,campus,661.02,32.0,34.7,0,12,0
2026-06-22 13:00:00,campus,660.91,30.0,42.6,0,13,0
2026-06-22 14:00:00,campus,730.18,32.1,31.1,0,14,0
2026-06-22 15:00:00,campus,685.53,32.8,52.6,0,15,0
2026-06-22 16:00:00,campus,642.63,29.5,41.6,0,16,0
2026-06-22 17:00:00,campus,630.38,29.3,40.6,0,17,0
2026-06-22 18:00:00,campus,619.31,30.9,39.3,0,18,0
2026-06-22 19:00:00,campus,616.87,30.3,49.0,0,19,0
2026-06-22 20:00:00,campus,550.95,27.2,49.0,0,20,0
2026-06-22 21:00:00,campus,507.75,23.5,56.6,0,21,0
2026-06-22 22:00:00,campus,448.0,26.2,59.8,0,22,0
2026-06-22 23:00:00,campus,355.07,21.0,50.9,0,23,0
2026-06-23 00:00:00,campus,397.68,20.1,54.5,0,0,1
2026-06-23 01:00:00,campus,295.87,20.2,61.1,0,1,1
2026-06-23 02:00:00,campus,320.16,21.4,41.6,0,2,1
2026-06-23 03:00:00,campus,300.94,20.1,61.6,0,3,1
2026-06-23 04:00:00,campus,319.61,19.7,59.4,0,4,1
2026-06-23 05:00:00,campus,336.1,20.4,59.9,0,5,1
2026-06-23 06:00:00,campus,343.26,20.7,51.8,0,6,1
2026-06-23 07:00:00,campus,339.02,22.7,57.8,0,7,1
2026-06-23 08:00:00,campus,355.37,19.5,56.8,0,8,1
2026-06-23 09:00:00,campus,400.52,24.4,49.1,0,9,1
2026-06-23 10:00:00,campus,484.05,26.8,47.9,0,10,1
2026-06-23 11:00:00,campus,528.07,26.1,50.2,0,11,1
2026-06-23 12:00:00,campus,636.45,29.7,41.7,0,12,1
2026-06-23 13:00:00,campus,684.57,29.8,39.3,0,13,1
2026-06-23 14:00:00,campus,735.13,33.3,43.1,0,14,1
2026-06-23 15:00:00,campus,709.39,33.2,40.9,0,15,1
2026-06-23 16:00:00,campus,637.48,30.0,45.3,0,16,1
2026-06-23 17:00:00,campus,612.8,29.8,43.1,0,17,1
2026-06-23 18:00:00,campus,625.17,29.0,47.8,0,18,1
2026-06-23 19:00:00,campus,571.97,27.2,37.7,0,19,1
2026-06-23 20:00:00,campus,542.82,26.7,54.8,0,20,1
2026-06-23 21:00:00,campus,483.58,23.7,56.3,0,21,1
2026-06-23 22:00:00,campus,427.73,21.6,46.5,0,22,1
2026-06-23 23:00:00,campus,419.87,22.8,50.8,0,23,1
2026-06-24 00:00:00,campus,346.18,21.6,50.1,0,0,2
2026-06-24 01:00:00,campus,317.52,18.5,60.3,0,1,2
2026-06-24 02:00:00,campus,397.31,20.5,60.0,0,2,2
2026-06-24 03:00:00,campus,301.77,18.0,55.5,0,3,2
2026-06-24 04:00:00,campus,318.98,19.5,65.7,0,4,2
2026-06-24 05:00:00,campus,337.68,21.0,56.0,0,5,2
2026-06-24 06:00:00,campus,321.16,20.7,56.7,0,6,2
2026-06-24 07:00:00,campus,336.48,22.6,55.3,0,7,2
2026-06-24 08:00:00,campus,388.08,22.6,51.5,0,8,2
2026-06-24 09:00:00,campus,417.63,24.6,53.7,0,9,2
2026-06-24 10:00:00,campus,485.08,26.2,51.5,0,10,2
2026-06-24 11:00:00,campus,549.89,26.8,53.9,0,11,2
2026-06-24 12:00:00,campus,607.61,28.9,46.2,0,12,2
2026-06-24 13:00:00,campus,665.82,27.8,41.1,0,13,2
2026-06-24 14:00:00,campus,674.21,30.0,37.5,0,14,2
2026-06-24 15:00:00,campus,701.03,30.5,43.1,0,15,2
2026-06-24 16:00:00,campus,673.25,30.4,46.6,0,16,2
2026-06-24 17:00:00,campus,616.82,29.8,30.8,0,17,2
2026-06-24 18:00:00,campus,618.7,29.1,38.5,0,18,2
2026-06-24 19:00:00,campus,595.42,28.7,45.4,0,19,2
2026-06-24 20:00:00,campus,556.0,27.8,46.5,0,20,2
2026-06-24 21:00:00,campus,503.98,24.0,42.7,0,21,2
2026-06-24 22:00:00,campus,442.29,21.6,56.4,0,22,2
2026-06-24 23:00:00,campus,369.33,20.4,48.4,0,23,2
2026-06-25 00:00:00,campus,289.47,20.0,52.3,0,0,3
2026-06-25 01:00:00,campus,311.03,19.3,46.7,0,1,3
2026-06-25 02:00:00,campus,297.28,18.1,59.2,0,2,3
2026-06-25 03:00:00,campus,299.3,17.1,58.5,0,3,3
2026-06-25 04:00:00,campus,328.79,18.5,66.4,0,4,3
2026-06-25 05:00:00,campus,316.09,20.1,60.5,0,5,3
2026-06-25 06:00:00,campus,341.79,21.7,58.3,0,6,3
2026-06-25 07:00:00,campus,360.91,21.2,57.2,0,7,3
2026-06-25 08:00:00,campus,366.02,22.8,52.5,0,8,3
2026-06-25 09:00:00,campus,418.83,23.6,48.9,0,9,3
2026-06-25 10:00:00,campus,470.47,26.5,49.6,0,10,3
2026-06-25 11:00:00,campus,561.26,26.7,51.8,0,11,3
2026-06-25 12:00:00,campus,654.73,30.1,37.4,0,12,3
2026-06-25 13:00:00,campus,653.61,27.5,39.3,0,13,3
2026-06-25 14:00:00,campus,712.87,30.3,40.5,0,14,3
2026-06-25 15:00:00,campus,680.67,31.5,48.3,0,15,3
2026-06-25 16:00:00,campus,678.3,31.1,43.9,0,16,3
2026-06-25 17:00:00,campus,662.11,34.3,26.2,0,17,3
2026-06-25 18:00:00,campus,622.53,29.8,39.6,0,18,3
2026-06-25 19:00:00,campus,564.28,26.5,56.0,0,19,3
2026-06-25 20:00:00,campus,549.55,26.4,44.6,0,20,3
2026-06-25 21:00:00,campus,477.75,22.4,58.1,0,21,3
2026-06-25 22:00:00,campus,445.65,23.3,55.6,0,22,3
2026-06-25 23:00:00,campus,355.43,20.8,54.2,0,23,3
2026-06-26 00:00:00,campus,338.8,22.2,51.0,0,0,4
2026-06-26 01:00:00,campus,327.13,19.1,66.6,0,1,4
2026-06-26 02:00:00,campus,294.83,19.1,52.5,0,2,4
2026-06-26 03:00:00,campus,333.22,18.1,61.5,0,3,4
2026-06-26 04:00:00,campus,311.0,21.9,56.3,0,4,4
2026-06-26 05:00:00,campus,322.51,19.4,62.7,0,5,4
2026-06-26 06:00:00,campus,370.68,23.6,47.9,0,6,4
2026-06-26 07:00:00,campus,362.3,23.3,55.5,0,7,4
2026-06-26 08:00:00,campus,381.82,24.3,53.0,0,8,4
2026-06-26 09:00:00,campus,438.15,25.7,40.3,0,9,4
2026-06-26 10:00:00,campus,494.7,27.2,40.4,0,10,4
2026-06-26 11:00:00,campus,546.92,25.2,49.7,0,11,4
2026-06-26 12:00:00,campus,627.35,28.9,38.3,0,12,4
2026-06-26 13:00:00,campus,707.83,31.6,44.1,0,13,4
2026-06-26 14:00:00,campus,697.46,30.8,45.1,0,14,4
2026-06-26 15:00:00,campus,656.39,29.0,44.8,0,15,4
2026-06-26 16:00:00,campus,654.23,30.8,35.5,0,16,4
2026-06-26 17:00:00,campus,655.35,32.9,38.5,0,17,4
2026-06-26 18:00:00,campus,636.7,31.2,47.9,0,18,4
2026-06-26 19:00:00,campus,572.86,28.0,43.4,0,19,4
2026-06-26 20:00:00,campus,557.22,28.1,48.5,0,20,4
2026-06-26 21:00:00,campus,499.27,24.6,51.7,0,21,4
2026-06-26 22:00:00,campus,400.33,21.0,50.4,0,22,4
2026-06-26 23:00:00,campus,385.51,20.7,60.0,0,23,4
2026-06-27 00:00:00,campus,247.49,23.3,53.2,1,0,5
2026-06-27 01:00:00,campus,221.24,19.6,53.7,1,1,5
2026-06-27 02:00:00,campus,235.53,19.0,58.3,1,2,5
2026-06-27 03:00:00,campus,179.76,18.7,48.0,1,3,5
2026-06-27 04:00:00,campus,225.95,22.2,56.5,1,4,5
2026-06-27 05:00:00,campus,233.69,22.4,44.1,1,5,5
2026-06-27 06:00:00,campus,215.12,24.3,37.7,1,6,5
2026-06-27 07:00:00,campus,207.36,21.9,61.2,1,7,5
2026-06-27 08:00:00,campus,226.49,24.1,50.8,1,8,5
2026-06-27 09:00:00,campus,234.9,22.9,59.6,1,9,5
2026-06-27 10:00:00,campus,281.48,28.9,47.2,1,10,5
2026-06-27 11:00:00,campus,271.61,26.4,49.9,1,11,5
2026-06-27 12:00:00,campus,297.67,29.7,47.2,1,12,5
2026-06-27 13:00:00,campus,298.95,28.7,37.3,1,13,5
2026-06-27 14:00:00,campus,310.31,30.1,36.1,1,14,5
2026-06-27 15:00:00,campus,319.34,29.9,38.2,1,15,5
2026-06-27 16:00:00,campus,337.35,30.1,45.7,1,16,5
2026-06-27 17:00:00,campus,330.57,29.6,41.7,1,17,5
2026-06-27 18:00:00,campus,362.39,28.6,49.5,1,18,5
2026-06-27 19:00:00,campus,352.51,29.4,48.4,1,19,5
2026-06-27 20:00:00,campus,333.47,25.1,51.8,1,20,5
2026-06-27 21:00:00,campus,336.06,25.5,52.3,1,21,5
2026-06-27 22:00:00,campus,300.48,25.5,47.4,1,22,5
2026-06-27 23:00:00,campus,246.86,21.4,63.2,1,23,5
2026-06-28 00:00:00,campus,210.61,19.9,46.0,1,0,6
2026-06-28 01:00:00,campus,221.04,19.7,62.7,1,1,6
2026-06-28 02:00:00,campus,199.18,21.2,51.8,1,2,6
2026-06-28 03:00:00,campus,179.56,19.5,47.6,1,3,6
2026-06-28 04:00:00,campus,227.23,18.7,67.6,1,4,6
2026-06-28 05:00:00,campus,199.4,20.8,60.5,1,5,6
2026-06-28 06:00:00,campus,201.18,19.4,54.9,1,6,6
2026-06-28 07:00:00,campus,229.25,23.3,47.8,1,7,6
2026-06-28 08:00:00,campus,221.14,24.3,47.3,1,8,6
2026-06-28 09:00:00,campus,252.84,24.8,37.4,1,9,6
2026-06-28 10:00:00,campus,277.51,25.6,44.1,1,10,6
2026-06-28 11:00:00,campus,253.38,26.9,39.6,1,11,6
2026-06-28 12:00:00,campus,316.11,30.3,45.7,1,12,6
2026-06-28 13:00:00,campus,340.79,32.3,46.4,1,13,6
2026-06-28 14:00:00,campus,339.42,30.1,42.0,1,14,6
2026-06-28 15:00:00,campus,344.32,31.9,39.6,1,15,6
2026-06-28 16:00:00,campus,290.86,27.9,49.8,1,16,6
2026-06-28 17:00:00,campus,335.88,29.6,34.5,1,17,6
2026-06-28 18:00:00,campus,341.55,29.5,42.2,1,18,6
2026-06-28 19:00:00,campus,359.13,26.9,57.5,1,19,6
2026-06-28 20:00:00,campus,327.55,25.4,47.3,1,20,6
2026-06-28 21:00:00,campus,326.42,24.3,51.0,1,21,6
2026-06-28 22:00:00,campus,291.38,24.1,46.8,1,22,6
2026-06-28 23:00:00,campus,270.09,22.0,46.6,1,23,6
2026-06-29 00:00:00,campus,308.13,17.7,51.8,0,0,0
2026-06-29 01:00:00,campus,298.99,17.0,57.6,0,1,0
2026-06-29 02:00:00,campus,313.73,18.6,54.2,0,2,0
2026-06-29 03:00:00,campus,320.08,20.0,49.7,0,3,0
2026-06-29 04:00:00,campus,298.03,15.4,71.4,0,4,0
2026-06-29 05:00:00,campus,316.84,19.4,54.3,0,5,0
2026-06-29 06:00:00,campus,350.89,20.3,58.5,0,6,0
2026-06-29 07:00:00,campus,389.94,24.4,54.7,0,7,0
2026-06-29 08:00:00,campus,385.16,23.2,58.0,0,8,0
2026-06-29 09:00:00,campus,424.72,25.9,42.7,0,9,0
2026-06-29 10:00:00,campus,492.56,27.1,45.8,0,10,0
2026-06-29 11:00:00,campus,524.33,25.1,39.7,0,11,0
2026-06-29 12:00:00,campus,645.65,30.7,48.9,0,12,0
2026-06-29 13:00:00,campus,694.76,30.9,41.9,0,13,0
2026-06-29 14:00:00,campus,721.06,31.9,41.3,0,14,0
2026-06-29 15:00:00,campus,746.37,37.2,33.7,0,15,0
2026-06-29 16:00:00,campus,646.94,28.0,49.1,0,16,0
2026-06-29 17:00:00,campus,637.08,33.1,38.2,0,17,0
2026-06-29 18:00:00,campus,589.65,29.1,39.2,0,18,0
2026-06-29 19:00:00,campus,585.0,28.8,44.3,0,19,0
2026-06-29 20:00:00,campus,533.01,26.8,49.6,0,20,0
2026-06-29 21:00:00,campus,479.68,24.7,43.5,0,21,0
2026-06-29 22:00:00,campus,439.2,22.9,62.1,0,22,0
2026-06-29 23:00:00,campus,356.73,22.8,51.8,0,23,0
2026-06-30 00:00:00,campus,308.42,18.9,59.6,0,0,1
2026-06-30 01:00:00,campus,325.59,21.3,42.5,0,1,1
2026-06-30 02:00:00,campus,320.1,19.0,53.4,0,2,1
2026-06-30 03:00:00,campus,296.42,17.7,60.9,0,3,1
2026-06-30 04:00:00,campus,331.63,18.9,57.9,0,4,1
2026-06-30 05:00:00,campus,330.96,22.1,49.9,0,5,1
2026-06-30 06:00:00,campus,315.11,20.4,50.9,0,6,1
2026-06-30 07:00:00,campus,352.06,22.9,49.4,0,7,1
2026-06-30 08:00:00,campus,372.46,22.8,52.5,0,8,1
2026-06-30 09:00:00,campus,421.82,26.5,44.2,0,9,1
2026-06-30 10:00:00,campus,512.97,28.0,48.4,0,10,1
2026-06-30 11:00:00,campus,587.91,31.2,41.4,0,11,1
2026-06-30 12:00:00,campus,628.37,29.4,43.7,0,12,1
2026-06-30 13:00:00,campus,685.25,31.6,40.5,0,13,1
2026-06-30 14:00:00,campus,699.3,31.4,40.9,0,14,1
2026-06-30 15:00:00,campus,706.98,33.4,35.4,0,15,1
2026-06-30 16:00:00,campus,629.07,30.1,40.5,0,16,1
2026-06-30 17:00:00,campus,635.84,31.7,37.8,0,17,1
2026-06-30 18:00:00,campus,615.41,29.4,38.2,0,18,1
2026-06-30 19:00:00,campus,581.36,28.3,41.2,0,19,1
2026-06-30 20:00:00,campus,564.12,27.1,44.5,0,20,1
2026-06-30 21:00:00,campus,553.85,25.8,42.0,0,21,1
2026-06-30 22:00:00,campus,461.21,23.7,51.9,0,22,1
2026-06-30 23:00:00,campus,398.49,22.7,45.7,0,23,1
2026-07-01 00:00:00,campus,333.66,23.6,65.5,0,0,2
2026-07-01 01:00:00,campus,337.18,21.8,54.6,0,1,2
2026-07-01 02:00:00,campus,320.39,21.0,57.6,0,2,2
2026-07-01 03:00:00,campus,318.73,18.8,62.2,0,3,2
2026-07-01 04:00:00,campus,315.58,18.4,55.2,0,4,2
2026-07-01 05:00:00,campus,335.92,21.7,63.9,0,5,2
2026-07-01 06:00:00,campus,347.28,22.6,60.2,0,6,2
2026-07-01 07:00:00,campus,381.77,24.7,48.9,0,7,2
2026-07-01 08:00:00,campus,403.03,23.0,54.2,0,8,2
2026-07-01 09:00:00,campus,428.58,25.1,41.3,0,9,2
2026-07-01 10:00:00,campus,436.07,24.6,51.6,0,10,2
2026-07-01 11:00:00,campus,542.93,27.9,37.5,0,11,2
2026-07-01 12:00:00,campus,649.55,31.2,34.4,0,12,2
2026-07-01 13:00:00,campus,675.0,30.0,45.6,0,13,2
2026-07-01 14:00:00,campus,711.37,32.2,35.5,0,14,2
2026-07-01 15:00:00,campus,721.51,31.2,41.8,0,15,2
2026-07-01 16:00:00,campus,679.35,31.8,39.0,0,16,2
2026-07-01 17:00:00,campus,621.48,29.0,42.6,0,17,2
2026-07-01 18:00:00,campus,613.67,29.9,51.2,0,18,2
2026-07-01 19:00:00,campus,548.62,24.0,56.6,0,19,2
2026-07-01 20:00:00,campus,576.28,26.8,40.0,0,20,2
2026-07-01 21:00:00,campus,485.27,23.0,45.6,0,21,2
2026-07-01 22:00:00,campus,462.32,25.7,56.2,0,22,2
2026-07-01 23:00:00,campus,405.05,23.7,52.9,0,23,2
2026-07-02 00:00:00,campus,324.0,22.0,52.3,0,0,3
2026-07-02 01:00:00,campus,335.0,22.7,51.4,0,1,3
2026-07-02 02:00:00,campus,327.63,18.3,48.9,0,2,3
2026-07-02 03:00:00,campus,324.03,22.2,48.5,0,3,3
2026-07-02 04:00:00,campus,299.3,21.2,55.3,0,4,3
2026-07-02 05:00:00,campus,326.94,20.0,61.0,0,5,3
2026-07-02 06:00:00,campus,355.18,23.0,52.2,0,6,3
2026-07-02 07:00:00,campus,363.2,20.9,58.1,0,7,3
2026-07-02 08:00:00,campus,338.99,22.8,50.9,0,8,3
2026-07-02 09:00:00,campus,432.77,24.7,54.2,0,9,3
2026-07-02 10:00:00,campus,482.82,26.3,47.6,0,10,3
2026-07-02 11:00:00,campus,544.87,27.0,36.5,0,11,3
2026-07-02 12:00:00,campus,629.46,31.6,38.5,0,12,3
2026-07-02 13:00:00,campus,659.96,30.4,37.5,0,13,3
2026-07-02 14:00:00,campus,718.22,31.9,45.4,0,14,3
2026-07-02 15:00:00,campus,689.95,30.7,30.3,0,15,3
2026-07-02 16:00:00,campus,635.15,28.6,49.0,0,16,3
2026-07-02 17:00:00,campus,661.35,31.2,39.7,0,17,3
2026-07-02 18:00:00,campus,577.32,26.9,39.5,0,18,3
2026-07-02 19:00:00,campus,595.9,28.5,45.6,0,19,3
2026-07-02 20:00:00,campus,518.49,25.1,47.8,0,20,3
2026-07-02 21:00:00,campus,536.58,28.5,47.5,0,21,3
2026-07-02 22:00:00,campus,467.23,25.4,53.5,0,22,3
2026-07-02 23:00:00,campus,415.29,22.7,60.5,0,23,3
2026-07-03 00:00:00,campus,321.15,23.3,61.2,0,0,4
2026-07-03 01:00:00,campus,319.2,19.2,55.5,0,1,4
2026-07-03 02:00:00,campus,354.21,20.7,58.9,0,2,4
2026-07-03 03:00:00,campus,300.67,19.9,45.8,0,3,4
2026-07-03 04:00:00,campus,325.68,20.2,54.7,0,4,4
2026-07-03 05:00:00,campus,330.51,22.4,52.9,0,5,4
2026-07-03 06:00:00,campus,321.5,22.5,63.0,0,6,4
2026-07-03 07:00:00,campus,361.75,23.1,50.5,0,7,4
2026-07-03 08:00:00,campus,337.78,21.6,51.1,0,8,4
2026-07-03 09:00:00,campus,404.62,24.2,55.6,0,9,4
2026-07-03 10:00:00,campus,512.51,27.0,53.4,0,10,4
2026-07-03 11:00:00,campus,595.09,28.8,46.1,0,11,4
2026-07-03 12:00:00,campus,635.72,28.2,48.4,0,12,4
2026-07-03 13:00:00,campus,709.23,34.5,41.2,0,13,4
2026-07-03 14:00:00,campus,726.25,33.7,40.2,0,14,4
2026-07-03 15:00:00,campus,708.87,32.5,39.7,0,15,4
2026-07-03 16:00:00,campus,626.41,31.5,40.8,0,16,4
2026-07-03 17:00:00,campus,616.85,30.5,44.2,0,17,4
2026-07-03 18:00:00,campus,589.49,28.5,49.5,0,18,4
2026-07-03 19:00:00,campus,582.12,28.8,44.6,0,19,4
2026-07-03 20:00:00,campus,549.25,27.6,50.8,0,20,4
2026-07-03 21:00:00,campus,475.53,23.8,51.1,0,21,4
2026-07-03 22:00:00,campus,474.15,24.6,47.8,0,22,4
2026-07-03 23:00:00,campus,358.74,22.4,56.3,0,23,4
2026-07-04 00:00:00,campus,174.16,18.6,64.7,1,0,5
2026-07-04 01:00:00,campus,226.18,19.2,61.4,1,1,5
2026-07-04 02:00:00,campus,193.72,19.3,47.1,1,2,5
2026-07-04 03:00:00,campus,211.62,22.6,60.4,1,3,5
2026-07-04 04:00:00,campus,211.36,20.8,57.7,1,4,5
2026-07-04 05:00:00,campus,236.14,18.5,60.7,1,5,5
2026-07-04 06:00:00,campus,240.89,22.2,48.7,1,6,5
2026-07-04 07:00:00,campus,233.24,20.4,57.3,1,7,5
2026-07-04 08:00:00,campus,253.25,25.8,40.7,1,8,5
2026-07-04 09:00:00,campus,231.28,25.0,53.5,1,9,5
2026-07-04 10:00:00,campus,271.93,27.1,53.3,1,10,5
2026-07-04 11:00:00,campus,300.95,30.7,42.7,1,11,5
2026-07-04 12:00:00,campus,282.32,28.0,42.4,1,12,5
2026-07-04 13:00:00,campus,301.64,28.8,47.8,1,13,5
2026-07-04 14:00:00,campus,327.63,30.6,41.4,1,14,5
2026-07-04 15:00:00,campus,327.29,33.3,48.0,1,15,5
2026-07-04 16:00:00,campus,294.03,29.2,38.4,1,16,5
2026-07-04 17:00:00,campus,285.85,26.7,50.6,1,17,5
2026-07-04 18:00:00,campus,326.31,29.3,34.8,1,18,5
2026-07-04 19:00:00,campus,351.0,29.5,40.6,1,19,5
2026-07-04 20:00:00,campus,387.85,29.1,41.6,1,20,5
2026-07-04 21:00:00,campus,335.18,25.0,50.2,1,21,5
2026-07-04 22:00:00,campus,280.85,23.6,52.1,1,22,5
2026-07-04 23:00:00,campus,281.92,24.5,53.3,1,23,5
2026-07-05 00:00:00,campus,211.49,18.8,56.8,1,0,6
2026-07-05 01:00:00,campus,216.96,20.0,44.6,1,1,6
2026-07-05 02:00:00,campus,220.54,20.3,58.9,1,2,6
2026-07-05 03:00:00,campus,175.08,20.5,56.2,1,3,6
2026-07-05 04:00:00,campus,193.41,19.2,56.8,1,4,6
2026-07-05 05:00:00,campus,210.07,20.7,57.1,1,5,6
2026-07-05 06:00:00,campus,213.42,17.8,54.4,1,6,6
2026-07-05 07:00:00,campus,213.8,21.8,57.9,1,7,6
2026-07-05 08:00:00,campus,239.73,24.9,54.1,1,8,6
2026-07-05 09:00:00,campus,271.89,24.3,44.1,1,9,6
2026-07-05 10:00:00,campus,266.52,27.4,45.6,1,10,6
2026-07-05 11:00:00,campus,291.46,29.5,51.0,1,11,6
2026-07-05 12:00:00,campus,306.33,29.5,37.5,1,12,6
2026-07-05 13:00:00,campus,334.69,31.3,53.6,1,13,6
2026-07-05 14:00:00,campus,316.63,30.2,44.5,1,14,6
2026-07-05 15:00:00,campus,312.53,31.5,47.7,1,15,6
2026-07-05 16:00:00,campus,326.6,32.5,34.6,1,16,6
2026-07-05 17:00:00,campus,334.78,31.2,35.5,1,17,6
2026-07-05 18:00:00,campus,349.86,29.2,43.8,1,18,6
2026-07-05 19:00:00,campus,360.89,29.1,47.0,1,19,6
2026-07-05 20:00:00,campus,336.52,28.4,33.8,1,20,6
2026-07-05 21:00:00,campus,302.32,22.7,53.7,1,21,6
2026-07-05 22:00:00,campus,313.45,26.0,47.8,1,22,6
2026-07-05 23:00:00,campus,267.49,22.3,57.0,1,23,6
2026-07-06 00:00:00,campus,302.73,22.3,58.9,0,0,0
2026-07-06 01:00:00,campus,357.2,22.5,55.6,0,1,0
2026-07-06 02:00:00,campus,302.31,18.0,61.6,0,2,0
2026-07-06 03:00:00,campus,323.06,18.8,65.6,0,3,0
2026-07-06 04:00:00,campus,330.89,19.6,47.8,0,4,0
2026-07-06 05:00:00,campus,299.16,19.5,59.3,0,5,0
2026-07-06 06:00:00,campus,350.71,24.2,53.9,0,6,0
2026-07-06 07:00:00,campus,363.49,21.6,58.3,0,7,0
2026-07-06 08:00:00,campus,368.82,23.5,58.8,0,8,0
2026-07-06 09:00:00,campus,431.75,26.2,45.2,0,9,0
2026-07-06 10:00:00,campus,485.07,25.6,49.5,0,10,0
2026-07-06 11:00:00,campus,579.56,28.3,43.6,0,11,0
2026-07-06 12:00:00,campus,657.45,30.6,46.2,0,12,0
2026-07-06 13:00:00,campus,676.95,30.6,42.8,0,13,0
2026-07-06 14:00:00,campus,714.43,31.5,36.8,0,14,0
2026-07-06 15:00:00,campus,691.53,31.1,37.9,0,15,0
2026-07-06 16:00:00,campus,633.59,29.4,47.7,0,16,0
2026-07-06 17:00:00,campus,615.73,31.6,43.8,0,17,0
2026-07-06 18:00:00,campus,631.09,32.8,41.9,0,18,0
2026-07-06 19:00:00,campus,580.39,28.9,35.3,0,19,0
2026-07-06 20:00:00,campus,584.45,27.8,42.9,0,20,0
2026-07-06 21:00:00,campus,491.34,26.9,41.0,0,21,0
2026-07-06 22:00:00,campus,427.09,22.4,54.8,0,22,0
2026-07-06 23:00:00,campus,407.21,25.4,42.8,0,23,0
2026-07-07 00:00:00,campus,327.78,22.0,48.2,0,0,1
2026-07-07 01:00:00,campus,336.44,23.2,47.7,0,1,1
2026-07-07 02:00:00,campus,336.27,19.1,51.1,0,2,1
2026-07-07 03:00:00,campus,314.72,22.7,49.7,0,3,1
2026-07-07 04:00:00,campus,297.95,21.3,58.8,0,4,1
2026-07-07 05:00:00,campus,359.78,21.6,48.2,0,5,1
2026-07-07 06:00:00,campus,341.0,22.1,57.8,0,6,1
2026-07-07 07:00:00,campus,357.32,22.6,53.8,0,7,1
2026-07-07 08:00:00,campus,417.55,26.2,44.7,0,8,1
2026-07-07 09:00:00,campus,474.1,26.2,56.5,0,9,1
2026-07-07 10:00:00,campus,499.05,24.6,46.3,0,10,1
2026-07-07 11:00:00,campus,531.06,27.3,51.4,0,11,1
2026-07-07 12:00:00,campus,659.32,29.9,38.2,0,12,1
2026-07-07 13:00:00,campus,713.23,31.6,33.5,0,13,1
2026-07-07 14:00:00,campus,707.87,31.7,38.8,0,14,1
2026-07-07 15:00:00,campus,749.79,33.8,41.6,0,15,1
2026-07-07 16:00:00,campus,627.68,28.8,44.3,0,16,1
2026-07-07 17:00:00,campus,623.26,31.4,39.5,0,17,1
2026-07-07 18:00:00,campus,582.73,27.5,48.1,0,18,1
2026-07-07 19:00:00,campus,624.48,30.1,43.6,0,19,1
2026-07-07 20:00:00,campus,562.89,27.4,54.5,0,20,1
2026-07-07 21:00:00,campus,518.74,26.6,51.6,0,21,1
2026-07-07 22:00:00,campus,419.02,23.1,48.5,0,22,1
2026-07-07 23:00:00,campus,400.59,24.9,50.6,0,23,1
2026-07-08 00:00:00,campus,354.48,23.4,53.2,0,0,2
2026-07-08 01:00:00,campus,355.84,21.7,53.2,0,1,2
2026-07-08 02:00:00,campus,335.39,20.0,57.7,0,2,2
2026-07-08 03:00:00,campus,316.69,20.9,55.2,0,3,2
2026-07-08 04:00:00,campus,319.2,19.2,53.8,0,4,2
2026-07-08 05:00:00,campus,342.42,22.1,58.0,0,5,2
2026-07-08 06:00:00,campus,354.23,24.3,50.6,0,6,2
2026-07-08 07:00:00,campus,396.36,24.6,56.1,0,7,2
2026-07-08 08:00:00,campus,405.27,23.4,47.5,0,8,2
2026-07-08 09:00:00,campus,478.33,26.6,52.6,0,9,2
2026-07-08 10:00:00,campus,482.77,25.6,41.1,0,10,2
2026-07-08 11:00:00,campus,555.33,29.9,43.9,0,11,2
2026-07-08 12:00:00,campus,616.48,31.0,45.9,0,12,2
2026-07-08 13:00:00,campus,654.12,28.4,44.3,0,13,2
2026-07-08 14:00:00,campus,711.62,30.1,44.5,0,14,2
2026-07-08 15:00:00,campus,696.45,31.6,45.7,0,15,2
2026-07-08 16:00:00,campus,693.32,31.4,41.0,0,16,2
2026-07-08 17:00:00,campus,608.87,29.4,41.5,0,17,2
2026-07-08 18:00:00,campus,605.19,30.9,41.8,0,18,2
2026-07-08 19:00:00,campus,616.88,29.4,44.0,0,19,2
2026-07-08 20:00:00,campus,576.69,27.3,43.8,0,20,2
2026-07-08 21:00:00,campus,512.77,24.9,46.7,0,21,2
2026-07-08 22:00:00,campus,470.48,26.1,47.7,0,22,2
2026-07-08 23:00:00,campus,399.38,25.5,46.5,0,23,2
2026-07-09 00:00:00,campus,330.15,21.1,53.0,0,0,3
2026-07-09 01:00:00,campus,362.04,20.0,57.5,0,1,3
2026-07-09 02:00:00,campus,312.1,21.1,55.8,0,2,3
2026-07-09 03:00:00,campus,301.77,19.6,58.8,0,3,3
2026-07-09 04:00:00,campus,332.96,20.1,56.1,0,4,3
2026-07-09 05:00:00,campus,348.48,22.0,43.7,0,5,3
2026-07-09 06:00:00,campus,309.02,19.0,65.6,0,6,3
2026-07-09 07:00:00,campus,377.21,25.1,48.6,0,7,3
2026-07-09 08:00:00,campus,397.67,24.7,52.5,0,8,3
2026-07-09 09:00:00,campus,429.76,25.5,51.2,0,9,3
2026-07-09 10:00:00,campus,509.86,27.5,37.5,0,10,3
2026-07-09 11:00:00,campus,598.17,29.1,43.7,0,11,3
2026-07-09 12:00:00,campus,603.46,27.8,48.2,0,12,3
2026-07-09 13:00:00,campus,729.02,33.5,44.4,0,13,3
2026-07-09 14:00:00,campus,702.72,32.0,41.8,0,14,3
2026-07-09 15:00:00,campus,732.71,32.8,42.2,0,15,3
2026-07-09 16:00:00,campus,679.67,33.3,51.2,0,16,3
2026-07-09 17:00:00,campus,622.06,29.8,32.9,0,17,3
2026-07-09 18:00:00,campus,608.05,31.1,37.8,0,18,3
2026-07-09 19:00:00,campus,562.6,28.7,41.6,0,19,3
2026-07-09 20:00:00,campus,597.08,28.9,47.4,0,20,3
2026-07-09 21:00:00,campus,517.75,22.9,56.7,0,21,3
2026-07-09 22:00:00,campus,458.12,24.4,43.1,0,22,3
2026-07-09 23:00:00,campus,380.57,22.2,56.6,0,23,3
2026-07-10 00:00:00,campus,338.14,22.6,58.2,0,0,4
2026-07-10 01:00:00,campus,328.09,21.7,53.5,0,1,4
2026-07-10 02:00:00,campus,322.05,19.3,48.3,0,2,4
2026-07-10 03:00:00,campus,323.17,19.1,54.8,0,3,4
2026-07-10 04:00:00,campus,327.74,20.2,60.9,0,4,4
2026-07-10 05:00:00,campus,352.8,19.6,54.0,0,5,4
2026-07-10 06:00:00,campus,363.47,23.2,50.3,0,6,4
2026-07-10 07:00:00,campus,343.47,22.6,51.9,0,7,4
2026-07-10 08:00:00,campus,359.62,20.3,48.1,0,8,4
2026-07-10 09:00:00,campus,437.97,25.6,40.8,0,9,4
2026-07-10 10:00:00,campus,492.82,26.2,55.2,0,10,4
2026-07-10 11:00:00,campus,551.2,26.7,50.8,0,11,4
2026-07-10 12:00:00,campus,587.81,28.6,49.3,0,12,4
2026-07-10 13:00:00,campus,687.61,31.5,45.4,0,13,4
2026-07-10 14:00:00,campus,714.05,34.0,28.1,0,14,4
2026-07-10 15:00:00,campus,647.05,32.7,34.2,0,15,4
2026-07-10 16:00:00,campus,683.56,31.1,33.8,0,16,4
2026-07-10 17:00:00,campus,647.78,32.1,43.2,0,17,4
2026-07-10 18:00:00,campus,593.4,29.7,41.2,0,18,4
2026-07-10 19:00:00,campus,585.76,28.1,49.9,0,19,4
2026-07-10 20:00:00,campus,555.09,26.0,50.5,0,20,4
2026-07-10 21:00:00,campus,487.01,23.6,53.1,0,21,4
2026-07-10 22:00:00,campus,439.1,24.1,50.9,0,22,4
2026-07-10 23:00:00,campus,401.71,23.4,52.3,0,23,4
2026-07-11 00:00:00,campus,210.95,21.9,52.9,1,0,5
2026-07-11 01:00:00,campus,208.59,20.4,50.9,1,1,5
2026-07-11 02:00:00,campus,210.16,19.1,48.8,1,2,5
2026-07-11 03:00:00,campus,210.09,21.2,48.3,1,3,5
2026-07-11 04:00:00,campus,202.37,18.5,57.2,1,4,5
2026-07-11 05:00:00,campus,250.54,22.2,58.4,1,5,5
2026-07-11 06:00:00,campus,229.38,20.5,55.7,1,6,5
2026-07-11 07:00:00,campus,225.72,22.1,47.4,1,7,5
2026-07-11 08:00:00,campus,237.57,22.5,55.6,1,8,5
2026-07-11 09:00:00,campus,270.79,25.5,51.4,1,9,5
2026-07-11 10:00:00,campus,272.42,29.3,36.3,1,10,5
2026-07-11 11:00:00,campus,302.69,30.0,43.3,1,11,5
2026-07-11 12:00:00,campus,315.39,32.0,44.7,1,12,5
2026-07-11 13:00:00,campus,314.13,32.2,35.8,1,13,5
2026-07-11 14:00:00,campus,344.53,30.4,35.7,1,14,5
2026-07-11 15:00:00,campus,317.51,31.8,37.4,1,15,5
2026-07-11 16:00:00,campus,338.92,30.9,43.4,1,16,5
2026-07-11 17:00:00,campus,355.58,33.5,44.7,1,17,5
2026-07-11 18:00:00,campus,337.82,28.7,40.3,1,18,5
2026-07-11 19:00:00,campus,369.48,30.6,33.9,1,19,5
2026-07-11 20:00:00,campus,372.38,29.2,51.5,1,20,5
2026-07-11 21:00:00,campus,353.31,29.0,43.9,1,21,5
2026-07-11 22:00:00,campus,274.53,24.1,46.3,1,22,5
2026-07-11 23:00:00,campus,257.17,24.3,49.9,1,23,5
2026-07-12 00:00:00,campus,252.31,25.5,54.7,1,0,6
2026-07-12 01:00:00,campus,216.65,20.2,53.9,1,1,6
2026-07-12 02:00:00,campus,196.42,18.2,54.7,1,2,6
2026-07-12 03:00:00,campus,228.93,17.5,52.6,1,3,6
2026-07-12 04:00:00,campus,204.3,21.6,52.2,1,4,6
2026-07-12 05:00:00,campus,216.61,18.3,57.9,1,5,6
2026-07-12 06:00:00,campus,214.64,21.5,50.3,1,6,6
2026-07-12 07:00:00,campus,238.69,24.0,49.7,1,7,6
2026-07-12 08:00:00,campus,231.67,25.1,51.2,1,8,6
2026-07-12 09:00:00,campus,257.27,27.0,54.8,1,9,6
2026-07-12 10:00:00,campus,273.67,28.2,41.4,1,10,6
2026-07-12 11:00:00,campus,318.34,31.3,47.6,1,11,6
2026-07-12 12:00:00,campus,302.73,29.2,37.7,1,12,6
2026-07-12 13:00:00,campus,328.34,30.5,40.6,1,13,6
2026-07-12 14:00:00,campus,320.79,31.0,30.5,1,14,6
2026-07-12 15:00:00,campus,349.15,33.6,38.1,1,15,6
2026-07-12 16:00:00,campus,348.84,33.5,39.1,1,16,6
2026-07-12 17:00:00,campus,327.41,32.2,39.8,1,17,6
2026-07-12 18:00:00,campus,384.69,32.4,42.9,1,18,6
2026-07-12 19:00:00,campus,364.64,27.6,48.4,1,19,6
2026-07-12 20:00:00,campus,348.01,30.4,43.5,1,20,6
2026-07-12 21:00:00,campus,316.51,28.6,43.5,1,21,6
2026-07-12 22:00:00,campus,304.25,25.9,48.8,1,22,6
2026-07-12 23:00:00,campus,253.07,26.0,51.4,1,23,6
2026-07-13 00:00:00,campus,324.24,19.7,51.7,0,0,0
2026-07-13 01:00:00,campus,326.26,20.4,53.9,0,1,0
2026-07-13 02:00:00,campus,304.32,19.5,50.7,0,2,0
2026-07-13 03:00:00,campus,363.47,21.5,45.7,0,3,0
2026-07-13 04:00:00,campus,298.51,19.1,51.0,0,4,0
2026-07-13 05:00:00,campus,356.15,22.4,57.1,0,5,0
2026-07-13 06:00:00,campus,368.51,24.2,54.9,0,6,0
2026-07-13 07:00:00,campus,387.68,24.5,49.0,0,7,0
2026-07-13 08:00:00,campus,370.32,25.3,43.4,0,8,0
2026-07-13 09:00:00,campus,434.34,24.9,50.0,0,9,0
2026-07-13 10:00:00,campus,478.44,26.7,48.3,0,10,0
2026-07-13 11:00:00,campus,596.94,31.3,38.8,0,11,0
2026-07-13 12:00:00,campus,637.3,31.8,35.6,0,12,0
2026-07-13 13:00:00,campus,703.89,31.6,38.9,0,13,0
2026-07-13 14:00:00,campus,688.56,31.6,46.9,0,14,0
2026-07-13 15:00:00,campus,645.56,29.4,40.4,0,15,0
2026-07-13 16:00:00,campus,678.25,30.6,42.0,0,16,0
2026-07-13 17:00:00,campus,674.65,34.5,50.7,0,17,0
2026-07-13 18:00:00,campus,607.54,28.7,40.0,0,18,0
2026-07-13 19:00:00,campus,626.64,29.7,52.4,0,19,0
2026-07-13 20:00:00,campus,566.03,29.5,44.0,0,20,0
2026-07-13 21:00:00,campus,497.17,24.5,47.1,0,21,0
2026-07-13 22:00:00,campus,465.17,25.1,48.6,0,22,0
2026-07-13 23:00:00,campus,417.13,24.8,50.8,0,23,0
2026-07-14 00:00:00,campus,336.92,22.3,58.8,0,0,1
2026-07-14 01:00:00,campus,359.96,25.6,53.1,0,1,1
2026-07-14 02:00:00,campus,296.79,18.2,62.2,0,2,1
2026-07-14 03:00:00,campus,322.97,22.1,50.4,0,3,1
2026-07-14 04:00:00,campus,326.33,20.4,55.5,0,4,1
2026-07-14 05:00:00,campus,326.48,22.5,53.4,0,5,1
2026-07-14 06:00:00,campus,368.6,22.9,53.3,0,6,1
2026-07-14 07:00:00,campus,355.42,22.4,43.7,0,7,1
2026-07-14 08:00:00,campus,404.89,25.3,45.7,0,8,1
2026-07-14 09:00:00,campus,428.32,23.7,48.4,0,9,1
2026-07-14 10:00:00,campus,502.73,29.0,48.0,0,10,1
2026-07-14 11:00:00,campus,584.57,29.9,48.2,0,11,1
2026-07-14 12:00:00,campus,653.07,31.7,39.9,0,12,1
2026-07-14 13:00:00,campus,711.65,33.3,41.1,0,13,1
2026-07-14 14:00:00,campus,730.32,32.8,46.4,0,14,1
2026-07-14 15:00:00,campus,712.13,32.7,43.4,0,15,1
2026-07-14 16:00:00,campus,659.59,31.0,39.4,0,16,1
2026-07-14 17:00:00,campus,617.76,30.6,38.7,0,17,1
2026-07-14 18:00:00,campus,641.82,32.5,37.5,0,18,1
2026-07-14 19:00:00,campus,603.56,31.7,42.1,0,19,1
2026-07-14 20:00:00,campus,584.06,27.7,43.9,0,20,1
2026-07-14 21:00:00,campus,526.24,26.6,40.5,0,21,1
2026-07-14 22:00:00,campus,465.63,23.6,53.5,0,22,1
2026-07-14 23:00:00,campus,426.04,25.3,54.0,0,23,1
2026-07-15 00:00:00,campus,368.65,23.3,57.1,0,0,2
2026-07-15 01:00:00,campus,371.01,24.3,54.2,0,1,2
2026-07-15 02:00:00,campus,305.01,19.5,53.8,0,2,2
2026-07-15 03:00:00,campus,321.58,20.0,55.0,0,3,2
2026-07-15 04:00:00,campus,312.42,21.1,59.2,0,4,2
2026-07-15 05:00:00,campus,360.06,22.4,56.6,0,5,2
2026-07-15 06:00:00,campus,369.59,22.0,56.4,0,6,2
2026-07-15 07:00:00,campus,351.57,22.3,52.4,0,7,2
2026-07-15 08:00:00,campus,403.02,26.3,51.2,0,8,2
2026-07-15 09:00:00,campus,448.39,27.7,54.1,0,9,2
2026-07-15 10:00:00,campus,502.74,26.8,49.4,0,10,2
2026-07-15 11:00:00,campus,587.16,31.6,51.8,0,11,2
2026-07-15 12:00:00,campus,650.03,32.6,36.6,0,12,2
2026-07-15 13:00:00,campus,687.11,32.0,38.0,0,13,2
2026-07-15 14:00:00,campus,707.49,32.5,29.6,0,14,2
2026-07-15 15:00:00,campus,701.86,33.4,37.9,0,15,2
2026-07-15 16:00:00,campus,665.72,31.1,41.0,0,16,2
2026-07-15 17:00:00,campus,634.45,31.8,48.9,0,17,2
2026-07-15 18:00:00,campus,586.85,27.6,41.2,0,18,2
2026-07-15 19:00:00,campus,637.66,30.9,40.8,0,19,2
2026-07-15 20:00:00,campus,536.78,25.8,50.2,0,20,2
2026-07-15 21:00:00,campus,543.47,28.8,41.9,0,21,2
2026-07-15 22:00:00,campus,424.36,24.5,55.8,0,22,2
2026-07-15 23:00:00,campus,403.62,23.3,51.4,0,23,2
2026-07-16 00:00:00,campus,345.51,21.5,54.8,0,0,3
2026-07-16 01:00:00,campus,322.56,21.0,49.6,0,1,3
2026-07-16 02:00:00,campus,353.73,23.0,55.4,0,2,3
2026-07-16 03:00:00,campus,303.44,16.9,62.0,0,3,3
2026-07-16 04:00:00,campus,340.12,22.8,47.6,0,4,3
2026-07-16 05:00:00,campus,333.6,22.0,44.9,0,5,3
2026-07-16 06:00:00,campus,333.43,20.6,48.2,0,6,3
2026-07-16 07:00:00,campus,359.67,22.0,43.1,0,7,3
2026-07-16 08:00:00,campus,432.87,27.6,49.6,0,8,3
2026-07-16 09:00:00,campus,453.04,25.2,45.6,0,9,3
2026-07-16 10:00:00,campus,496.75,26.5,38.3,0,10,3
2026-07-16 11:00:00,campus,589.74,31.4,27.7,0,11,3
2026-07-16 12:00:00,campus,614.83,31.4,43.2,0,12,3
2026-07-16 13:00:00,campus,685.79,30.4,29.7,0,13,3
2026-07-16 14:00:00,campus,715.15,32.8,37.6,0,14,3
2026-07-16 15:00:00,campus,673.27,31.1,33.6,0,15,3
2026-07-16 16:00:00,campus,694.48,34.1,27.9,0,16,3
2026-07-16 17:00:00,campus,670.8,33.4,34.2,0,17,3
2026-07-16 18:00:00,campus,647.17,31.7,39.8,0,18,3
2026-07-16 19:00:00,campus,607.75,30.2,47.7,0,19,3
2026-07-16 20:00:00,campus,599.44,30.9,42.9,0,20,3
2026-07-16 21:00:00,campus,512.81,26.7,54.7,0,21,3
2026-07-16 22:00:00,campus,553.54,23.3,48.5,0,22,3
2026-07-16 23:00:00,campus,411.0,24.3,41.7,0,23,3
2026-07-17 00:00:00,campus,366.5,25.6,56.0,0,0,4
2026-07-17 01:00:00,campus,319.86,20.0,63.9,0,1,4
2026-07-17 02:00:00,campus,316.88,20.4,58.8,0,2,4
2026-07-17 03:00:00,campus,324.4,21.4,50.8,0,3,4
2026-07-17 04:00:00,campus,295.66,20.9,55.8,0,4,4
2026-07-17 05:00:00,campus,336.98,20.1,50.3,0,5,4
2026-07-17 06:00:00,campus,373.61,24.2,55.4,0,6,4
2026-07-17 07:00:00,campus,394.83,27.2,38.2,0,7,4
2026-07-17 08:00:00,campus,429.89,25.5,45.7,0,8,4
2026-07-17 09:00:00,campus,437.66,25.4,46.8,0,9,4
2026-07-17 10:00:00,campus,470.69,26.0,50.0,0,10,4
2026-07-17 11:00:00,campus,558.02,30.1,39.2,0,11,4
2026-07-17 12:00:00,campus,668.08,32.6,45.6,0,12,4
2026-07-17 13:00:00,campus,701.55,32.6,39.8,0,13,4
2026-07-17 14:00:00,campus,698.9,32.5,43.1,0,14,4
2026-07-17 15:00:00,campus,681.84,31.8,45.3,0,15,4
2026-07-17 16:00:00,campus,657.41,30.9,30.8,0,16,4
2026-07-17 17:00:00,campus,669.42,33.2,34.4,0,17,4
2026-07-17 18:00:00,campus,633.11,32.3,32.6,0,18,4
2026-07-17 19:00:00,campus,586.23,27.4,52.7,0,19,4
2026-07-17 20:00:00,campus,584.34,30.7,45.9,0,20,4
2026-07-17 21:00:00,campus,521.3,27.6,52.7,0,21,4
2026-07-17 22:00:00,campus,498.58,27.3,39.7,0,22,4
2026-07-17 23:00:00,campus,386.87,21.7,56.6,0,23,4
2026-07-18 00:00:00,campus,206.63,20.5,45.1,1,0,5
2026-07-18 01:00:00,campus,186.37,21.4,52.4,1,1,5
2026-07-18 02:00:00,campus,206.17,21.8,49.9,1,2,5
2026-07-18 03:00:00,campus,225.48,23.5,54.9,1,3,5
2026-07-18 04:00:00,campus,249.26,22.1,55.5,1,4,5
2026-07-18 05:00:00,campus,203.33,21.3,49.0,1,5,5
2026-07-18 06:00:00,campus,208.57,21.0,53.5,1,6,5
2026-07-18 07:00:00,campus,250.97,25.7,47.2,1,7,5
2026-07-18 08:00:00,campus,231.49,23.8,50.9,1,8,5
2026-07-18 09:00:00,campus,242.44,29.3,41.4,1,9,5
2026-07-18 10:00:00,campus,290.32,27.9,45.0,1,10,5
2026-07-18 11:00:00,campus,326.07,32.2,41.9,1,11,5
2026-07-18 12:00:00,campus,318.8,32.1,39.2,1,12,5
2026-07-18 13:00:00,campus,297.97,31.8,41.6,1,13,5
2026-07-18 14:00:00,campus,317.37,31.8,41.3,1,14,5
2026-07-18 15:00:00,campus,345.3,32.3,40.4,1,15,5
2026-07-18 16:00:00,campus,341.19,33.2,36.0,1,16,5
2026-07-18 17:00:00,campus,354.17,32.1,33.8,1,17,5
2026-07-18 18:00:00,campus,384.31,30.2,39.0,1,18,5
2026-07-18 19:00:00,campus,381.36,29.6,40.5,1,19,5
2026-07-18 20:00:00,campus,323.79,28.5,42.1,1,20,5
2026-07-18 21:00:00,campus,311.45,23.6,50.1,1,21,5
2026-07-18 22:00:00,campus,286.34,25.9,50.1,1,22,5
2026-07-18 23:00:00,campus,252.63,22.3,55.4,1,23,5
2026-07-19 00:00:00,campus,201.98,20.9,57.6,1,0,6
2026-07-19 01:00:00,campus,225.81,19.2,56.4,1,1,6
2026-07-19 02:00:00,campus,209.79,18.4,48.2,1,2,6
2026-07-19 03:00:00,campus,201.15,18.9,68.5,1,3,6
2026-07-19 04:00:00,campus,196.76,20.0,50.4,1,4,6
2026-07-19 05:00:00,campus,235.93,24.6,45.9,1,5,6
2026-07-19 06:00:00,campus,246.62,21.9,53.0,1,6,6
2026-07-19 07:00:00,campus,224.75,24.2,49.1,1,7,6
2026-07-19 08:00:00,campus,258.08,25.9,48.8,1,8,6
2026-07-19 09:00:00,campus,277.18,27.1,46.8,1,9,6
2026-07-19 10:00:00,campus,312.92,28.3,51.6,1,10,6
2026-07-19 11:00:00,campus,284.17,28.1,47.3,1,11,6
2026-07-19 12:00:00,campus,339.48,33.3,40.4,1,12,6
2026-07-19 13:00:00,campus,381.24,34.8,37.9,1,13,6
2026-07-19 14:00:00,campus,334.34,30.2,42.4,1,14,6
2026-07-19 15:00:00,campus,333.98,31.4,30.1,1,15,6
2026-07-19 16:00:00,campus,339.94,32.3,40.3,1,16,6
2026-07-19 17:00:00,campus,349.42,30.6,45.6,1,17,6
2026-07-19 18:00:00,campus,362.95,31.9,46.4,1,18,6
2026-07-19 19:00:00,campus,353.77,28.8,40.0,1,19,6
2026-07-19 20:00:00,campus,377.88,31.7,42.2,1,20,6
2026-07-19 21:00:00,campus,352.13,28.7,40.3,1,21,6
2026-07-19 22:00:00,campus,316.56,25.7,55.9,1,22,6
2026-07-19 23:00:00,campus,271.48,25.4,46.4,1,23,6
2026-07-20 00:00:00,campus,364.78,24.4,51.2,0,0,0
2026-07-20 01:00:00,campus,320.43,20.9,54.7,0,1,0
2026-07-20 02:00:00,campus,341.98,19.9,54.1,0,2,0
2026-07-20 03:00:00,campus,321.47,21.1,62.5,0,3,0
2026-07-20 04:00:00,campus,340.61,22.5,49.4,0,4,0
2026-07-20 05:00:00,campus,345.56,22.0,46.2,0,5,0
2026-07-20 06:00:00,campus,348.73,20.4,47.8,0,6,0
2026-07-20 07:00:00,campus,346.83,22.8,55.1,0,7,0
2026-07-20 08:00:00,campus,411.48,25.3,53.4,0,8,0
2026-07-20 09:00:00,campus,438.43,26.9,52.3,0,9,0
2026-07-20 10:00:00,campus,540.41,31.5,35.9,0,10,0
2026-07-20 11:00:00,campus,548.33,27.9,44.6,0,11,0
2026-07-20 12:00:00,campus,631.94,32.0,30.1,0,12,0
2026-07-20 13:00:00,campus,738.57,34.4,34.2,0,13,0
2026-07-20 14:00:00,campus,740.66,36.2,42.6,0,14,0
2026-07-20 15:00:00,campus,714.12,32.4,40.6,0,15,0
2026-07-20 16:00:00,campus,689.54,33.5,36.8,0,16,0
2026-07-20 17:00:00,campus,655.14,33.0,40.8,0,17,0
2026-07-20 18:00:00,campus,636.65,31.5,51.3,0,18,0
2026-07-20 19:00:00,campus,606.85,29.8,46.0,0,19,0
2026-07-20 20:00:00,campus,612.12,29.2,41.0,0,20,0
2026-07-20 21:00:00,campus,478.83,23.2,51.0,0,21,0
2026-07-20 22:00:00,campus,486.74,26.4,47.1,0,22,0
2026-07-20 23:00:00,campus,368.58,24.2,51.5,0,23,0
2026-07-21 00:00:00,campus,338.12,22.5,50.0,0,0,1
2026-07-21 01:00:00,campus,364.95,24.9,41.5,0,1,1
2026-07-21 02:00:00,campus,329.28,20.2,50.3,0,2,1
2026-07-21 03:00:00,campus,320.05,20.4,58.9,0,3,1
2026-07-21 04:00:00,campus,340.08,24.2,51.7,0,4,1
2026-07-21 05:00:00,campus,345.12,20.6,69.1,0,5,1
2026-07-21 06:00:00,campus,328.55,22.0,54.3,0,6,1
2026-07-21 07:00:00,campus,393.68,23.8,53.8,0,7,1
2026-07-21 08:00:00,campus,394.45,26.8,51.0,0,8,1
2026-07-21 09:00:00,campus,464.93,27.4,51.0,0,9,1
2026-07-21 10:00:00,campus,498.37,26.7,47.4,0,10,1
2026-07-21 11:00:00,campus,578.61,29.2,47.9,0,11,1
2026-07-21 12:00:00,campus,623.51,30.4,37.5,0,12,1
2026-07-21 13:00:00,campus,687.81,32.1,39.6,0,13,1
2026-07-21 14:00:00,campus,730.48,33.5,37.1,0,14,1
2026-07-21 15:00:00,campus,722.48,33.7,40.5,0,15,1
2026-07-21 16:00:00,campus,674.88,30.2,39.9,0,16,1
2026-07-21 17:00:00,campus,672.79,33.8,40.5,0,17,1
2026-07-21 18:00:00,campus,612.97,31.7,34.3,0,18,1
2026-07-21 19:00:00,campus,607.17,32.1,36.6,0,19,1
2026-07-21 20:00:00,campus,576.43,29.3,46.9,0,20,1
2026-07-21 21:00:00,campus,546.43,28.7,48.0,0,21,1
2026-07-21 22:00:00,campus,461.55,26.2,46.5,0,22,1
2026-07-21 23:00:00,campus,413.37,26.1,59.6,0,23,1
2026-07-22 00:00:00,campus,345.73,23.7,43.9,0,0,2
2026-07-22 01:00:00,campus,355.53,21.8,49.4,0,1,2
2026-07-22 02:00:00,campus,338.44,24.7,44.1,0,2,2
2026-07-22 03:00:00,campus,329.08,22.5,57.0,0,3,2
2026-07-22 04:00:00,campus,328.3,22.2,47.8,0,4,2
2026-07-22 05:00:00,campus,332.39,20.0,46.5,0,5,2
2026-07-22 06:00:00,campus,322.85,20.9,50.1,0,6,2
2026-07-22 07:00:00,campus,360.54,24.6,50.8,0,7,2
2026-07-22 08:00:00,campus,422.66,25.8,50.5,0,8,2
2026-07-22 09:00:00,campus,424.12,26.2,49.3,0,9,2
2026-07-22 10:00:00,campus,532.48,28.9,42.4,0,10,2
2026-07-22 11:00:00,campus,596.77,32.5,44.1,0,11,2
2026-07-22 12:00:00,campus,677.66,32.4,36.2,0,12,2
2026-07-22 13:00:00,campus,653.38,30.6,51.1,0,13,2
2026-07-22 14:00:00,campus,707.81,32.8,34.8,0,14,2
2026-07-22 15:00:00,campus,680.25,31.9,44.1,0,15,2
2026-07-22 16:00:00,campus,674.98,32.3,45.0,0,16,2
2026-07-22 17:00:00,campus,649.18,31.7,42.2,0,17,2
2026-07-22 18:00:00,campus,648.28,30.6,37.3,0,18,2
2026-07-22 19:00:00,campus,563.77,28.2,44.1,0,19,2
2026-07-22 20:00:00,campus,558.05,28.5,40.2,0,20,2
2026-07-22 21:00:00,campus,525.32,26.3,40.0,0,21,2
2026-07-22 22:00:00,campus,448.85,21.2,51.0,0,22,2
2026-07-22 23:00:00,campus,440.31,27.2,43.6,0,23,2
2026-07-23 00:00:00,campus,345.23,24.6,58.6,0,0,3
2026-07-23 01:00:00,campus,310.0,21.4,56.9,0,1,3
2026-07-23 02:00:00,campus,344.69,21.4,47.0,0,2,3
2026-07-23 03:00:00,campus,282.18,19.4,50.7,0,3,3
2026-07-23 04:00:00,campus,348.59,23.9,47.2,0,4,3
2026-07-23 05:00:00,campus,371.86,24.8,51.4,0,5,3
2026-07-23 06:00:00,campus,348.82,23.2,52.3,0,6,3
2026-07-23 07:00:00,campus,382.54,25.7,39.9,0,7,3
2026-07-23 08:00:00,campus,421.97,25.9,45.8,0,8,3
2026-07-23 09:00:00,campus,418.64,25.2,48.4,0,9,3
2026-07-23 10:00:00,campus,533.4,28.1,47.6,0,10,3
2026-07-23 11:00:00,campus,594.0,30.4,42.9,0,11,3
2026-07-23 12:00:00,campus,630.44,30.8,39.7,0,12,3
2026-07-23 13:00:00,campus,698.18,32.1,31.0,0,13,3
2026-07-23 14:00:00,campus,728.71,32.9,47.5,0,14,3
2026-07-23 15:00:00,campus,711.06,33.1,30.7,0,15,3
2026-07-23 16:00:00,campus,697.67,33.1,36.2,0,16,3
2026-07-23 17:00:00,campus,617.06,30.8,44.7,0,17,3
2026-07-23 18:00:00,campus,618.33,30.4,32.6,0,18,3
2026-07-23 19:00:00,campus,576.35,28.3,51.2,0,19,3
2026-07-23 20:00:00,campus,592.3,30.2,45.6,0,20,3
2026-07-23 21:00:00,campus,481.68,24.0,51.8,0,21,3
2026-07-23 22:00:00,campus,441.03,27.4,47.9,0,22,3
2026-07-23 23:00:00,campus,433.54,26.3,46.3,0,23,3
2026-07-24 00:00:00,campus,347.46,22.6,51.7,0,0,4
2026-07-24 01:00:00,campus,347.56,18.2,48.8,0,1,4
2026-07-24 02:00:00,campus,330.94,20.9,54.9,0,2,4
2026-07-24 03:00:00,campus,314.04,21.2,47.4,0,3,4
2026-07-24 04:00:00,campus,329.74,20.0,53.3,0,4,4
2026-07-24 05:00:00,campus,327.51,21.3,56.8,0,5,4
2026-07-24 06:00:00,campus,389.68,25.3,45.7,0,6,4
2026-07-24 07:00:00,campus,379.53,25.3,45.9,0,7,4
2026-07-24 08:00:00,campus,392.54,24.3,58.0,0,8,4
2026-07-24 09:00:00,campus,438.18,24.9,54.8,0,9,4
2026-07-24 10:00:00,campus,488.69,28.3,52.3,0,10,4
2026-07-24 11:00:00,campus,551.48,30.0,49.7,0,11,4
2026-07-24 12:00:00,campus,679.63,32.3,30.9,0,12,4
2026-07-24 13:00:00,campus,705.34,31.7,37.0,0,13,4
2026-07-24 14:00:00,campus,726.78,33.8,35.4,0,14,4
2026-07-24 15:00:00,campus,731.23,36.2,41.2,0,15,4
2026-07-24 16:00:00,campus,666.83,34.3,33.3,0,16,4
2026-07-24 17:00:00,campus,656.39,32.4,42.2,0,17,4
2026-07-24 18:00:00,campus,605.07,31.2,40.4,0,18,4
2026-07-24 19:00:00,campus,591.9,29.7,44.3,0,19,4
2026-07-24 20:00:00,campus,572.9,30.6,43.2,0,20,4
2026-07-24 21:00:00,campus,511.19,26.3,40.9,0,21,4
2026-07-24 22:00:00,campus,443.34,25.8,47.4,0,22,4
2026-07-24 23:00:00,campus,411.45,24.4,45.8,0,23,4
2026-07-25 00:00:00,campus,234.56,22.4,51.4,1,0,5
2026-07-25 01:00:00,campus,233.81,20.1,56.6,1,1,5
2026-07-25 02:00:00,campus,226.61,22.0,57.2,1,2,5
2026-07-25 03:00:00,campus,217.59,21.3,58.8,1,3,5
2026-07-25 04:00:00,campus,244.32,22.3,51.1,1,4,5
2026-07-25 05:00:00,campus,199.25,21.4,47.0,1,5,5
2026-07-25 06:00:00,campus,218.21,24.9,50.6,1,6,5
2026-07-25 07:00:00,campus,215.82,23.0,54.7,1,7,5
2026-07-25 08:00:00,campus,282.61,28.4,45.2,1,8,5
2026-07-25 09:00:00,campus,249.8,24.7,45.7,1,9,5
2026-07-25 10:00:00,campus,300.92,29.6,45.2,1,10,5
2026-07-25 11:00:00,campus,317.98,31.1,43.9,1,11,5
2026-07-25 12:00:00,campus,348.29,30.4,43.2,1,12,5
2026-07-25 13:00:00,campus,348.7,33.2,36.1,1,13,5
2026-07-25 14:00:00,campus,380.65,35.1,35.3,1,14,5
2026-07-25 15:00:00,campus,329.09,30.0,53.0,1,15,5
2026-07-25 16:00:00,campus,337.71,33.9,37.9,1,16,5
2026-07-25 17:00:00,campus,337.35,28.8,46.7,1,17,5
2026-07-25 18:00:00,campus,354.05,30.1,41.0,1,18,5
2026-07-25 19:00:00,campus,372.73,32.8,41.6,1,19,5
2026-07-25 20:00:00,campus,353.38,28.0,50.1,1,20,5
2026-07-25 21:00:00,campus,312.68,25.6,47.7,1,21,5
2026-07-25 22:00:00,campus,318.68,25.5,51.0,1,22,5
2026-07-25 23:00:00,campus,299.45,27.5,52.7,1,23,5
2026-07-26 00:00:00,campus,184.25,20.4,61.6,1,0,6
2026-07-26 01:00:00,campus,190.54,20.7,60.2,1,1,6
2026-07-26 02:00:00,campus,235.88,23.9,51.6,1,2,6
2026-07-26 03:00:00,campus,196.58,24.2,45.2,1,3,6
2026-07-26 04:00:00,campus,199.31,21.5,51.8,1,4,6
2026-07-26 05:00:00,campus,194.32,20.4,55.5,1,5,6
2026-07-26 06:00:00,campus,271.35,26.3,59.5,1,6,6
2026-07-26 07:00:00,campus,236.45,26.8,48.0,1,7,6
2026-07-26 08:00:00,campus,280.08,26.9,39.5,1,8,6
2026-07-26 09:00:00,campus,248.7,26.2,38.9,1,9,6
2026-07-26 10:00:00,campus,273.09,28.9,44.4,1,10,6
2026-07-26 11:00:00,campus,278.85,30.2,43.4,1,11,6
2026-07-26 12:00:00,campus,337.0,32.2,39.6,1,12,6
2026-07-26 13:00:00,campus,351.37,34.8,38.3,1,13,6
2026-07-26 14:00:00,campus,357.33,34.5,44.5,1,14,6
2026-07-26 15:00:00,campus,340.44,31.8,36.1,1,15,6
2026-07-26 16:00:00,campus,383.73,35.3,35.4,1,16,6
2026-07-26 17:00:00,campus,322.75,33.1,31.9,1,17,6
2026-07-26 18:00:00,campus,385.95,32.7,36.2,1,18,6
2026-07-26 19:00:00,campus,377.72,32.6,41.9,1,19,6
2026-07-26 20:00:00,campus,332.23,27.3,40.9,1,20,6
2026-07-26 21:00:00,campus,332.34,27.4,45.5,1,21,6
2026-07-26 22:00:00,campus,279.44,25.1,54.9,1,22,6
2026-07-26 23:00:00,campus,265.13,22.1,56.7,1,23,6
2026-07-27 00:00:00,campus,329.77,23.8,49.2,0,0,0
2026-07-27 01:00:00,campus,396.62,26.1,45.0,0,1,0
2026-07-27 02:00:00,campus,335.95,19.0,52.7,0,2,0
2026-07-27 03:00:00,campus,337.43,21.5,56.2,0,3,0
2026-07-27 04:00:00,campus,328.85,22.7,61.0,0,4,0
2026-07-27 05:00:00,campus,317.58,22.5,53.6,0,5,0
2026-07-27 06:00:00,campus,356.16,23.1,52.4,0,6,0
2026-07-27 07:00:00,campus,350.97,22.6,54.0,0,7,0
2026-07-27 08:00:00,campus,391.85,26.3,53.4,0,8,0
2026-07-27 09:00:00,campus,433.71,26.4,42.7,0,9,0
2026-07-27 10:00:00,campus,504.87,25.8,42.4,0,10,0
2026-07-27 11:00:00,campus,609.34,32.3,32.7,0,11,0
2026-07-27 12:00:00,campus,677.53,33.2,43.1,0,12,0
2026-07-27 13:00:00,campus,717.7,32.8,39.0,0,13,0
2026-07-27 14:00:00,campus,726.97,33.7,37.2,0,14,0
2026-07-27 15:00:00,campus,737.93,35.1,45.5,0,15,0
2026-07-27 16:00:00,campus,676.43,33.6,35.8,0,16,0
2026-07-27 17:00:00,campus,692.87,34.1,41.5,0,17,0
2026-07-27 18:00:00,campus,614.85,31.3,42.1,0,18,0
2026-07-27 19:00:00,campus,614.34,32.5,47.1,0,19,0
2026-07-27 20:00:00,campus,586.82,29.5,44.8,0,20,0
2026-07-27 21:00:00,campus,556.03,27.8,45.1,0,21,0
2026-07-27 22:00:00,campus,433.78,24.1,53.6,0,22,0
2026-07-27 23:00:00,campus,430.47,24.9,52.0,0,23,0
2026-07-28 00:00:00,campus,335.65,22.1,49.7,0,0,1
2026-07-28 01:00:00,campus,320.25,21.4,52.1,0,1,1
2026-07-28 02:00:00,campus,293.97,20.6,60.0,0,2,1
2026-07-28 03:00:00,campus,316.05,20.0,52.3,0,3,1
2026-07-28 04:00:00,campus,363.13,25.0,44.5,0,4,1
2026-07-28 05:00:00,campus,348.82,24.4,47.3,0,5,1
2026-07-28 06:00:00,campus,373.58,26.2,57.6,0,6,1
2026-07-28 07:00:00,campus,372.1,22.8,47.8,0,7,1
2026-07-28 08:00:00,campus,384.11,26.1,43.9,0,8,1
2026-07-28 09:00:00,campus,436.97,25.6,51.8,0,9,1
2026-07-28 10:00:00,campus,508.99,28.1,55.9,0,10,1
2026-07-28 11:00:00,campus,556.83,29.2,46.0,0,11,1
2026-07-28 12:00:00,campus,690.09,33.7,41.4,0,12,1
2026-07-28 13:00:00,campus,683.78,32.2,42.5,0,13,1
2026-07-28 14:00:00,campus,740.78,35.0,32.6,0,14,1
2026-07-28 15:00:00,campus,716.99,34.5,37.9,0,15,1
2026-07-28 16:00:00,campus,718.63,36.8,35.6,0,16,1
2026-07-28 17:00:00,campus,599.45,30.6,38.2,0,17,1
2026-07-28 18:00:00,campus,654.09,33.7,43.5,0,18,1
2026-07-28 19:00:00,campus,637.42,32.3,46.9,0,19,1
2026-07-28 20:00:00,campus,567.02,27.7,45.1,0,20,1
2026-07-28 21:00:00,campus,543.81,29.1,54.9,0,21,1
2026-07-28 22:00:00,campus,440.38,26.5,46.3,0,22,1
2026-07-28 23:00:00,campus,399.04,24.2,55.7,0,23,1
2026-07-29 00:00:00,campus,319.15,22.2,54.8,0,0,2
2026-07-29 01:00:00,campus,339.4,21.4,56.8,0,1,2
2026-07-29 02:00:00,campus,346.21,24.9,43.7,0,2,2
2026-07-29 03:00:00,campus,343.53,21.7,56.4,0,3,2
2026-07-29 04:00:00,campus,326.47,23.0,41.6,0,4,2
2026-07-29 05:00:00,campus,318.57,21.3,47.1,0,5,2
2026-07-29 06:00:00,campus,331.21,22.3,63.8,0,6,2
2026-07-29 07:00:00,campus,391.86,26.3,55.3,0,7,2
2026-07-29 08:00:00,campus,400.84,24.1,53.7,0,8,2
2026-07-29 09:00:00,campus,436.15,27.0,42.0,0,9,2
2026-07-29 10:00:00,campus,520.69,29.3,40.9,0,10,2
2026-07-29 11:00:00,campus,569.51,30.8,42.1,0,11,2
2026-07-29 12:00:00,campus,638.39,31.6,39.7,0,12,2
2026-07-29 13:00:00,campus,692.99,33.5,32.6,0,13,2
2026-07-29 14:00:00,campus,756.58,34.5,42.3,0,14,2
2026-07-29 15:00:00,campus,755.24,34.8,42.0,0,15,2
2026-07-29 16:00:00,campus,673.77,32.0,43.4,0,16,2
2026-07-29 17:00:00,campus,651.52,32.4,48.1,0,17,2
2026-07-29 18:00:00,campus,660.52,33.7,43.1,0,18,2
2026-07-29 19:00:00,campus,608.32,32.0,40.0,0,19,2
2026-07-29 20:00:00,campus,537.54,27.2,40.0,0,20,2
2026-07-29 21:00:00,campus,537.88,28.2,45.4,0,21,2
2026-07-29 22:00:00,campus,451.66,23.1,43.6,0,22,2
2026-07-29 23:00:00,campus,404.39,24.7,49.9,0,23,2
2026-07-30 00:00:00,campus,360.74,26.3,48.1,0,0,3
2026-07-30 01:00:00,campus,305.3,21.1,57.2,0,1,3
2026-07-30 02:00:00,campus,294.86,20.7,60.7,0,2,3
2026-07-30 03:00:00,campus,350.96,22.9,55.8,0,3,3
2026-07-30 04:00:00,campus,340.9,19.6,47.4,0,4,3
2026-07-30 05:00:00,campus,323.34,21.6,60.3,0,5,3
2026-07-30 06:00:00,campus,351.16,24.4,51.9,0,6,3
2026-07-30 07:00:00,campus,346.24,23.8,49.2,0,7,3
2026-07-30 08:00:00,campus,408.96,25.8,42.1,0,8,3
2026-07-30 09:00:00,campus,460.46,28.9,41.1,0,9,3
2026-07-30 10:00:00,campus,523.15,29.9,26.5,0,10,3
2026-07-30 11:00:00,campus,597.81,31.1,47.8,0,11,3
2026-07-30 12:00:00,campus,666.84,31.5,38.8,0,12,3
2026-07-30 13:00:00,campus,706.08,33.5,34.6,0,13,3
2026-07-30 14:00:00,campus,743.89,33.4,39.2,0,14,3
2026-07-30 15:00:00,campus,738.14,34.4,37.0,0,15,3
2026-07-30 16:00:00,campus,656.89,32.8,41.9,0,16,3
2026-07-30 17:00:00,campus,624.08,32.7,46.7,0,17,3
2026-07-30 18:00:00,campus,619.99,30.5,44.9,0,18,3
2026-07-30 19:00:00,campus,590.29,30.7,41.4,0,19,3
2026-07-30 20:00:00,campus,565.07,28.1,52.8,0,20,3
2026-07-30 21:00:00,campus,513.37,26.1,41.8,0,21,3
2026-07-30 22:00:00,campus,483.88,26.6,47.3,0,22,3
2026-07-30 23:00:00,campus,415.38,25.1,44.9,0,23,3
2026-07-31 00:00:00,campus,348.67,24.8,56.9,0,0,4
2026-07-31 01:00:00,campus,334.11,22.0,60.2,0,1,4
2026-07-31 02:00:00,campus,333.47,22.6,47.8,0,2,4
2026-07-31 03:00:00,campus,350.24,22.6,51.4,0,3,4
2026-07-31 04:00:00,campus,331.49,22.7,57.4,0,4,4
2026-07-31 05:00:00,campus,306.31,21.4,50.6,0,5,4
2026-07-31 06:00:00,campus,352.87,23.8,47.8,0,6,4
2026-07-31 07:00:00,campus,380.98,25.4,49.7,0,7,4
2026-07-31 08:00:00,campus,400.92,26.3,44.5,0,8,4
2026-07-31 09:00:00,campus,422.31,24.7,49.9,0,9,4
2026-07-31 10:00:00,campus,491.36,29.6,40.9,0,10,4
2026-07-31 11:00:00,campus,602.2,34.1,38.3,0,11,4
2026-07-31 12:00:00,campus,664.68,31.5,36.6,0,12,4
2026-07-31 13:00:00,campus,694.15,31.9,43.5,0,13,4
2026-07-31 14:00:00,campus,752.25,34.2,32.2,0,14,4
2026-07-31 15:00:00,campus,740.89,34.3,36.9,0,15,4
2026-07-31 16:00:00,campus,658.4,35.4,47.1,0,16,4
2026-07-31 17:00:00,campus,661.8,31.1,45.9,0,17,4
2026-07-31 18:00:00,campus,651.34,33.2,45.2,0,18,4
2026-07-31 19:00:00,campus,605.72,31.7,39.3,0,19,4
2026-07-31 20:00:00,campus,592.31,29.2,48.0,0,20,4
2026-07-31 21:00:00,campus,517.05,28.3,45.2,0,21,4
2026-07-31 22:00:00,campus,487.18,27.8,42.3,0,22,4
2026-07-31 23:00:00,campus,435.36,26.1,53.2,0,23,4
2026-08-01 00:00:00,campus,207.78,21.9,48.7,1,0,5
2026-08-01 01:00:00,campus,216.97,23.9,52.0,1,1,5
2026-08-01 02:00:00,campus,204.23,22.0,55.5,1,2,5
2026-08-01 03:00:00,campus,232.58,22.0,56.6,1,3,5
2026-08-01 04:00:00,campus,209.61,22.2,49.3,1,4,5
2026-08-01 05:00:00,campus,229.52,22.5,56.1,1,5,5
2026-08-01 06:00:00,campus,224.15,25.4,53.4,1,6,5
2026-08-01 07:00:00,campus,225.4,24.8,49.8,1,7,5
2026-08-01 08:00:00,campus,260.11,24.7,42.1,1,8,5
2026-08-01 09:00:00,campus,279.45,27.3,46.5,1,9,5
2026-08-01 10:00:00,campus,268.47,29.7,51.6,1,10,5
2026-08-01 11:00:00,campus,317.86,32.7,52.2,1,11,5
2026-08-01 12:00:00,campus,310.78,33.0,36.6,1,12,5
2026-08-01 13:00:00,campus,313.28,31.8,51.0,1,13,5
2026-08-01 14:00:00,campus,364.42,37.4,32.7,1,14,5
2026-08-01 15:00:00,campus,354.55,34.3,39.0,1,15,5
2026-08-01 16:00:00,campus,372.38,35.6,41.2,1,16,5
2026-08-01 17:00:00,campus,382.32,32.9,43.7,1,17,5
2026-08-01 18:00:00,campus,372.86,32.9,41.4,1,18,5
2026-08-01 19:00:00,campus,378.62,32.2,47.4,1,19,5
2026-08-01 20:00:00,campus,376.98,31.3,47.8,1,20,5
2026-08-01 21:00:00,campus,332.99,29.5,43.7,1,21,5
2026-08-01 22:00:00,campus,292.11,27.7,41.6,1,22,5
2026-08-01 23:00:00,campus,271.69,24.4,53.0,1,23,5
2026-08-02 00:00:00,campus,227.61,22.9,54.7,1,0,6
2026-08-02 01:00:00,campus,220.98,23.3,54.1,1,1,6
2026-08-02 02:00:00,campus,226.7,23.6,45.5,1,2,6
2026-08-02 03:00:00,campus,210.95,21.6,54.4,1,3,6
2026-08-02 04:00:00,campus,244.45,23.8,49.7,1,4,6
2026-08-02 05:00:00,campus,243.73,25.0,49.0,1,5,6
2026-08-02 06:00:00,campus,235.97,22.4,55.3,1,6,6
2026-08-02 07:00:00,campus,244.0,23.7,57.9,1,7,6
2026-08-02 08:00:00,campus,242.99,26.2,49.7,1,8,6
2026-08-02 09:00:00,campus,285.36,28.4,34.6,1,9,6
2026-08-02 10:00:00,campus,287.25,28.7,54.5,1,10,6
2026-08-02 11:00:00,campus,337.15,33.0,37.9,1,11,6
2026-08-02 12:00:00,campus,342.53,32.9,35.2,1,12,6
2026-08-02 13:00:00,campus,330.64,33.2,43.7,1,13,6
2026-08-02 14:00:00,campus,328.06,31.6,38.6,1,14,6
2026-08-02 15:00:00,campus,352.77,32.0,39.8,1,15,6
2026-08-02 16:00:00,campus,353.3,34.2,35.9,1,16,6
2026-08-02 17:00:00,campus,329.87,30.0,42.1,1,17,6
2026-08-02 18:00:00,campus,382.45,33.7,39.5,1,18,6
2026-08-02 19:00:00,campus,367.97,30.7,47.1,1,19,6
2026-08-02 20:00:00,campus,394.7,34.4,41.4,1,20,6
2026-08-02 21:00:00,campus,380.56,31.4,35.0,1,21,6
2026-08-02 22:00:00,campus,308.31,26.2,44.3,1,22,6
2026-08-02 23:00:00,campus,237.13,24.8,51.6,1,23,6
2026-08-03 00:00:00,campus,352.34,25.3,52.1,0,0,0
2026-08-03 01:00:00,campus,373.25,25.4,40.6,0,1,0
2026-08-03 02:00:00,campus,292.17,19.8,51.4,0,2,0
2026-08-03 03:00:00,campus,328.54,19.4,62.0,0,3,0
2026-08-03 04:00:00,campus,336.46,21.3,55.8,0,4,0
2026-08-03 05:00:00,campus,360.56,23.7,54.5,0,5,0
2026-08-03 06:00:00,campus,380.52,24.6,45.3,0,6,0
2026-08-03 07:00:00,campus,405.05,26.7,49.9,0,7,0
2026-08-03 08:00:00,campus,374.14,24.7,48.8,0,8,0
2026-08-03 09:00:00,campus,433.47,24.6,51.1,0,9,0
2026-08-03 10:00:00,campus,533.65,30.9,43.0,0,10,0
2026-08-03 11:00:00,campus,588.79,29.8,47.5,0,11,0
2026-08-03 12:00:00,campus,630.27,29.3,39.0,0,12,0
2026-08-03 13:00:00,campus,710.34,33.5,40.9,0,13,0
2026-08-03 14:00:00,campus,714.31,35.0,28.5,0,14,0
2026-08-03 15:00:00,campus,726.71,33.9,44.2,0,15,0
2026-08-03 16:00:00,campus,682.65,33.2,38.7,0,16,0
2026-08-03 17:00:00,campus,652.12,33.0,37.6,0,17,0
2026-08-03 18:00:00,campus,622.17,31.7,39.8,0,18,0
2026-08-03 19:00:00,campus,586.85,29.0,35.6,0,19,0
2026-08-03 20:00:00,campus,588.25,28.5,52.5,0,20,0
2026-08-03 21:00:00,campus,552.09,28.8,45.9,0,21,0
2026-08-03 22:00:00,campus,482.12,27.0,44.8,0,22,0
2026-08-03 23:00:00,campus,420.07,25.3,48.0,0,23,0
2026-08-04 00:00:00,campus,336.5,22.4,57.1,0,0,1
2026-08-04 01:00:00,campus,342.12,22.7,54.0,0,1,1
2026-08-04 02:00:00,campus,317.84,19.1,50.5,0,2,1
2026-08-04 03:00:00,campus,326.22,22.4,54.4,0,3,1
2026-08-04 04:00:00,campus,345.73,24.5,40.6,0,4,1
2026-08-04 05:00:00,campus,313.37,20.7,54.7,0,5,1
2026-08-04 06:00:00,campus,336.74,23.0,54.3,0,6,1
2026-08-04 07:00:00,campus,378.55,25.6,48.0,0,7,1
2026-08-04 08:00:00,campus,424.67,28.5,46.1,0,8,1
2026-08-04 09:00:00,campus,481.08,27.5,39.8,0,9,1
2026-08-04 10:00:00,campus,518.76,28.6,48.6,0,10,1
2026-08-04 11:00:00,campus,563.06,28.2,45.4,0,11,1
2026-08-04 12:00:00,campus,653.88,32.5,30.5,0,12,1
2026-08-04 13:00:00,campus,711.37,36.4,37.3,0,13,1
2026-08-04 14:00:00,campus,749.5,34.3,47.1,0,14,1
2026-08-04 15:00:00,campus,689.12,34.1,36.3,0,15,1
2026-08-04 16:00:00,campus,696.59,34.4,41.8,0,16,1
2026-08-04 17:00:00,campus,677.52,33.3,37.8,0,17,1
2026-08-04 18:00:00,campus,597.13,31.2,42.0,0,18,1
2026-08-04 19:00:00,campus,647.89,32.4,45.2,0,19,1
2026-08-04 20:00:00,campus,604.46,30.0,40.4,0,20,1
2026-08-04 21:00:00,campus,533.74,28.2,46.0,0,21,1
2026-08-04 22:00:00,campus,449.71,25.1,49.4,0,22,1
2026-08-04 23:00:00,campus,449.02,27.1,42.5,0,23,1
2026-08-05 00:00:00,campus,361.24,25.0,47.3,0,0,2
2026-08-05 01:00:00,campus,332.01,22.2,56.5,0,1,2
2026-08-05 02:00:00,campus,359.6,23.9,46.5,0,2,2
2026-08-05 03:00:00,campus,353.91,21.5,50.4,0,3,2
2026-08-05 04:00:00,campus,332.52,21.2,52.9,0,4,2
2026-08-05 05:00:00,campus,341.26,21.9,60.9,0,5,2
2026-08-05 06:00:00,campus,335.67,21.3,56.7,0,6,2
2026-08-05 07:00:00,campus,385.06,25.9,52.4,0,7,2
2026-08-05 08:00:00,campus,402.72,23.9,48.6,0,8,2
2026-08-05 09:00:00,campus,449.61,26.4,42.7,0,9,2
2026-08-05 10:00:00,campus,474.2,26.7,45.4,0,10,2
2026-08-05 11:00:00,campus,593.6,31.1,34.4,0,11,2
2026-08-05 12:00:00,campus,631.44,32.2,40.4,0,12,2
2026-08-05 13:00:00,campus,689.87,32.9,46.4,0,13,2
2026-08-05 14:00:00,campus,735.82,32.4,44.7,0,14,2
2026-08-05 15:00:00,campus,703.96,32.5,40.6,0,15,2
2026-08-05 16:00:00,campus,718.71,34.7,43.9,0,16,2
2026-08-05 17:00:00,campus,648.08,32.6,34.4,0,17,2
2026-08-05 18:00:00,campus,636.87,32.9,39.4,0,18,2
2026-08-05 19:00:00,campus,620.17,29.9,43.6,0,19,2
2026-08-05 20:00:00,campus,576.69,30.0,38.8,0,20,2
2026-08-05 21:00:00,campus,547.01,30.2,48.9,0,21,2
2026-08-05 22:00:00,campus,472.96,27.5,53.8,0,22,2
2026-08-05 23:00:00,campus,392.44,24.6,51.5,0,23,2
2026-08-06 00:00:00,campus,366.3,24.4,54.5,0,0,3
2026-08-06 01:00:00,campus,330.53,22.7,44.5,0,1,3
2026-08-06 02:00:00,campus,345.36,22.5,52.7,0,2,3
2026-08-06 03:00:00,campus,312.63,21.8,56.0,0,3,3
2026-08-06 04:00:00,campus,334.5,22.2,56.1,0,4,3
2026-08-06 05:00:00,campus,328.58,23.4,45.0,0,5,3
2026-08-06 06:00:00,campus,352.35,22.6,60.6,0,6,3
2026-08-06 07:00:00,campus,351.34,23.8,47.8,0,7,3
2026-08-06 08:00:00,campus,377.92,24.7,49.4,0,8,3
2026-08-06 09:00:00,campus,414.24,25.9,39.7,0,9,3
2026-08-06 10:00:00,campus,508.02,28.0,45.4,0,10,3
2026-08-06 11:00:00,campus,598.15,31.5,44.7,0,11,3
2026-08-06 12:00:00,campus,644.43,31.2,46.2,0,12,3
2026-08-06 13:00:00,campus,712.71,34.3,31.5,0,13,3
2026-08-06 14:00:00,campus,729.54,34.1,31.9,0,14,3
2026-08-06 15:00:00,campus,656.81,31.3,35.8,0,15,3
2026-08-06 16:00:00,campus,727.95,35.1,37.1,0,16,3
2026-08-06 17:00:00,campus,660.17,34.7,38.7,0,17,3
2026-08-06 18:00:00,campus,629.99,31.0,45.7,0,18,3
2026-08-06 19:00:00,campus,616.57,31.9,42.3,0,19,3
2026-08-06 20:00:00,campus,549.98,28.6,47.3,0,20,3
2026-08-06 21:00:00,campus,522.79,28.4,46.1,0,21,3
2026-08-06 22:00:00,campus,425.46,24.8,54.4,0,22,3
2026-08-06 23:00:00,campus,370.78,22.6,45.2,0,23,3
2026-08-07 00:00:00,campus,345.54,23.5,51.5,0,0,4
2026-08-07 01:00:00,campus,351.43,23.0,40.2,0,1,4
2026-08-07 02:00:00,campus,321.77,22.0,41.8,0,2,4
2026-08-07 03:00:00,campus,323.77,20.6,47.8,0,3,4
2026-08-07 04:00:00,campus,336.25,22.0,58.5,0,4,4
2026-08-07 05:00:00,campus,354.07,23.6,50.5,0,5,4
2026-08-07 06:00:00,campus,369.26,24.1,43.6,0,6,4
2026-08-07 07:00:00,campus,362.37,25.6,53.0,0,7,4
2026-08-07 08:00:00,campus,414.91,25.8,57.3,0,8,4
2026-08-07 09:00:00,campus,471.81,30.1,38.4,0,9,4
2026-08-07 10:00:00,campus,534.39,28.2,46.1,0,10,4
2026-08-07 11:00:00,campus,587.22,32.1,35.3,0,11,4
2026-08-07 12:00:00,campus,672.99,34.4,35.3,0,12,4
2026-08-07 13:00:00,campus,750.55,34.3,28.9,0,13,4
2026-08-07 14:00:00,campus,739.44,33.9,41.5,0,14,4
2026-08-07 15:00:00,campus,707.29,33.6,37.8,0,15,4
2026-08-07 16:00:00,campus,716.93,35.7,37.5,0,16,4
2026-08-07 17:00:00,campus,619.33,31.4,40.4,0,17,4
2026-08-07 18:00:00,campus,612.02,31.2,41.7,0,18,4
2026-08-07 19:00:00,campus,630.42,30.8,42.9,0,19,4
2026-08-07 20:00:00,campus,610.48,31.8,47.3,0,20,4
2026-08-07 21:00:00,campus,558.69,28.9,49.2,0,21,4
2026-08-07 22:00:00,campus,431.07,25.4,50.1,0,22,4
2026-08-07 23:00:00,campus,414.68,24.9,39.3,0,23,4
2026-08-08 00:00:00,campus,245.58,23.3,49.0,1,0,5
2026-08-08 01:00:00,campus,215.23,22.2,53.6,1,1,5
2026-08-08 02:00:00,campus,208.94,24.1,53.8,1,2,5
2026-08-08 03:00:00,campus,227.92,20.4,47.2,1,3,5
2026-08-08 04:00:00,campus,222.86,25.1,46.3,1,4,5
2026-08-08 05:00:00,campus,212.85,24.5,49.5,1,5,5
2026-08-08 06:00:00,campus,225.94,25.8,45.6,1,6,5
2026-08-08 07:00:00,campus,264.53,24.8,51.6,1,7,5
2026-08-08 08:00:00,campus,239.64,26.7,47.4,1,8,5
2026-08-08 09:00:00,campus,263.92,26.3,49.9,1,9,5
2026-08-08 10:00:00,campus,321.05,29.2,47.1,1,10,5
2026-08-08 11:00:00,campus,335.23,32.2,42.7,1,11,5
2026-08-08 12:00:00,campus,334.46,34.6,27.7,1,12,5
2026-08-08 13:00:00,campus,343.81,32.0,38.7,1,13,5
2026-08-08 14:00:00,campus,339.34,33.7,37.3,1,14,5
2026-08-08 15:00:00,campus,359.1,34.2,44.1,1,15,5
2026-08-08 16:00:00,campus,340.43,32.1,40.5,1,16,5
2026-08-08 17:00:00,campus,352.87,34.5,30.6,1,17,5
2026-08-08 18:00:00,campus,360.49,31.6,45.1,1,18,5
2026-08-08 19:00:00,campus,349.19,31.2,32.8,1,19,5
2026-08-08 20:00:00,campus,389.84,29.3,50.0,1,20,5
2026-08-08 21:00:00,campus,345.54,27.3,52.6,1,21,5
2026-08-08 22:00:00,campus,310.8,26.9,49.8,1,22,5
2026-08-08 23:00:00,campus,265.86,25.1,42.9,1,23,5
2026-08-09 00:00:00,campus,239.61,23.7,48.2,1,0,6
2026-08-09 01:00:00,campus,229.04,22.2,47.9,1,1,6
2026-08-09 02:00:00,campus,209.16,23.2,48.7,1,2,6
2026-08-09 03:00:00,campus,252.3,25.0,50.8,1,3,6
2026-08-09 04:00:00,campus,211.23,22.9,45.8,1,4,6
2026-08-09 05:00:00,campus,234.36,24.8,50.1,1,5,6
2026-08-09 06:00:00,campus,214.31,22.2,52.0,1,6,6
2026-08-09 07:00:00,campus,234.09,25.8,48.5,1,7,6
2026-08-09 08:00:00,campus,260.4,25.3,49.6,1,8,6
2026-08-09 09:00:00,campus,260.95,26.3,49.9,1,9,6
2026-08-09 10:00:00,campus,278.44,29.0,57.6,1,10,6
2026-08-09 11:00:00,campus,340.86,33.3,41.8,1,11,6
2026-08-09 12:00:00,campus,345.88,34.2,32.4,1,12,6
2026-08-09 13:00:00,campus,369.5,34.1,42.2,1,13,6
2026-08-09 14:00:00,campus,329.9,32.0,37.0,1,14,6
2026-08-09 15:00:00,campus,354.89,34.2,41.5,1,15,6
2026-08-09 16:00:00,campus,344.93,34.8,35.9,1,16,6
2026-08-09 17:00:00,campus,364.6,34.0,41.7,1,17,6
2026-08-09 18:00:00,campus,331.19,30.0,35.3,1,18,6
2026-08-09 19:00:00,campus,365.05,30.2,42.6,1,19,6
2026-08-09 20:00:00,campus,387.33,30.0,38.4,1,20,6
2026-08-09 21:00:00,campus,371.71,29.3,44.8,1,21,6
2026-08-09 22:00:00,campus,299.34,23.7,46.0,1,22,6
2026-08-09 23:00:00,campus,283.5,25.3,49.3,1,23,6
2026-08-10 00:00:00,campus,362.14,24.6,34.8,0,0,0
2026-08-10 01:00:00,campus,371.21,24.7,48.8,0,1,0
2026-08-10 02:00:00,campus,352.34,23.8,45.6,0,2,0
2026-08-10 03:00:00,campus,365.58,23.5,53.1,0,3,0
2026-08-10 04:00:00,campus,308.26,21.6,45.7,0,4,0
2026-08-10 05:00:00,campus,365.09,20.5,54.4,0,5,0
2026-08-10 06:00:00,campus,345.05,23.8,54.9,0,6,0
2026-08-10 07:00:00,campus,400.42,27.1,37.1,0,7,0
2026-08-10 08:00:00,campus,429.45,29.1,44.6,0,8,0
2026-08-10 09:00:00,campus,485.5,29.7,32.3,0,9,0
2026-08-10 10:00:00,campus,540.94,30.8,40.6,0,10,0
2026-08-10 11:00:00,campus,609.62,32.2,41.5,0,11,0
2026-08-10 12:00:00,campus,607.84,32.0,38.4,0,12,0
2026-08-10 13:00:00,campus,680.35,33.6,34.2,0,13,0
2026-08-10 14:00:00,campus,751.24,36.9,25.1,0,14,0
2026-08-10 15:00:00,campus,708.42,33.2,46.6,0,15,0
2026-08-10 16:00:00,campus,730.7,36.8,36.6,0,16,0
2026-08-10 17:00:00,campus,640.63,33.3,40.5,0,17,0
2026-08-10 18:00:00,campus,652.13,34.8,29.7,0,18,0
2026-08-10 19:00:00,campus,577.59,29.5,44.1,0,19,0
2026-08-10 20:00:00,campus,620.63,31.0,34.7,0,20,0
2026-08-10 21:00:00,campus,545.14,27.5,35.9,0,21,0
2026-08-10 22:00:00,campus,446.5,24.9,48.0,0,22,0
2026-08-10 23:00:00,campus,428.77,25.9,52.6,0,23,0
2026-08-11 00:00:00,campus,362.17,25.9,51.6,0,0,1
2026-08-11 01:00:00,campus,308.38,22.2,44.3,0,1,1
2026-08-11 02:00:00,campus,314.22,20.6,49.8,0,2,1
2026-08-11 03:00:00,campus,329.66,22.5,56.3,0,3,1
2026-08-11 04:00:00,campus,327.55,22.8,47.0,0,4,1
2026-08-11 05:00:00,campus,356.81,24.3,43.2,0,5,1
2026-08-11 06:00:00,campus,368.47,25.9,52.8,0,6,1
2026-08-11 07:00:00,campus,390.84,25.6,46.9,0,7,1
2026-08-11 08:00:00,campus,474.09,29.9,38.4,0,8,1
2026-08-11 09:00:00,campus,499.59,29.0,39.3,0,9,1
2026-08-11 10:00:00,campus,524.68,29.7,44.0,0,10,1
2026-08-11 11:00:00,campus,578.66,29.3,52.6,0,11,1
2026-08-11 12:00:00,campus,676.61,32.5,45.7,0,12,1
2026-08-11 13:00:00,campus,720.05,33.4,40.4,0,13,1
2026-08-11 14:00:00,campus,723.64,35.9,30.3,0,14,1
2026-08-11 15:00:00,campus,744.75,35.4,43.8,0,15,1
2026-08-11 16:00:00,campus,681.58,32.7,43.7,0,16,1
2026-08-11 17:00:00,campus,656.86,34.1,32.3,0,17,1
2026-08-11 18:00:00,campus,649.29,33.9,35.1,0,18,1
2026-08-11 19:00:00,campus,630.82,34.0,43.0,0,19,1
2026-08-11 20:00:00,campus,605.8,31.6,44.8,0,20,1
2026-08-11 21:00:00,campus,556.7,29.8,37.0,0,21,1
2026-08-11 22:00:00,campus,479.54,27.2,48.7,0,22,1
2026-08-11 23:00:00,campus,432.66,26.3,47.0,0,23,1
2026-08-12 00:00:00,campus,367.5,26.4,48.3,0,0,2
2026-08-12 01:00:00,campus,307.64,21.6,46.4,0,1,2
2026-08-12 02:00:00,campus,329.37,22.4,50.4,0,2,2
2026-08-12 03:00:00,campus,322.17,21.6,57.2,0,3,2
2026-08-12 04:00:00,campus,348.62,23.5,46.9,0,4,2
2026-08-12 05:00:00,campus,389.73,25.4,47.3,0,5,2
2026-08-12 06:00:00,campus,342.46,23.6,51.2,0,6,2
2026-08-12 07:00:00,campus,361.55,22.2,47.7,0,7,2
2026-08-12 08:00:00,campus,415.41,26.6,55.4,0,8,2
2026-08-12 09:00:00,campus,491.87,30.1,45.5,0,9,2
2026-08-12 10:00:00,campus,559.2,31.1,43.9,0,10,2
2026-08-12 11:00:00,campus,599.7,32.4,38.7,0,11,2
2026-08-12 12:00:00,campus,655.86,32.6,29.9,0,12,2
2026-08-12 13:00:00,campus,720.0,32.0,38.1,0,13,2
2026-08-12 14:00:00,campus,772.12,35.3,38.8,0,14,2
2026-08-12 15:00:00,campus,727.75,33.5,37.4,0,15,2
2026-08-12 16:00:00,campus,743.9,37.8,41.8,0,16,2
2026-08-12 17:00:00,campus,693.65,34.8,33.7,0,17,2
2026-08-12 18:00:00,campus,607.8,32.1,44.4,0,18,2
2026-08-12 19:00:00,campus,620.65,30.8,45.4,0,19,2
2026-08-12 20:00:00,campus,602.97,30.2,39.7,0,20,2
2026-08-12 21:00:00,campus,522.84,28.4,42.0,0,21,2
2026-08-12 22:00:00,campus,508.16,28.9,50.9,0,22,2
2026-08-12 23:00:00,campus,379.83,26.0,48.9,0,23,2
2026-08-13 00:00:00,campus,340.23,23.5,49.5,0,0,3
2026-08-13 01:00:00,campus,363.96,26.5,43.3,0,1,3
2026-08-13 02:00:00,campus,317.92,23.1,65.7,0,2,3
2026-08-13 03:00:00,campus,354.82,24.0,56.1,0,3,3
2026-08-13 04:00:00,campus,329.62,22.1,43.0,0,4,3
2026-08-13 05:00:00,campus,358.37,24.2,41.9,0,5,3
2026-08-13 06:00:00,campus,385.54,25.1,48.1,0,6,3
2026-08-13 07:00:00,campus,365.35,23.0,51.3,0,7,3
2026-08-13 08:00:00,campus,475.84,30.3,49.1,0,8,3
2026-08-13 09:00:00,campus,487.07,30.8,41.8,0,9,3
2026-08-13 10:00:00,campus,528.93,29.8,47.3,0,10,3
2026-08-13 11:00:00,campus,562.31,30.2,44.9,0,11,3
2026-08-13 12:00:00,campus,675.63,33.6,48.1,0,12,3
2026-08-13 13:00:00,campus,727.59,34.2,30.8,0,13,3
2026-08-13 14:00:00,campus,743.66,35.2,32.1,0,14,3
2026-08-13 15:00:00,campus,749.51,35.1,35.3,0,15,3
2026-08-13 16:00:00,campus,705.61,35.4,33.9,0,16,3
2026-08-13 17:00:00,campus,695.83,36.2,29.8,0,17,3
2026-08-13 18:00:00,campus,658.12,33.9,30.9,0,18,3
2026-08-13 19:00:00,campus,575.56,30.3,40.5,0,19,3
2026-08-13 20:00:00,campus,611.06,32.4,41.9,0,20,3
2026-08-13 21:00:00,campus,552.93,31.3,41.1,0,21,3
2026-08-13 22:00:00,campus,511.16,32.0,38.8,0,22,3
2026-08-13 23:00:00,campus,402.47,24.1,42.9,0,23,3
2026-08-14 00:00:00,campus,317.16,25.0,47.6,0,0,4
2026-08-14 01:00:00,campus,309.28,20.6,56.2,0,1,4
2026-08-14 02:00:00,campus,359.84,23.9,56.1,0,2,4
2026-08-14 03:00:00,campus,327.36,22.1,36.0,0,3,4
2026-08-14 04:00:00,campus,370.97,26.0,35.4,0,4,4
2026-08-14 05:00:00,campus,355.74,22.6,56.9,0,5,4
2026-08-14 06:00:00,campus,312.06,22.1,46.3,0,6,4
2026-08-14 07:00:00,campus,395.07,25.2,48.2,0,7,4
2026-08-14 08:00:00,campus,396.41,24.4,52.6,0,8,4
2026-08-14 09:00:00,campus,485.17,30.0,43.5,0,9,4
2026-08-14 10:00:00,campus,500.73,27.4,43.1,0,10,4
2026-08-14 11:00:00,campus,579.19,32.0,38.6,0,11,4
2026-08-14 12:00:00,campus,614.08,30.0,48.4,0,12,4
2026-08-14 13:00:00,campus,696.17,33.6,32.7,0,13,4
2026-08-14 14:00:00,campus,750.9,37.2,33.2,0,14,4
2026-08-14 15:00:00,campus,749.15,35.5,34.8,0,15,4
2026-08-14 16:00:00,campus,689.85,33.4,48.2,0,16,4
2026-08-14 17:00:00,campus,635.82,34.1,39.2,0,17,4
2026-08-14 18:00:00,campus,645.48,33.2,35.3,0,18,4
2026-08-14 19:00:00,campus,629.93,32.6,38.2,0,19,4
2026-08-14 20:00:00,campus,560.77,28.4,44.3,0,20,4
2026-08-14 21:00:00,campus,536.35,29.8,44.6,0,21,4
2026-08-14 22:00:00,campus,425.15,23.3,51.0,0,22,4
2026-08-14 23:00:00,campus,417.65,25.0,52.8,0,23,4
2026-08-15 00:00:00,campus,221.71,24.0,54.7,1,0,5
2026-08-15 01:00:00,campus,231.72,24.7,45.4,1,1,5
2026-08-15 02:00:00,campus,234.45,23.2,47.4,1,2,5
2026-08-15 03:00:00,campus,209.06,20.9,52.8,1,3,5
2026-08-15 04:00:00,campus,208.76,21.7,55.9,1,4,5
2026-08-15 05:00:00,campus,245.96,24.1,46.5,1,5,5
2026-08-15 06:00:00,campus,252.14,24.6,46.8,1,6,5
2026-08-15 07:00:00,campus,250.83,25.1,48.1,1,7,5
2026-08-15 08:00:00,campus,286.82,26.7,45.1,1,8,5
2026-08-15 09:00:00,campus,292.2,30.0,42.0,1,9,5
2026-08-15 10:00:00,campus,283.71,29.8,47.1,1,10,5
2026-08-15 11:00:00,campus,315.19,31.9,34.5,1,11,5
2026-08-15 12:00:00,campus,353.19,36.5,36.1,1,12,5
2026-08-15 13:00:00,campus,336.05,32.0,44.5,1,13,5
2026-08-15 14:00:00,campus,311.45,32.0,37.7,1,14,5
2026-08-15 15:00:00,campus,334.37,36.2,36.7,1,15,5
2026-08-15 16:00:00,campus,350.78,33.8,39.0,1,16,5
2026-08-15 17:00:00,campus,343.37,33.7,45.3,1,17,5
2026-08-15 18:00:00,campus,379.95,32.1,48.1,1,18,5
2026-08-15 19:00:00,campus,372.11,31.6,37.8,1,19,5
2026-08-15 20:00:00,campus,376.87,32.9,36.8,1,20,5
2026-08-15 21:00:00,campus,353.17,30.2,31.3,1,21,5
2026-08-15 22:00:00,campus,305.3,28.7,47.3,1,22,5
2026-08-15 23:00:00,campus,263.68,23.9,50.4,1,23,5
2026-08-16 00:00:00,campus,238.55,23.1,52.5,1,0,6
2026-08-16 01:00:00,campus,195.08,19.6,60.1,1,1,6
2026-08-16 02:00:00,campus,211.61,22.1,55.3,1,2,6
2026-08-16 03:00:00,campus,203.62,24.5,46.1,1,3,6
2026-08-16 04:00:00,campus,233.08,24.0,52.3,1,4,6
2026-08-16 05:00:00,campus,230.6,23.5,47.9,1,5,6
2026-08-16 06:00:00,campus,219.23,24.8,46.0,1,6,6
2026-08-16 07:00:00,campus,236.53,25.0,52.5,1,7,6
2026-08-16 08:00:00,campus,287.67,27.8,48.4,1,8,6
2026-08-16 09:00:00,campus,294.37,30.2,43.3,1,9,6
2026-08-16 10:00:00,campus,295.11,28.2,41.0,1,10,6
2026-08-16 11:00:00,campus,330.73,32.5,43.3,1,11,6
2026-08-16 12:00:00,campus,354.05,34.7,40.3,1,12,6
2026-08-16 13:00:00,campus,345.32,33.6,39.0,1,13,6
2026-08-16 14:00:00,campus,378.43,35.9,23.9,1,14,6
2026-08-16 15:00:00,campus,379.83,39.3,25.6,1,15,6
2026-08-16 16:00:00,campus,362.76,34.7,37.5,1,16,6
2026-08-16 17:00:00,campus,349.01,34.9,38.5,1,17,6
2026-08-16 18:00:00,campus,369.19,32.2,41.9,1,18,6
2026-08-16 19:00:00,campus,432.81,32.3,41.9,1,19,6
2026-08-16 20:00:00,campus,386.79,31.3,42.9,1,20,6
2026-08-16 21:00:00,campus,352.88,29.4,41.9,1,21,6
2026-08-16 22:00:00,campus,321.54,26.0,52.5,1,22,6
2026-08-16 23:00:00,campus,277.57,26.4,53.9,1,23,6
2026-08-17 00:00:00,campus,388.68,27.1,48.3,0,0,0
2026-08-17 01:00:00,campus,351.38,24.6,48.5,0,1,0
2026-08-17 02:00:00,campus,356.86,24.8,54.2,0,2,0
2026-08-17 03:00:00,campus,320.64,22.8,45.3,0,3,0
2026-08-17 04:00:00,campus,376.91,24.5,47.8,0,4,0
2026-08-17 05:00:00,campus,358.62,24.4,52.8,0,5,0
2026-08-17 06:00:00,campus,352.76,23.5,46.4,0,6,0
2026-08-17 07:00:00,campus,386.53,26.6,38.0,0,7,0
2026-08-17 08:00:00,campus,396.84,26.1,50.6,0,8,0
2026-08-17 09:00:00,campus,458.37,28.2,55.6,0,9,0
2026-08-17 10:00:00,campus,520.49,31.0,45.6,0,10,0
2026-08-17 11:00:00,campus,588.88,32.6,33.4,0,11,0
2026-08-17 12:00:00,campus,628.7,31.6,43.8,0,12,0
2026-08-17 13:00:00,campus,716.86,35.9,29.9,0,13,0
2026-08-17 14:00:00,campus,714.81,35.8,39.2,0,14,0
2026-08-17 15:00:00,campus,725.06,34.1,36.7,0,15,0
2026-08-17 16:00:00,campus,667.86,32.6,47.3,0,16,0
2026-08-17 17:00:00,campus,671.18,34.1,44.5,0,17,0
2026-08-17 18:00:00,campus,646.66,32.7,36.0,0,18,0
2026-08-17 19:00:00,campus,621.82,32.3,39.5,0,19,0
2026-08-17 20:00:00,campus,575.03,30.2,39.7,0,20,0
2026-08-17 21:00:00,campus,519.05,26.1,55.1,0,21,0
2026-08-17 22:00:00,campus,464.96,27.0,44.6,0,22,0
2026-08-17 23:00:00,campus,405.11,25.7,57.6,0,23,0
2026-08-18 00:00:00,campus,381.39,25.9,51.6,0,0,1
2026-08-18 01:00:00,campus,314.34,23.0,48.4,0,1,1
2026-08-18 02:00:00,campus,395.34,25.9,40.1,0,2,1
2026-08-18 03:00:00,campus,318.75,20.4,48.5,0,3,1
2026-08-18 04:00:00,campus,364.6,25.4,55.7,0,4,1
2026-08-18 05:00:00,campus,370.74,23.7,48.5,0,5,1
2026-08-18 06:00:00,campus,382.06,26.3,57.1,0,6,1
2026-08-18 07:00:00,campus,369.49,26.3,48.1,0,7,1
2026-08-18 08:00:00,campus,431.87,29.4,66.1,0,8,1
2026-08-18 09:00:00,campus,478.78,28.6,49.3,0,9,1
2026-08-18 10:00:00,campus,532.6,29.1,53.5,0,10,1
2026-08-18 11:00:00,campus,632.55,34.4,38.4,0,11,1
2026-08-18 12:00:00,campus,650.61,33.3,34.0,0,12,1
2026-08-18 13:00:00,campus,730.33,34.8,42.4,0,13,1
2026-08-18 14:00:00,campus,789.13,36.9,34.7,0,14,1
2026-08-18 15:00:00,campus,691.88,33.7,43.1,0,15,1
2026-08-18 16:00:00,campus,708.88,35.9,32.7,0,16,1
2026-08-18 17:00:00,campus,692.01,33.5,44.3,0,17,1
2026-08-18 18:00:00,campus,636.43,33.3,40.0,0,18,1
2026-08-18 19:00:00,campus,607.88,32.3,45.7,0,19,1
2026-08-18 20:00:00,campus,565.18,28.5,49.3,0,20,1
2026-08-18 21:00:00,campus,531.08,28.1,44.2,0,21,1
2026-08-18 22:00:00,campus,489.26,29.7,48.8,0,22,1
2026-08-18 23:00:00,campus,434.13,27.6,39.3,0,23,1
2026-08-19 00:00:00,campus,376.69,25.0,57.4,0,0,2
2026-08-19 01:00:00,campus,354.48,24.5,41.8,0,1,2
2026-08-19 02:00:00,campus,350.73,23.1,44.8,0,2,2
2026-08-19 03:00:00,campus,360.63,25.3,41.8,0,3,2
2026-08-19 04:00:00,campus,330.67,23.2,45.9,0,4,2
2026-08-19 05:00:00,campus,360.39,24.5,51.5,0,5,2
2026-08-19 06:00:00,campus,365.29,26.8,42.8,0,6,2
2026-08-19 07:00:00,campus,376.48,25.1,55.7,0,7,2
2026-08-19 08:00:00,campus,434.38,30.1,41.4,0,8,2
2026-08-19 09:00:00,campus,459.24,27.0,47.9,0,9,2
2026-08-19 10:00:00,campus,534.26,33.3,39.0,0,10,2
2026-08-19 11:00:00,campus,607.75,31.7,36.1,0,11,2
2026-08-19 12:00:00,campus,668.24,33.2,36.4,0,12,2
2026-08-19 13:00:00,campus,675.01,31.7,48.3,0,13,2
2026-08-19 14:00:00,campus,721.12,34.4,38.1,0,14,2
2026-08-19 15:00:00,campus,713.8,33.7,26.3,0,15,2
2026-08-19 16:00:00,campus,689.09,34.2,41.4,0,16,2
2026-08-19 17:00:00,campus,682.68,34.3,46.2,0,17,2
2026-08-19 18:00:00,campus,649.11,35.0,30.9,0,18,2
2026-08-19 19:00:00,campus,649.13,32.6,36.4,0,19,2
2026-08-19 20:00:00,campus,609.13,31.3,39.5,0,20,2
2026-08-19 21:00:00,campus,536.63,27.7,51.1,0,21,2
2026-08-19 22:00:00,campus,470.8,26.4,47.4,0,22,2
2026-08-19 23:00:00,campus,463.12,29.0,41.6,0,23,2
2026-08-20 00:00:00,campus,342.39,24.0,54.4,0,0,3
2026-08-20 01:00:00,campus,384.65,26.7,53.7,0,1,3
2026-08-20 02:00:00,campus,318.49,23.2,51.9,0,2,3
2026-08-20 03:00:00,campus,361.15,23.4,49.0,0,3,3
2026-08-20 04:00:00,campus,355.37,25.2,53.8,0,4,3
2026-08-20 05:00:00,campus,364.22,26.1,48.6,0,5,3
2026-08-20 06:00:00,campus,372.38,25.0,62.7,0,6,3
2026-08-20 07:00:00,campus,387.42,25.8,53.6,0,7,3
2026-08-20 08:00:00,campus,399.29,27.7,51.4,0,8,3
2026-08-20 09:00:00,campus,464.77,29.9,34.7,0,9,3
2026-08-20 10:00:00,campus,537.71,32.3,44.6,0,10,3
2026-08-20 11:00:00,campus,617.98,32.4,37.9,0,11,3
2026-08-20 12:00:00,campus,683.37,34.5,36.7,0,12,3
2026-08-20 13:00:00,campus,734.55,37.0,31.2,0,13,3
2026-08-20 14:00:00,campus,744.19,35.7,38.5,0,14,3
2026-08-20 15:00:00,campus,746.32,35.8,39.0,0,15,3
2026-08-20 16:00:00,campus,695.34,32.9,39.7,0,16,3
2026-08-20 17:00:00,campus,638.57,30.6,38.3,0,17,3
2026-08-20 18:00:00,campus,644.77,34.2,42.0,0,18,3
2026-08-20 19:00:00,campus,627.01,32.2,38.1,0,19,3
2026-08-20 20:00:00,campus,571.27,30.2,39.9,0,20,3
2026-08-20 21:00:00,campus,541.49,29.7,48.1,0,21,3
2026-08-20 22:00:00,campus,490.47,27.7,50.7,0,22,3
2026-08-20 23:00:00,campus,440.08,28.1,46.1,0,23,3
2026-08-21 00:00:00,campus,375.37,25.3,47.4,0,0,4
2026-08-21 01:00:00,campus,331.22,23.1,49.4,0,1,4
2026-08-21 02:00:00,campus,386.2,25.1,56.2,0,2,4
2026-08-21 03:00:00,campus,359.64,23.1,54.8,0,3,4
2026-08-21 04:00:00,campus,346.64,24.4,55.3,0,4,4
2026-08-21 05:00:00,campus,348.94,23.5,48.3,0,5,4
2026-08-21 06:00:00,campus,349.46,24.2,49.5,0,6,4
2026-08-21 07:00:00,campus,364.83,26.6,53.0,0,7,4
2026-08-21 08:00:00,campus,427.57,27.9,48.8,0,8,4
2026-08-21 09:00:00,campus,462.33,30.2,38.5,0,9,4
2026-08-21 10:00:00,campus,550.39,30.6,41.5,0,10,4
2026-08-21 11:00:00,campus,560.79,29.7,37.4,0,11,4
2026-08-21 12:00:00,campus,669.94,33.0,36.7,0,12,4
2026-08-21 13:00:00,campus,731.1,35.8,36.1,0,13,4
2026-08-21 14:00:00,campus,736.52,34.8,32.6,0,14,4
2026-08-21 15:00:00,campus,702.97,35.1,28.2,0,15,4
2026-08-21 16:00:00,campus,736.52,36.7,36.2,0,16,4
2026-08-21 17:00:00,campus,665.19,33.6,45.0,0,17,4
2026-08-21 18:00:00,campus,609.91,31.4,34.4,0,18,4
2026-08-21 19:00:00,campus,626.42,32.2,40.1,0,19,4
2026-08-21 20:00:00,campus,600.93,30.3,40.5,0,20,4
2026-08-21 21:00:00,campus,517.03,28.0,44.6,0,21,4
2026-08-21 22:00:00,campus,484.77,27.6,51.3,0,22,4
2026-08-21 23:00:00,campus,437.71,27.2,45.6,0,23,4
2026-08-22 00:00:00,campus,210.47,25.3,39.6,1,0,5
2026-08-22 01:00:00,campus,258.23,24.8,52.4,1,1,5
2026-08-22 02:00:00,campus,254.9,26.5,42.7,1,2,5
2026-08-22 03:00:00,campus,256.76,23.0,51.5,1,3,5
2026-08-22 04:00:00,campus,224.77,24.2,53.5,1,4,5
2026-08-22 05:00:00,campus,232.53,23.6,57.0,1,5,5
2026-08-22 06:00:00,campus,232.11,24.0,54.1,1,6,5
2026-08-22 07:00:00,campus,232.82,25.7,36.0,1,7,5
2026-08-22 08:00:00,campus,283.56,27.3,53.9,1,8,5
2026-08-22 09:00:00,campus,280.44,30.1,44.6,1,9,5
2026-08-22 10:00:00,campus,313.92,34.6,33.4,1,10,5
2026-08-22 11:00:00,campus,295.42,31.5,44.5,1,11,5
2026-08-22 12:00:00,campus,343.7,33.2,39.2,1,12,5
2026-08-22 13:00:00,campus,347.62,34.6,38.7,1,13,5
2026-08-22 14:00:00,campus,379.39,35.9,43.2,1,14,5
2026-08-22 15:00:00,campus,325.47,35.9,40.2,1,15,5
2026-08-22 16:00:00,campus,354.03,37.3,34.6,1,16,5
2026-08-22 17:00:00,campus,333.81,31.1,39.0,1,17,5
2026-08-22 18:00:00,campus,332.86,30.2,42.5,1,18,5
2026-08-22 19:00:00,campus,373.89,31.8,39.6,1,19,5
2026-08-22 20:00:00,campus,406.79,32.7,38.4,1,20,5
2026-08-22 21:00:00,campus,316.32,27.2,48.6,1,21,5
2026-08-22 22:00:00,campus,282.27,23.5,56.6,1,22,5
2026-08-22 23:00:00,campus,264.03,27.4,39.8,1,23,5
2026-08-23 00:00:00,campus,228.42,25.7,51.7,1,0,6
2026-08-23 01:00:00,campus,243.21,22.8,55.0,1,1,6
2026-08-23 02:00:00,campus,211.3,22.3,51.9,1,2,6
2026-08-23 03:00:00,campus,207.9,22.2,43.7,1,3,6
2026-08-23 04:00:00,campus,227.95,24.0,46.5,1,4,6
2026-08-23 05:00:00,campus,239.84,23.5,57.5,1,5,6
2026-08-23 06:00:00,campus,234.86,26.1,43.8,1,6,6
2026-08-23 07:00:00,campus,240.34,22.3,60.4,1,7,6
2026-08-23 08:00:00,campus,266.0,26.8,45.5,1,8,6
2026-08-23 09:00:00,campus,243.25,27.9,45.4,1,9,6
2026-08-23 10:00:00,campus,303.89,30.8,39.5,1,10,6
2026-08-23 11:00:00,campus,289.25,31.8,40.7,1,11,6
2026-08-23 12:00:00,campus,323.33,35.1,35.0,1,12,6
2026-08-23 13:00:00,campus,321.41,32.0,41.6,1,13,6
2026-08-23 14:00:00,campus,346.95,35.5,37.3,1,14,6
2026-08-23 15:00:00,campus,362.92,36.4,33.7,1,15,6
2026-08-23 16:00:00,campus,364.08,38.2,46.9,1,16,6
2026-08-23 17:00:00,campus,327.94,34.1,45.0,1,17,6
2026-08-23 18:00:00,campus,401.29,34.3,33.5,1,18,6
2026-08-23 19:00:00,campus,365.33,29.9,40.1,1,19,6
2026-08-23 20:00:00,campus,372.87,27.6,55.4,1,20,6
2026-08-23 21:00:00,campus,341.26,30.9,34.9,1,21,6
2026-08-23 22:00:00,campus,300.26,28.0,47.9,1,22,6
2026-08-23 23:00:00,campus,296.66,28.4,45.6,1,23,6
2026-08-24 00:00:00,campus,354.03,23.4,56.4,0,0,0
2026-08-24 01:00:00,campus,375.37,25.3,51.4,0,1,0
2026-08-24 02:00:00,campus,359.93,26.7,43.6,0,2,0
2026-08-24 03:00:00,campus,348.51,24.3,53.8,0,3,0
2026-08-24 04:00:00,campus,354.81,24.3,55.5,0,4,0
2026-08-24 05:00:00,campus,357.66,24.5,55.3,0,5,0
2026-08-24 06:00:00,campus,346.92,23.1,38.4,0,6,0
2026-08-24 07:00:00,campus,416.43,28.7,44.4,0,7,0
2026-08-24 08:00:00,campus,443.35,27.2,42.2,0,8,0
2026-08-24 09:00:00,campus,487.55,30.4,41.2,0,9,0
2026-08-24 10:00:00,campus,514.28,28.9,32.9,0,10,0
2026-08-24 11:00:00,campus,569.57,30.9,50.2,0,11,0
2026-08-24 12:00:00,campus,677.92,36.1,22.8,0,12,0
2026-08-24 13:00:00,campus,722.92,34.4,42.3,0,13,0
2026-08-24 14:00:00,campus,763.24,37.7,33.3,0,14,0
2026-08-24 15:00:00,campus,750.14,35.6,38.6,0,15,0
2026-08-24 16:00:00,campus,675.7,32.7,34.8,0,16,0
2026-08-24 17:00:00,campus,700.65,36.2,33.8,0,17,0
2026-08-24 18:00:00,campus,622.0,33.0,32.7,0,18,0
2026-08-24 19:00:00,campus,637.58,33.7,37.4,0,19,0
2026-08-24 20:00:00,campus,598.41,31.3,39.6,0,20,0
2026-08-24 21:00:00,campus,539.82,27.4,53.6,0,21,0
2026-08-24 22:00:00,campus,468.35,28.4,42.3,0,22,0
2026-08-24 23:00:00,campus,453.61,30.0,44.4,0,23,0
2026-08-25 00:00:00,campus,362.77,26.3,44.9,0,0,1
2026-08-25 01:00:00,campus,332.83,24.5,50.6,0,1,1
2026-08-25 02:00:00,campus,364.47,25.6,53.4,0,2,1
2026-08-25 03:00:00,campus,341.03,24.1,49.1,0,3,1
2026-08-25 04:00:00,campus,330.08,24.3,53.4,0,4,1
2026-08-25 05:00:00,campus,336.34,22.9,46.5,0,5,1
2026-08-25 06:00:00,campus,369.7,25.9,47.4,0,6,1
2026-08-25 07:00:00,campus,403.27,28.3,32.7,0,7,1
2026-08-25 08:00:00,campus,420.62,27.0,37.7,0,8,1
2026-08-25 09:00:00,campus,512.69,31.9,38.1,0,9,1
2026-08-25 10:00:00,campus,543.11,31.2,40.8,0,10,1
2026-08-25 11:00:00,campus,572.05,31.4,37.3,0,11,1
2026-08-25 12:00:00,campus,689.82,35.5,37.1,0,12,1
2026-08-25 13:00:00,campus,706.24,34.5,29.1,0,13,1
2026-08-25 14:00:00,campus,754.34,36.7,42.5,0,14,1
2026-08-25 15:00:00,campus,735.79,35.3,41.2,0,15,1
2026-08-25 16:00:00,campus,718.62,35.5,22.6,0,16,1
2026-08-25 17:00:00,campus,674.97,35.7,37.7,0,17,1
2026-08-25 18:00:00,campus,651.8,34.4,44.7,0,18,1
2026-08-25 19:00:00,campus,606.45,29.8,42.7,0,19,1
2026-08-25 20:00:00,campus,571.8,29.6,47.3,0,20,1
2026-08-25 21:00:00,campus,573.58,31.2,41.6,0,21,1
2026-08-25 22:00:00,campus,444.4,28.0,38.3,0,22,1
2026-08-25 23:00:00,campus,382.69,26.0,56.3,0,23,1
2026-08-26 00:00:00,campus,333.58,23.6,47.2,0,0,2
2026-08-26 01:00:00,campus,361.31,23.0,54.1,0,1,2
2026-08-26 02:00:00,campus,305.72,21.0,50.9,0,2,2
2026-08-26 03:00:00,campus,361.75,23.7,50.2,0,3,2
2026-08-26 04:00:00,campus,358.33,23.2,46.8,0,4,2
2026-08-26 05:00:00,campus,349.14,23.2,45.3,0,5,2
2026-08-26 06:00:00,campus,377.34,25.5,54.1,0,6,2
2026-08-26 07:00:00,campus,401.45,27.4,41.8,0,7,2
2026-08-26 08:00:00,campus,442.88,31.4,38.0,0,8,2
2026-08-26 09:00:00,campus,462.9,27.6,51.4,0,9,2
2026-08-26 10:00:00,campus,542.67,33.1,40.6,0,10,2
2026-08-26 11:00:00,campus,649.63,34.3,35.9,0,11,2
2026-08-26 12:00:00,campus,671.02,32.9,36.2,0,12,2
2026-08-26 13:00:00,campus,728.27,35.3,31.1,0,13,2
2026-08-26 14:00:00,campus,747.92,35.0,35.4,0,14,2
2026-08-26 15:00:00,campus,750.03,36.1,42.2,0,15,2
2026-08-26 16:00:00,campus,745.78,37.9,37.1,0,16,2
2026-08-26 17:00:00,campus,705.93,35.9,30.8,0,17,2
2026-08-26 18:00:00,campus,841.07,34.8,37.6,0,18,2
2026-08-26 19:00:00,campus,630.06,32.2,31.5,0,19,2
2026-08-26 20:00:00,campus,583.74,29.2,47.5,0,20,2
2026-08-26 21:00:00,campus,543.85,29.5,50.2,0,21,2
2026-08-26 22:00:00,campus,510.2,30.1,38.9,0,22,2
2026-08-26 23:00:00,campus,399.97,24.6,40.1,0,23,2
2026-08-27 00:00:00,campus,351.53,24.1,55.7,0,0,3
2026-08-27 01:00:00,campus,368.84,24.9,41.1,0,1,3
2026-08-27 02:00:00,campus,337.57,22.6,57.0,0,2,3
2026-08-27 03:00:00,campus,322.84,22.7,55.1,0,3,3
2026-08-27 04:00:00,campus,327.82,23.5,44.3,0,4,3
2026-08-27 05:00:00,campus,332.71,22.7,52.2,0,5,3
2026-08-27 06:00:00,campus,351.52,24.2,53.1,0,6,3
2026-08-27 07:00:00,campus,397.38,28.0,41.2,0,7,3
2026-08-27 08:00:00,campus,408.84,26.4,50.9,0,8,3
2026-08-27 09:00:00,campus,470.19,27.5,45.5,0,9,3
2026-08-27 10:00:00,campus,523.92,30.5,33.8,0,10,3
2026-08-27 11:00:00,campus,651.77,34.0,38.9,0,11,3
2026-08-27 12:00:00,campus,675.56,33.9,34.9,0,12,3
2026-08-27 13:00:00,campus,726.51,34.4,36.7,0,13,3
2026-08-27 14:00:00,campus,764.79,35.8,28.7,0,14,3
2026-08-27 15:00:00,campus,729.58,33.3,39.1,0,15,3
2026-08-27 16:00:00,campus,714.55,36.5,39.9,0,16,3
2026-08-27 17:00:00,campus,667.52,35.7,38.8,0,17,3
2026-08-27 18:00:00,campus,633.88,33.6,34.7,0,18,3
2026-08-27 19:00:00,campus,644.08,34.4,36.2,0,19,3
2026-08-27 20:00:00,campus,581.85,29.8,44.5,0,20,3
2026-08-27 21:00:00,campus,578.92,31.6,43.2,0,21,3
2026-08-27 22:00:00,campus,498.29,28.6,50.5,0,22,3
2026-08-27 23:00:00,campus,427.62,26.4,44.2,0,23,3
2026-03-01 00:00:00,commercial,263.66,12.5,63.6,1,0,6
2026-03-01 01:00:00,commercial,228.18,10.6,74.9,1,1,6
2026-03-01 02:00:00,commercial,222.69,11.2,67.2,1,2,6
2026-03-01 03:00:00,commercial,230.08,12.3,63.1,1,3,6
2026-03-01 04:00:00,commercial,212.44,9.9,66.6,1,4,6
2026-03-01 05:00:00,commercial,239.72,10.5,59.3,1,5,6
2026-03-01 06:00:00,commercial,263.49,14.1,66.4,1,6,6
2026-03-01 07:00:00,commercial,276.69,14.2,58.0,1,7,6
2026-03-01 08:00:00,commercial,354.52,13.7,59.4,1,8,6
2026-03-01 09:00:00,commercial,407.04,16.8,61.7,1,9,6
2026-03-01 10:00:00,commercial,391.79,16.9,63.4,1,10,6
2026-03-01 11:00:00,commercial,401.88,18.3,54.1,1,11,6
2026-03-01 12:00:00,commercial,421.84,20.6,60.4,1,12,6
2026-03-01 13:00:00,commercial,409.7,18.3,58.9,1,13,6
2026-03-01 14:00:00,commercial,410.84,19.2,56.4,1,14,6
2026-03-01 15:00:00,commercial,426.9,21.2,53.6,1,15,6
2026-03-01 16:00:00,commercial,405.47,20.3,63.8,1,16,6
2026-03-01 17:00:00,commercial,407.21,21.7,53.0,1,17,6
2026-03-01 18:00:00,commercial,357.08,18.9,55.3,1,18,6
2026-03-01 19:00:00,commercial,267.27,16.9,57.4,1,19,6
2026-03-01 20:00:00,commercial,220.51,19.8,50.8,1,20,6
2026-03-01 21:00:00,commercial,217.76,15.7,61.7,1,21,6
2026-03-01 22:00:00,commercial,224.37,14.5,68.0,1,22,6
2026-03-01 23:00:00,commercial,254.86,10.9,65.6,1,23,6
2026-03-02 00:00:00,commercial,198.84,11.0,65.0,0,0,0
2026-03-02 01:00:00,commercial,211.61,11.0,56.3,0,1,0
2026-03-02 02:00:00,commercial,218.21,8.6,76.4,0,2,0
2026-03-02 03:00:00,commercial,232.25,10.6,66.7,0,3,0
2026-03-02 04:00:00,commercial,201.32,9.4,76.1,0,4,0
2026-03-02 05:00:00,commercial,249.3,10.4,59.2,0,5,0
2026-03-02 06:00:00,commercial,295.38,10.9,61.2,0,6,0
2026-03-02 07:00:00,commercial,406.18,15.9,57.8,0,7,0
2026-03-02 08:00:00,commercial,620.16,14.5,52.9,0,8,0
2026-03-02 09:00:00,commercial,697.47,14.5,67.1,0,9,0
2026-03-02 10:00:00,commercial,742.71,18.9,53.3,0,10,0
2026-03-02 11:00:00,commercial,778.65,17.2,54.8,0,11,0
2026-03-02 12:00:00,commercial,780.85,20.6,62.7,0,12,0
2026-03-02 13:00:00,commercial,758.87,18.3,63.9,0,13,0
2026-03-02 14:00:00,commercial,742.54,19.9,56.1,0,14,0
2026-03-02 15:00:00,commercial,832.25,22.4,46.7,0,15,0
2026-03-02 16:00:00,commercial,788.48,23.0,54.2,0,16,0
2026-03-02 17:00:00,commercial,713.57,21.5,43.9,0,17,0
2026-03-02 18:00:00,commercial,579.32,20.1,47.6,0,18,0
2026-03-02 19:00:00,commercial,429.74,18.6,62.1,0,19,0
2026-03-02 20:00:00,commercial,289.57,15.4,52.7,0,20,0
2026-03-02 21:00:00,commercial,231.63,15.0,60.5,0,21,0
2026-03-02 22:00:00,commercial,236.33,13.8,56.3,0,22,0
2026-03-02 23:00:00,commercial,235.71,14.7,60.7,0,23,0
2026-03-03 00:00:00,commercial,228.53,12.4,63.0,0,0,1
2026-03-03 01:00:00,commercial,218.23,8.3,74.5,0,1,1
2026-03-03 02:00:00,commercial,201.41,10.8,69.0,0,2,1
2026-03-03 03:00:00,commercial,236.37,9.6,67.2,0,3,1
2026-03-03 04:00:00,commercial,263.04,9.3,66.1,0,4,1
2026-03-03 05:00:00,commercial,230.5,11.9,61.5,0,5,1
2026-03-03 06:00:00,commercial,277.41,13.5,73.2,0,6,1
2026-03-03 07:00:00,commercial,412.02,14.6,61.8,0,7,1
2026-03-03 08:00:00,commercial,582.42,13.3,64.1,0,8,1
2026-03-03 09:00:00,commercial,713.07,15.7,54.5,0,9,1
2026-03-03 10:00:00,commercial,772.24,18.2,50.0,0,10,1
2026-03-03 11:00:00,commercial,768.65,20.6,46.3,0,11,1
2026-03-03 12:00:00,commercial,774.54,19.7,56.8,0,12,1
2026-03-03 13:00:00,commercial,760.06,21.1,56.8,0,13,1
2026-03-03 14:00:00,commercial,805.02,20.3,50.6,0,14,1
2026-03-03 15:00:00,commercial,747.19,20.4,56.4,0,15,1
2026-03-03 16:00:00,commercial,794.45,23.2,45.7,0,16,1
2026-03-03 17:00:00,commercial,737.19,23.4,58.9,0,17,1
2026-03-03 18:00:00,commercial,601.05,20.3,55.6,0,18,1
2026-03-03 19:00:00,commercial,377.07,20.7,57.7,0,19,1
2026-03-03 20:00:00,commercial,304.48,18.3,59.8,0,20,1
2026-03-03 21:00:00,commercial,235.55,15.2,59.4,0,21,1
2026-03-03 22:00:00,commercial,195.67,15.1,66.2,0,22,1
2026-03-03 23:00:00,commercial,228.47,15.5,58.7,0,23,1
2026-03-04 00:00:00,commercial,221.92,11.9,67.9,0,0,2
2026-03-04 01:00:00,commercial,207.19,13.4,71.2,0,1,2
2026-03-04 02:00:00,commercial,224.55,6.5,70.0,0,2,2
2026-03-04 03:00:00,commercial,202.4,11.5,59.7,0,3,2
2026-03-04 04:00:00,commercial,217.35,10.6,66.3,0,4,2
2026-03-04 05:00:00,commercial,229.26,10.6,68.4,0,5,2
2026-03-04 06:00:00,commercial,319.2,12.1,58.8,0,6,2
2026-03-04 07:00:00,commercial,401.47,10.3,65.5,0,7,2
2026-03-04 08:00:00,commercial,585.58,14.4,62.9,0,8,2
2026-03-04 09:00:00,commercial,736.24,16.8,60.2,0,9,2
2026-03-04 10:00:00,commercial,756.96,20.0,54.9,0,10,2
2026-03-04 11:00:00,commercial,752.69,18.5,59.5,0,11,2
2026-03-04 12:00:00,commercial,797.84,19.3,47.1,0,12,2
2026-03-04 13:00:00,commercial,777.53,20.7,60.3,0,13,2
2026-03-04 14:00:00,commercial,824.24,23.4,46.8,0,14,2
2026-03-04 15:00:00,commercial,772.14,22.7,55.8,0,15,2
2026-03-04 16:00:00,commercial,741.08,21.2,52.8,0,16,2
2026-03-04 17:00:00,commercial,720.61,22.2,62.2,0,17,2
2026-03-04 18:00:00,commercial,607.98,20.6,57.5,0,18,2
2026-03-04 19:00:00,commercial,407.87,20.7,49.2,0,19,2
2026-03-04 20:00:00,commercial,257.4,16.7,50.9,0,20,2
2026-03-04 21:00:00,commercial,232.35,15.7,49.1,0,21,2
2026-03-04 22:00:00,commercial,215.37,14.1,60.1,0,22,2
2026-03-04 23:00:00,commercial,191.45,11.0,67.0,0,23,2
2026-03-05 00:00:00,commercial,195.69,12.5,59.8,0,0,3
2026-03-05 01:00:00,commercial,231.2,11.5,64.3,0,1,3
2026-03-05 02:00:00,commercial,248.53,10.5,62.2,0,2,3
2026-03-05 03:00:00,commercial,218.31,10.0,83.1,0,3,3
2026-03-05 04:00:00,commercial,244.3,8.4,77.7,0,4,3
2026-03-05 05:00:00,commercial,233.45,10.5,64.2,0,5,3
2026-03-05 06:00:00,commercial,261.33,11.6,62.0,0,6,3
2026-03-05 07:00:00,commercial,410.41,12.1,72.2,0,7,3
2026-03-05 08:00:00,commercial,602.87,14.5,60.3,0,8,3
2026-03-05 09:00:00,commercial,702.82,16.9,57.7,0,9,3
2026-03-05 10:00:00,commercial,755.92,20.7,55.1,0,10,3
2026-03-05 11:00:00,commercial,776.45,19.6,52.9,0,11,3
2026-03-05 12:00:00,commercial,753.38,20.9,45.1,0,12,3
2026-03-05 13:00:00,commercial,777.71,21.4,40.2,0,13,3
2026-03-05 14:00:00,commercial,778.35,19.2,58.6,0,14,3
2026-03-05 15:00:00,commercial,781.49,22.3,53.4,0,15,3
2026-03-05 16:00:00,commercial,794.16,22.2,53.1,0,16,3
2026-03-05 17:00:00,commercial,808.15,25.2,56.3,0,17,3
2026-03-05 18:00:00,commercial,582.43,20.3,52.2,0,18,3
2026-03-05 19:00:00,commercial,380.5,19.8,53.4,0,19,3
2026-03-05 20:00:00,commercial,278.2,17.8,57.2,0,20,3
2026-03-05 21:00:00,commercial,241.59,14.6,61.6,0,21,3
2026-03-05 22:00:00,commercial,239.31,16.5,59.3,0,22,3
2026-03-05 23:00:00,commercial,207.34,14.4,58.0,0,23,3
2026-03-06 00:00:00,commercial,258.54,13.3,63.1,0,0,4
2026-03-06 01:00:00,commercial,195.34,9.8,68.0,0,1,4
2026-03-06 02:00:00,commercial,259.11,12.7,70.3,0,2,4
2026-03-06 03:00:00,commercial,239.8,8.3,71.3,0,3,4
2026-03-06 04:00:00,commercial,226.57,11.5,71.2,0,4,4
2026-03-06 05:00:00,commercial,240.36,14.5,62.5,0,5,4
2026-03-06 06:00:00,commercial,260.74,10.7,63.9,0,6,4
2026-03-06 07:00:00,commercial,384.69,12.5,63.3,0,7,4
2026-03-06 08:00:00,commercial,558.97,15.0,64.3,0,8,4
2026-03-06 09:00:00,commercial,710.68,15.6,51.3,0,9,4
2026-03-06 10:00:00,commercial,784.55,15.6,61.6,0,10,4
2026-03-06 11:00:00,commercial,771.8,19.5,46.3,0,11,4
2026-03-06 12:00:00,commercial,805.95,19.0,60.3,0,12,4
2026-03-06 13:00:00,commercial,803.02,22.3,58.7,0,13,4
2026-03-06 14:00:00,commercial,778.68,20.8,50.6,0,14,4
2026-03-06 15:00:00,commercial,852.6,24.7,59.8,0,15,4
2026-03-06 16:00:00,commercial,730.32,21.0,54.3,0,16,4
2026-03-06 17:00:00,commercial,724.84,21.1,55.3,0,17,4
2026-03-06 18:00:00,commercial,615.53,21.9,56.4,0,18,4
2026-03-06 19:00:00,commercial,388.23,17.5,59.3,0,19,4
2026-03-06 20:00:00,commercial,280.29,18.3,60.4,0,20,4
2026-03-06 21:00:00,commercial,245.78,18.3,55.6,0,21,4
2026-03-06 22:00:00,commercial,239.3,12.4,68.6,0,22,4
2026-03-06 23:00:00,commercial,246.62,13.7,63.6,0,23,4
2026-03-07 00:00:00,commercial,264.08,12.6,62.2,1,0,5
2026-03-07 01:00:00,commercial,207.11,12.4,69.1,1,1,5
2026-03-07 02:00:00,commercial,182.57,8.8,75.2,1,2,5
2026-03-07 03:00:00,commercial,219.4,8.5,74.0,1,3,5
2026-03-07 04:00:00,commercial,199.8,11.5,60.8,1,4,5
2026-03-07 05:00:00,commercial,213.49,11.7,69.9,1,5,5
2026-03-07 06:00:00,commercial,224.58,12.6,63.7,1,6,5
2026-03-07 07:00:00,commercial,269.12,14.0,80.0,1,7,5
2026-03-07 08:00:00,commercial,345.06,13.9,67.1,1,8,5
2026-03-07 09:00:00,commercial,384.82,16.8,60.3,1,9,5
2026-03-07 10:00:00,commercial,414.29,18.5,52.1,1,10,5
2026-03-07 11:00:00,commercial,426.91,18.4,61.7,1,11,5
2026-03-07 12:00:00,commercial,432.91,23.5,58.2,1,12,5
2026-03-07 13:00:00,commercial,444.54,22.4,48.1,1,13,5
2026-03-07 14:00:00,commercial,417.6,20.5,54.9,1,14,5
2026-03-07 15:00:00,commercial,388.43,23.5,51.2,1,15,5
2026-03-07 16:00:00,commercial,383.23,20.8,52.9,1,16,5
2026-03-07 17:00:00,commercial,413.75,22.8,53.2,1,17,5
2026-03-07 18:00:00,commercial,348.38,22.4,52.8,1,18,5
2026-03-07 19:00:00,commercial,287.54,18.2,53.5,1,19,5
2026-03-07 20:00:00,commercial,254.21,19.5,61.0,1,20,5
2026-03-07 21:00:00,commercial,219.32,17.1,61.5,1,21,5
2026-03-07 22:00:00,commercial,211.58,16.1,63.3,1,22,5
2026-03-07 23:00:00,commercial,239.67,16.3,65.7,1,23,5
2026-03-08 00:00:00,commercial,212.32,11.9,59.2,1,0,6
2026-03-08 01:00:00,commercial,194.48,10.2,66.3,1,1,6
2026-03-08 02:00:00,commercial,216.59,9.4,67.0,1,2,6
2026-03-08 03:00:00,commercial,223.48,9.3,64.1,1,3,6
2026-03-08 04:00:00,commercial,201.0,10.6,64.6,1,4,6
2026-03-08 05:00:00,commercial,226.79,11.9,70.2,1,5,6
2026-03-08 06:00:00,commercial,262.3,12.7,63.0,1,6,6
2026-03-08 07:00:00,commercial,302.36,14.8,61.1,1,7,6
2026-03-08 08:00:00,commercial,366.51,15.0,63.9,1,8,6
2026-03-08 09:00:00,commercial,405.87,18.7,66.0,1,9,6
2026-03-08 10:00:00,commercial,379.42,17.7,60.0,1,10,6
2026-03-08 11:00:00,commercial,413.64,23.6,48.8,1,11,6
2026-03-08 12:00:00,commercial,409.66,21.7,58.1,1,12,6
2026-03-08 13:00:00,commercial,407.21,20.5,48.2,1,13,6
2026-03-08 14:00:00,commercial,418.09,20.7,49.2,1,14,6
2026-03-08 15:00:00,commercial,421.19,23.3,43.6,1,15,6
2026-03-08 16:00:00,commercial,405.09,22.0,53.4,1,16,6
2026-03-08 17:00:00,commercial,392.17,22.8,63.4,1,17,6
2026-03-08 18:00:00,commercial,338.15,21.5,54.0,1,18,6
2026-03-08 19:00:00,commercial,260.99,19.4,58.0,1,19,6
2026-03-08 20:00:00,commercial,264.4,16.8,65.2,1,20,6
2026-03-08 21:00:00,commercial,231.55,14.3,55.8,1,21,6
2026-03-08 22:00:00,commercial,239.96,14.3,72.5,1,22,6
2026-03-08 23:00:00,commercial,227.47,14.8,64.5,1,23,6
2026-03-09 00:00:00,commercial,244.48,12.7,63.5,0,0,0
2026-03-09 01:00:00,commercial,248.69,9.6,63.4,0,1,0
2026-03-09 02:00:00,commercial,208.52,11.1,70.8,0,2,0
2026-03-09 03:00:00,commercial,204.16,11.2,65.3,0,3,0
2026-03-09 04:00:00,commercial,227.12,9.5,73.4,0,4,0
2026-03-09 05:00:00,commercial,240.79,11.7,62.8,0,5,0
2026-03-09 06:00:00,commercial,288.14,12.5,64.2,0,6,0
2026-03-09 07:00:00,commercial,413.01,11.9,69.3,0,7,0
2026-03-09 08:00:00,commercial,589.03,15.6,59.6,0,8,0
2026-03-09 09:00:00,commercial,691.86,17.5,60.6,0,9,0
2026-03-09 10:00:00,commercial,757.93,19.8,55.6,0,10,0
2026-03-09 11:00:00,commercial,791.1,21.2,60.3,0,11,0
2026-03-09 12:00:00,commercial,764.4,18.8,57.3,0,12,0
2026-03-09 13:00:00,commercial,757.94,20.4,56.9,0,13,0
2026-03-09 14:00:00,commercial,810.85,23.2,48.1,0,14,0
2026-03-09 15:00:00,commercial,783.87,23.4,54.2,0,15,0
2026-03-09 16:00:00,commercial,834.03,23.2,48.5,0,16,0
2026-03-09 17:00:00,commercial,780.28,27.6,49.6,0,17,0
2026-03-09 18:00:00,commercial,602.84,21.7,48.8,0,18,0
2026-03-09 19:00:00,commercial,403.63,21.3,51.8,0,19,0
2026-03-09 20:00:00,commercial,263.18,19.6,50.3,0,20,0
2026-03-09 21:00:00,commercial,234.47,17.6,59.4,0,21,0
2026-03-09 22:00:00,commercial,225.04,14.6,62.6,0,22,0
2026-03-09 23:00:00,commercial,198.65,14.8,58.8,0,23,0
2026-03-10 00:00:00,commercial,237.33,11.3,65.7,0,0,1
2026-03-10 01:00:00,commercial,242.55,11.1,62.6,0,1,1
2026-03-10 02:00:00,commercial,214.83,10.2,69.8,0,2,1
2026-03-10 03:00:00,commercial,227.02,10.8,68.4,0,3,1
2026-03-10 04:00:00,commercial,211.09,14.4,64.9,0,4,1
2026-03-10 05:00:00,commercial,178.67,8.7,66.5,0,5,1
2026-03-10 06:00:00,commercial,236.73,13.5,65.4,0,6,1
2026-03-10 07:00:00,commercial,387.07,11.3,72.4,0,7,1
2026-03-10 08:00:00,commercial,606.27,14.4,63.0,0,8,1
2026-03-10 09:00:00,commercial,717.27,18.3,58.4,0,9,1
2026-03-10 10:00:00,commercial,723.63,18.3,68.0,0,10,1
2026-03-10 11:00:00,commercial,745.82,18.1,60.7,0,11,1
2026-03-10 12:00:00,commercial,788.74,19.9,44.3,0,12,1
2026-03-10 13:00:00,commercial,781.5,22.9,50.8,0,13,1
2026-03-10 14:00:00,commercial,776.76,21.4,50.3,0,14,1
2026-03-10 15:00:00,commercial,787.94,23.0,45.5,0,15,1
2026-03-10 16:00:00,commercial,789.54,22.6,54.6,0,16,1
2026-03-10 17:00:00,commercial,725.39,20.9,53.3,0,17,1
2026-03-10 18:00:00,commercial,602.37,24.2,51.9,0,18,1
2026-03-10 19:00:00,commercial,387.74,20.7,61.1,0,19,1
2026-03-10 20:00:00,commercial,264.52,15.2,69.7,0,20,1
2026-03-10 21:00:00,commercial,239.05,17.0,58.7,0,21,1
2026-03-10 22:00:00,commercial,234.73,14.2,60.8,0,22,1
2026-03-10 23:00:00,commercial,258.19,15.0,67.7,0,23,1
2026-03-11 00:00:00,commercial,208.19,11.3,73.8,0,0,2
2026-03-11 01:00:00,commercial,213.57,11.4,62.4,0,1,2
2026-03-11 02:00:00,commercial,221.73,11.7,69.5,0,2,2
2026-03-11 03:00:00,commercial,224.31,12.1,66.6,0,3,2
2026-03-11 04:00:00,commercial,197.95,9.2,77.7,0,4,2
2026-03-11 05:00:00,commercial,217.48,11.1,63.5,0,5,2
2026-03-11 06:00:00,commercial,270.0,11.8,64.6,0,6,2
2026-03-11 07:00:00,commercial,380.53,12.8,64.4,0,7,2
2026-03-11 08:00:00,commercial,583.73,17.9,56.6,0,8,2
2026-03-11 09:00:00,commercial,722.27,17.4,48.1,0,9,2
2026-03-11 10:00:00,commercial,742.36,16.4,63.4,0,10,2
2026-03-11 11:00:00,commercial,751.94,21.2,46.5,0,11,2
2026-03-11 12:00:00,commercial,802.87,24.2,58.2,0,12,2
2026-03-11 13:00:00,commercial,759.56,23.5,49.0,0,13,2
2026-03-11 14:00:00,commercial,736.04,20.3,53.1,0,14,2
2026-03-11 15:00:00,commercial,779.16,22.1,58.0,0,15,2
2026-03-11 16:00:00,commercial,810.7,24.5,46.1,0,16,2
2026-03-11 17:00:00,commercial,719.06,20.9,52.2,0,17,2
2026-03-11 18:00:00,commercial,612.39,21.7,54.4,0,18,2
2026-03-11 19:00:00,commercial,398.53,20.9,62.8,0,19,2
2026-03-11 20:00:00,commercial,293.34,16.9,66.8,0,20,2
2026-03-11 21:00:00,commercial,233.34,16.7,62.9,0,21,2
2026-03-11 22:00:00,commercial,204.4,10.4,66.6,0,22,2
2026-03-11 23:00:00,commercial,227.37,12.2,58.2,0,23,2
2026-03-12 00:00:00,commercial,203.39,12.2,64.0,0,0,3
2026-03-12 01:00:00,commercial,224.37,9.8,64.5,0,1,3
2026-03-12 02:00:00,commercial,264.86,13.5,68.8,0,2,3
2026-03-12 03:00:00,commercial,202.61,8.7,70.4,0,3,3
2026-03-12 04:00:00,commercial,246.38,10.4,71.6,0,4,3
2026-03-12 05:00:00,commercial,239.9,11.9,69.2,0,5,3
2026-03-12 06:00:00,commercial,246.11,14.8,62.5,0,6,3
2026-03-12 07:00:00,commercial,429.4,11.7,62.4,0,7,3
2026-03-12 08:00:00,commercial,573.43,17.0,54.7,0,8,3
2026-03-12 09:00:00,commercial,724.53,16.9,65.4,0,9,3
2026-03-12 10:00:00,commercial,747.51,16.9,67.7,0,10,3
2026-03-12 11:00:00,commercial,768.9,20.5,55.2,0,11,3
2026-03-12 12:00:00,commercial,781.78,21.4,51.3,0,12,3
2026-03-12 13:00:00,commercial,776.23,21.2,51.7,0,13,3
2026-03-12 14:00:00,commercial,763.77,22.8,50.9,0,14,3
2026-03-12 15:00:00,commercial,805.85,22.3,56.0,0,15,3
2026-03-12 16:00:00,commercial,768.41,22.8,51.5,0,16,3
2026-03-12 17:00:00,commercial,757.55,23.0,54.6,0,17,3
2026-03-12 18:00:00,commercial,632.61,23.5,54.5,0,18,3
2026-03-12 19:00:00,commercial,409.31,18.0,67.0,0,19,3
2026-03-12 20:00:00,commercial,295.73,21.6,54.1,0,20,3
2026-03-12 21:00:00,commercial,253.55,13.9,67.6,0,21,3
2026-03-12 22:00:00,commercial,220.57,15.1,57.1,0,22,3
2026-03-12 23:00:00,commercial,241.74,14.7,63.9,0,23,3
2026-03-13 00:00:00,commercial,246.27,13.1,62.1,0,0,4
2026-03-13 01:00:00,commercial,200.17,10.8,70.0,0,1,4
2026-03-13 02:00:00,commercial,234.98,10.8,67.6,0,2,4
2026-03-13 03:00:00,commercial,215.71,10.2,65.1,0,3,4
2026-03-13 04:00:00,commercial,253.87,10.3,74.1,0,4,4
2026-03-13 05:00:00,commercial,210.68,13.0,53.4,0,5,4
2026-03-13 06:00:00,commercial,252.33,13.2,70.9,0,6,4
2026-03-13 07:00:00,commercial,374.51,12.9,60.0,0,7,4
2026-03-13 08:00:00,commercial,613.57,16.7,63.2,0,8,4
2026-03-13 09:00:00,commercial,741.36,17.4,55.0,0,9,4
2026-03-13 10:00:00,commercial,783.45,19.7,54.8,0,10,4
2026-03-13 11:00:00,commercial,806.33,20.9,52.0,0,11,4
2026-03-13 12:00:00,commercial,793.87,19.9,56.6,0,12,4
2026-03-13 13:00:00,commercial,785.22,21.3,62.0,0,13,4
2026-03-13 14:00:00,commercial,830.02,23.8,40.5,0,14,4
2026-03-13 15:00:00,commercial,818.85,23.8,50.1,0,15,4
2026-03-13 16:00:00,commercial,773.65,22.7,59.5,0,16,4
2026-03-13 17:00:00,commercial,725.76,22.3,56.9,0,17,4
2026-03-13 18:00:00,commercial,673.01,23.1,60.7,0,18,4
2026-03-13 19:00:00,commercial,426.94,19.0,60.5,0,19,4
2026-03-13 20:00:00,commercial,274.55,19.3,57.1,0,20,4
2026-03-13 21:00:00,commercial,225.89,16.6,53.6,0,21,4
2026-03-13 22:00:00,commercial,237.75,15.1,67.8,0,22,4
2026-03-13 23:00:00,commercial,250.23,15.6,57.7,0,23,4
2026-03-14 00:00:00,commercial,214.48,14.0,60.7,1,0,5
2026-03-14 01:00:00,commercial,216.67,13.0,55.6,1,1,5
2026-03-14 02:00:00,commercial,195.57,13.2,65.2,1,2,5
2026-03-14 03:00:00,commercial,217.78,11.0,69.7,1,3,5
2026-03-14 04:00:00,commercial,181.09,12.2,60.7,1,4,5
2026-03-14 05:00:00,commercial,244.84,11.3,70.3,1,5,5
2026-03-14 06:00:00,commercial,246.68,13.3,64.9,1,6,5
2026-03-14 07:00:00,commercial,272.84,13.8,58.2,1,7,5
2026-03-14 08:00:00,commercial,343.92,15.6,64.3,1,8,5
2026-03-14 09:00:00,commercial,415.19,17.9,56.6,1,9,5
2026-03-14 10:00:00,commercial,412.68,17.3,62.5,1,10,5
2026-03-14 11:00:00,commercial,401.94,23.1,47.4,1,11,5
2026-03-14 12:00:00,commercial,427.78,19.7,54.8,1,12,5
2026-03-14 13:00:00,commercial,364.81,20.4,56.4,1,13,5
2026-03-14 14:00:00,commercial,401.53,24.5,47.0,1,14,5
2026-03-14 15:00:00,commercial,456.73,24.2,58.3,1,15,5
2026-03-14 16:00:00,commercial,404.87,23.7,56.2,1,16,5
2026-03-14 17:00:00,commercial,400.18,23.1,52.4,1,17,5
2026-03-14 18:00:00,commercial,347.98,21.2,50.0,1,18,5
2026-03-14 19:00:00,commercial,320.34,18.7,58.1,1,19,5
2026-03-14 20:00:00,commercial,249.67,18.7,55.6,1,20,5
2026-03-14 21:00:00,commercial,226.88,16.0,59.5,1,21,5
2026-03-14 22:00:00,commercial,218.62,16.9,59.1,1,22,5
2026-03-14 23:00:00,commercial,220.24,13.8,65.2,1,23,5
2026-03-15 00:00:00,commercial,187.11,11.6,59.0,1,0,6
2026-03-15 01:00:00,commercial,201.94,11.4,62.0,1,1,6
2026-03-15 02:00:00,commercial,232.01,11.9,65.8,1,2,6
2026-03-15 03:00:00,commercial,205.29,10.2,64.3,1,3,6
2026-03-15 04:00:00,commercial,219.91,10.1,67.8,1,4,6
2026-03-15 05:00:00,commercial,249.08,12.3,66.8,1,5,6
2026-03-15 06:00:00,commercial,263.85,13.2,67.4,1,6,6
2026-03-15 07:00:00,commercial,308.91,13.3,59.4,1,7,6
2026-03-15 08:00:00,commercial,385.26,14.8,60.6,1,8,6
2026-03-15 09:00:00,commercial,393.57,17.4,52.7,1,9,6
2026-03-15 10:00:00,commercial,399.61,16.5,52.1,1,10,6
2026-03-15 11:00:00,commercial,377.21,18.0,59.2,1,11,6
2026-03-15 12:00:00,commercial,423.38,20.3,60.8,1,12,6
2026-03-15 13:00:00,commercial,379.67,22.0,51.2,1,13,6
2026-03-15 14:00:00,commercial,419.3,23.4,55.4,1,14,6
2026-03-15 15:00:00,commercial,448.13,25.3,48.0,1,15,6
2026-03-15 16:00:00,commercial,411.87,24.2,47.1,1,16,6
2026-03-15 17:00:00,commercial,383.79,22.0,48.8,1,17,6
2026-03-15 18:00:00,commercial,347.54,21.3,48.9,1,18,6
2026-03-15 19:00:00,commercial,275.62,18.6,55.9,1,19,6
2026-03-15 20:00:00,commercial,229.0,18.6,57.6,1,20,6
2026-03-15 21:00:00,commercial,234.83,16.7,50.8,1,21,6
2026-03-15 22:00:00,commercial,185.43,16.0,58.8,1,22,6
2026-03-15 23:00:00,commercial,230.01,12.8,65.4,1,23,6
2026-03-16 00:00:00,commercial,235.3,13.7,58.2,0,0,0
2026-03-16 01:00:00,commercial,194.07,14.3,68.2,0,1,0
2026-03-16 02:00:00,commercial,213.81,11.2,70.3,0,2,0
2026-03-16 03:00:00,commercial,216.86,11.8,60.0,0,3,0
2026-03-16 04:00:00,commercial,229.75,12.4,59.2,0,4,0
2026-03-16 05:00:00,commercial,240.51,11.4,63.1,0,5,0
2026-03-16 06:00:00,commercial,276.32,13.3,65.2,0,6,0
2026-03-16 07:00:00,commercial,399.33,14.2,58.0,0,7,0
2026-03-16 08:00:00,commercial,621.25,15.8,64.6,0,8,0
2026-03-16 09:00:00,commercial,702.12,16.0,58.5,0,9,0
2026-03-16 10:00:00,commercial,762.37,18.8,62.0,0,10,0
2026-03-16 11:00:00,commercial,803.7,20.9,57.3,0,11,0
2026-03-16 12:00:00,commercial,789.86,23.6,49.8,0,12,0
2026-03-16 13:00:00,commercial,851.3,23.8,54.8,0,13,0
2026-03-16 14:00:00,commercial,849.49,26.2,51.2,0,14,0
2026-03-16 15:00:00,commercial,806.4,22.0,42.3,0,15,0
2026-03-16 16:00:00,commercial,806.05,24.3,54.9,0,16,0
2026-03-16 17:00:00,commercial,747.74,22.6,53.7,0,17,0
2026-03-16 18:00:00,commercial,643.13,24.7,54.5,0,18,0
2026-03-16 19:00:00,commercial,396.33,19.0,62.4,0,19,0
2026-03-16 20:00:00,commercial,287.49,17.5,63.0,0,20,0
2026-03-16 21:00:00,commercial,224.09,16.3,63.2,0,21,0
2026-03-16 22:00:00,commercial,254.4,12.4,63.7,0,22,0
2026-03-16 23:00:00,commercial,238.35,13.4,60.7,0,23,0
2026-03-17 00:00:00,commercial,220.79,11.9,65.4,0,0,1
2026-03-17 01:00:00,commercial,203.78,12.3,65.8,0,1,1
2026-03-17 02:00:00,commercial,211.28,12.0,73.0,0,2,1
2026-03-17 03:00:00,commercial,218.05,14.1,54.9,0,3,1
2026-03-17 04:00:00,commercial,232.22,12.9,57.7,0,4,1
2026-03-17 05:00:00,commercial,268.78,11.2,71.2,0,5,1
2026-03-17 06:00:00,commercial,265.26,11.7,67.0,0,6,1
2026-03-17 07:00:00,commercial,391.13,15.0,65.5,0,7,1
2026-03-17 08:00:00,commercial,630.64,13.7,59.9,0,8,1
2026-03-17 09:00:00,commercial,686.63,20.0,52.6,0,9,1
2026-03-17 10:00:00,commercial,748.52,20.6,55.8,0,10,1
2026-03-17 11:00:00,commercial,783.35,19.5,46.8,0,11,1
2026-03-17 12:00:00,commercial,771.67,18.9,57.4,0,12,1
2026-03-17 13:00:00,commercial,864.27,24.5,45.8,0,13,1
2026-03-17 14:00:00,commercial,799.9,22.9,56.6,0,14,1
2026-03-17 15:00:00,commercial,828.24,25.1,53.1,0,15,1
2026-03-17 16:00:00,commercial,762.59,20.6,55.9,0,16,1
2026-03-17 17:00:00,commercial,734.46,21.5,51.4,0,17,1
2026-03-17 18:00:00,commercial,560.15,21.5,45.3,0,18,1
2026-03-17 19:00:00,commercial,406.44,20.3,49.3,0,19,1
2026-03-17 20:00:00,commercial,272.48,18.1,56.2,0,20,1
2026-03-17 21:00:00,commercial,232.27,18.2,50.9,0,21,1
2026-03-17 22:00:00,commercial,224.01,14.1,63.3,0,22,1
2026-03-17 23:00:00,commercial,221.57,14.0,59.1,0,23,1
2026-03-18 00:00:00,commercial,201.26,13.3,59.0,0,0,2
2026-03-18 01:00:00,commercial,205.68,12.9,64.0,0,1,2
2026-03-18 02:00:00,commercial,223.54,12.6,68.6,0,2,2
2026-03-18 03:00:00,commercial,236.96,9.6,77.2,0,3,2
2026-03-18 04:00:00,commercial,209.99,9.2,69.2,0,4,2
2026-03-18 05:00:00,commercial,235.02,14.0,59.5,0,5,2
2026-03-18 06:00:00,commercial,237.34,13.6,62.7,0,6,2
2026-03-18 07:00:00,commercial,389.34,13.2,63.2,0,7,2
2026-03-18 08:00:00,commercial,606.22,18.1,55.4,0,8,2
2026-03-18 09:00:00,commercial,690.64,17.5,56.7,0,9,2
2026-03-18 10:00:00,commercial,753.7,20.6,55.8,0,10,2
2026-03-18 11:00:00,commercial,751.97,20.4,59.4,0,11,2
2026-03-18 12:00:00,commercial,843.54,24.7,47.7,0,12,2
2026-03-18 13:00:00,commercial,804.19,25.2,51.9,0,13,2
2026-03-18 14:00:00,commercial,798.32,22.7,52.1,0,14,2
2026-03-18 15:00:00,commercial,832.4,24.8,51.6,0,15,2
2026-03-18 16:00:00,commercial,826.01,24.1,43.4,0,16,2
2026-03-18 17:00:00,commercial,781.07,24.6,51.4,0,17,2
2026-03-18 18:00:00,commercial,583.34,20.1,59.7,0,18,2
2026-03-18 19:00:00,commercial,435.37,21.4,49.8,0,19,2
2026-03-18 20:00:00,commercial,255.42,20.5,62.5,0,20,2
2026-03-18 21:00:00,commercial,234.13,14.7,60.2,0,21,2
2026-03-18 22:00:00,commercial,225.12,14.0,63.5,0,22,2
2026-03-18 23:00:00,commercial,225.72,11.3,68.7,0,23,2
2026-03-19 00:00:00,commercial,226.84,12.8,66.5,0,0,3
2026-03-19 01:00:00,commercial,232.75,13.3,65.1,0,1,3
2026-03-19 02:00:00,commercial,217.87,13.9,64.0,0,2,3
2026-03-19 03:00:00,commercial,215.38,11.5,62.9,0,3,3
2026-03-19 04:00:00,commercial,246.43,14.0,54.6,0,4,3
2026-03-19 05:00:00,commercial,221.73,10.1,69.6,0,5,3
2026-03-19 06:00:00,commercial,235.0,10.6,62.3,0,6,3
2026-03-19 07:00:00,commercial,395.08,14.3,68.1,0,7,3
2026-03-19 08:00:00,commercial,614.48,16.4,56.2,0,8,3
2026-03-19 09:00:00,commercial,713.17,17.4,65.7,0,9,3
2026-03-19 10:00:00,commercial,745.39,15.9,52.2,0,10,3
2026-03-19 11:00:00,commercial,770.95,20.3,51.8,0,11,3
2026-03-19 12:00:00,commercial,791.28,19.7,59.0,0,12,3
2026-03-19 13:00:00,commercial,820.22,23.6,51.3,0,13,3
2026-03-19 14:00:00,commercial,836.06,23.7,54.0,0,14,3
2026-03-19 15:00:00,commercial,791.24,22.0,53.8,0,15,3
2026-03-19 16:00:00,commercial,772.49,22.4,54.3,0,16,3
2026-03-19 17:00:00,commercial,722.65,21.0,55.3,0,17,3
2026-03-19 18:00:00,commercial,599.56,21.5,56.6,0,18,3
2026-03-19 19:00:00,commercial,379.52,21.8,46.9,0,19,3
2026-03-19 20:00:00,commercial,272.62,17.5,66.5,0,20,3
2026-03-19 21:00:00,commercial,215.09,18.2,67.2,0,21,3
2026-03-19 22:00:00,commercial,226.4,15.1,67.4,0,22,3
2026-03-19 23:00:00,commercial,228.52,13.2,72.0,0,23,3
2026-03-20 00:00:00,commercial,217.8,13.1,59.2,0,0,4
2026-03-20 01:00:00,commercial,220.56,10.7,67.8,0,1,4
2026-03-20 02:00:00,commercial,203.16,10.9,60.1,0,2,4
2026-03-20 03:00:00,commercial,216.13,9.7,76.8,0,3,4
2026-03-20 04:00:00,commercial,248.48,14.6,63.9,0,4,4
2026-03-20 05:00:00,commercial,238.67,12.3,71.6,0,5,4
2026-03-20 06:00:00,commercial,256.18,12.2,55.8,0,6,4
2026-03-20 07:00:00,commercial,396.41,14.8,63.3,0,7,4
2026-03-20 08:00:00,commercial,566.19,15.8,59.8,0,8,4
2026-03-20 09:00:00,commercial,727.91,17.1,62.5,0,9,4
2026-03-20 10:00:00,commercial,773.72,20.0,51.4,0,10,4
2026-03-20 11:00:00,commercial,776.45,21.6,45.8,0,11,4
2026-03-20 12:00:00,commercial,740.63,20.9,54.1,0,12,4
2026-03-20 13:00:00,commercial,789.67,21.8,48.2,0,13,4
2026-03-20 14:00:00,commercial,807.27,22.9,50.7,0,14,4
2026-03-20 15:00:00,commercial,807.51,20.0,55.4,0,15,4
2026-03-20 16:00:00,commercial,750.42,21.0,54.6,0,16,4
2026-03-20 17:00:00,commercial,769.79,24.7,52.1,0,17,4
2026-03-20 18:00:00,commercial,630.95,24.2,51.9,0,18,4
2026-03-20 19:00:00,commercial,394.28,20.1,49.8,0,19,4
2026-03-20 20:00:00,commercial,258.85,19.9,64.6,0,20,4
2026-03-20 21:00:00,commercial,263.36,17.9,43.4,0,21,4
2026-03-20 22:00:00,commercial,216.6,20.5,55.4,0,22,4
2026-03-20 23:00:00,commercial,207.82,16.2,57.8,0,23,4
2026-03-21 00:00:00,commercial,220.19,13.1,65.1,1,0,5
2026-03-21 01:00:00,commercial,235.51,10.9,68.2,1,1,5
2026-03-21 02:00:00,commercial,228.92,9.4,69.4,1,2,5
2026-03-21 03:00:00,commercial,223.85,11.9,64.4,1,3,5
2026-03-21 04:00:00,commercial,230.04,10.6,57.7,1,4,5
2026-03-21 05:00:00,commercial,184.49,10.2,66.0,1,5,5
2026-03-21 06:00:00,commercial,258.1,12.3,67.7,1,6,5
2026-03-21 07:00:00,commercial,287.64,12.9,61.8,1,7,5
2026-03-21 08:00:00,commercial,366.72,18.5,56.0,1,8,5
2026-03-21 09:00:00,commercial,385.94,18.9,54.3,1,9,5
2026-03-21 10:00:00,commercial,414.68,19.1,57.5,1,10,5
2026-03-21 11:00:00,commercial,417.99,22.8,55.0,1,11,5
2026-03-21 12:00:00,commercial,420.62,21.9,50.7,1,12,5
2026-03-21 13:00:00,commercial,433.3,21.5,42.8,1,13,5
2026-03-21 14:00:00,commercial,425.24,25.6,44.5,1,14,5
2026-03-21 15:00:00,commercial,445.35,24.4,50.3,1,15,5
2026-03-21 16:00:00,commercial,397.59,21.8,48.6,1,16,5
2026-03-21 17:00:00,commercial,427.0,22.5,43.2,1,17,5
2026-03-21 18:00:00,commercial,314.35,20.5,57.1,1,18,5
2026-03-21 19:00:00,commercial,273.0,18.5,62.0,1,19,5
2026-03-21 20:00:00,commercial,224.89,20.5,52.3,1,20,5
2026-03-21 21:00:00,commercial,222.08,20.4,48.5,1,21,5
2026-03-21 22:00:00,commercial,248.16,13.9,63.4,1,22,5
2026-03-21 23:00:00,commercial,227.1,15.4,64.6,1,23,5
2026-03-22 00:00:00,commercial,239.47,12.4,72.1,1,0,6
2026-03-22 01:00:00,commercial,237.08,11.7,64.0,1,1,6
2026-03-22 02:00:00,commercial,190.34,10.9,61.0,1,2,6
2026-03-22 03:00:00,commercial,239.19,10.3,70.8,1,3,6
2026-03-22 04:00:00,commercial,227.1,11.9,65.7,1,4,6
2026-03-22 05:00:00,commercial,220.65,11.2,65.6,1,5,6
2026-03-22 06:00:00,commercial,198.05,13.8,70.2,1,6,6
2026-03-22 07:00:00,commercial,295.42,14.6,60.6,1,7,6
2026-03-22 08:00:00,commercial,296.83,15.7,60.0,1,8,6
2026-03-22 09:00:00,commercial,376.14,16.3,65.5,1,9,6
2026-03-22 10:00:00,commercial,396.99,18.3,55.1,1,10,6
2026-03-22 11:00:00,commercial,429.62,21.8,46.1,1,11,6
2026-03-22 12:00:00,commercial,429.51,22.6,53.0,1,12,6
2026-03-22 13:00:00,commercial,403.73,21.4,61.3,1,13,6
2026-03-22 14:00:00,commercial,421.75,23.6,50.6,1,14,6
2026-03-22 15:00:00,commercial,432.88,24.8,56.2,1,15,6
2026-03-22 16:00:00,commercial,409.59,20.9,58.2,1,16,6
2026-03-22 17:00:00,commercial,389.46,23.6,45.2,1,17,6
2026-03-22 18:00:00,commercial,328.66,20.9,53.0,1,18,6
2026-03-22 19:00:00,commercial,240.03,21.5,43.7,1,19,6
2026-03-22 20:00:00,commercial,217.59,18.0,56.9,1,20,6
2026-03-22 21:00:00,commercial,239.22,14.9,69.4,1,21,6
2026-03-22 22:00:00,commercial,239.86,13.6,64.5,1,22,6
2026-03-22 23:00:00,commercial,235.32,14.7,64.9,1,23,6
2026-03-23 00:00:00,commercial,248.08,13.9,56.6,0,0,0
2026-03-23 01:00:00,commercial,230.1,11.2,60.3,0,1,0
2026-03-23 02:00:00,commercial,240.68,12.9,65.8,0,2,0
2026-03-23 03:00:00,commercial,232.67,9.2,65.7,0,3,0
2026-03-23 04:00:00,commercial,248.01,11.8,54.5,0,4,0
2026-03-23 05:00:00,commercial,203.62,10.7,72.3,0,5,0
2026-03-23 06:00:00,commercial,250.52,12.5,67.5,0,6,0
2026-03-23 07:00:00,commercial,381.82,14.8,71.8,0,7,0
2026-03-23 08:00:00,commercial,571.87,14.9,55.8,0,8,0
2026-03-23 09:00:00,commercial,745.56,17.1,59.9,0,9,0
2026-03-23 10:00:00,commercial,754.69,20.8,54.7,0,10,0
2026-03-23 11:00:00,commercial,795.81,19.8,60.2,0,11,0
2026-03-23 12:00:00,commercial,817.7,23.2,57.6,0,12,0
2026-03-23 13:00:00,commercial,792.28,21.2,58.3,0,13,0
2026-03-23 14:00:00,commercial,838.53,24.3,55.5,0,14,0
2026-03-23 15:00:00,commercial,850.22,25.9,54.5,0,15,0
2026-03-23 16:00:00,commercial,774.32,19.8,60.4,0,16,0
2026-03-23 17:00:00,commercial,734.29,21.7,48.7,0,17,0
2026-03-23 18:00:00,commercial,606.45,22.8,55.6,0,18,0
2026-03-23 19:00:00,commercial,381.2,20.4,56.0,0,19,0
2026-03-23 20:00:00,commercial,284.89,19.8,52.3,0,20,0
2026-03-23 21:00:00,commercial,235.14,16.8,59.8,0,21,0
2026-03-23 22:00:00,commercial,191.89,16.3,54.5,0,22,0
2026-03-23 23:00:00,commercial,251.2,14.5,57.5,0,23,0
2026-03-24 00:00:00,commercial,249.77,15.3,58.0,0,0,1
2026-03-24 01:00:00,commercial,200.88,13.0,57.5,0,1,1
2026-03-24 02:00:00,commercial,219.88,12.5,57.6,0,2,1
2026-03-24 03:00:00,commercial,258.46,11.2,65.4,0,3,1
2026-03-24 04:00:00,commercial,239.19,11.3,66.8,0,4,1
2026-03-24 05:00:00,commercial,227.4,11.9,65.9,0,5,1
2026-03-24 06:00:00,commercial,287.67,14.1,53.4,0,6,1
2026-03-24 07:00:00,commercial,371.91,14.2,69.0,0,7,1
2026-03-24 08:00:00,commercial,571.37,16.7,61.9,0,8,1
2026-03-24 09:00:00,commercial,711.3,20.9,59.2,0,9,1
2026-03-24 10:00:00,commercial,733.59,20.6,60.7,0,10,1
2026-03-24 11:00:00,commercial,740.33,20.3,54.0,0,11,1
2026-03-24 12:00:00,commercial,808.34,23.8,48.6,0,12,1
2026-03-24 13:00:00,commercial,792.41,22.4,54.5,0,13,1
2026-03-24 14:00:00,commercial,777.56,20.5,60.2,0,14,1
2026-03-24 15:00:00,commercial,803.66,22.3,40.6,0,15,1
2026-03-24 16:00:00,commercial,759.87,20.8,50.9,0,16,1
2026-03-24 17:00:00,commercial,757.27,22.5,46.9,0,17,1
2026-03-24 18:00:00,commercial,624.32,22.1,55.3,0,18,1
2026-03-24 19:00:00,commercial,419.22,23.3,54.9,0,19,1
2026-03-24 20:00:00,commercial,294.23,19.8,53.4,0,20,1
2026-03-24 21:00:00,commercial,227.19,17.5,54.0,0,21,1
2026-03-24 22:00:00,commercial,208.4,17.5,62.0,0,22,1
2026-03-24 23:00:00,commercial,210.12,11.5,61.0,0,23,1
2026-03-25 00:00:00,commercial,212.07,14.0,63.5,0,0,2
2026-03-25 01:00:00,commercial,217.78,13.8,66.2,0,1,2
2026-03-25 02:00:00,commercial,220.39,9.9,68.4,0,2,2
2026-03-25 03:00:00,commercial,211.56,13.6,64.8,0,3,2
2026-03-25 04:00:00,commercial,216.89,12.6,71.0,0,4,2
2026-03-25 05:00:00,commercial,255.8,12.0,68.8,0,5,2
2026-03-25 06:00:00,commercial,256.13,14.6,57.9,0,6,2
2026-03-25 07:00:00,commercial,410.58,18.3,61.9,0,7,2
2026-03-25 08:00:00,commercial,580.35,16.6,54.6,0,8,2
2026-03-25 09:00:00,commercial,704.32,18.2,56.4,0,9,2
2026-03-25 10:00:00,commercial,763.85,18.7,63.5,0,10,2
2026-03-25 11:00:00,commercial,778.75,19.6,50.8,0,11,2
2026-03-25 12:00:00,commercial,769.94,23.4,53.1,0,12,2
2026-03-25 13:00:00,commercial,736.4,21.8,54.4,0,13,2
2026-03-25 14:00:00,commercial,796.03,23.8,54.4,0,14,2
2026-03-25 15:00:00,commercial,785.6,23.2,53.3,0,15,2
2026-03-25 16:00:00,commercial,810.96,24.4,54.1,0,16,2
2026-03-25 17:00:00,commercial,757.48,23.6,45.4,0,17,2
2026-03-25 18:00:00,commercial,654.75,23.7,43.3,0,18,2
2026-03-25 19:00:00,commercial,399.14,20.1,49.1,0,19,2
2026-03-25 20:00:00,commercial,254.42,19.0,64.2,0,20,2
2026-03-25 21:00:00,commercial,232.58,16.4,67.3,0,21,2
2026-03-25 22:00:00,commercial,269.48,15.6,61.0,0,22,2
2026-03-25 23:00:00,commercial,248.98,15.4,67.8,0,23,2
2026-03-26 00:00:00,commercial,217.47,14.8,63.8,0,0,3
2026-03-26 01:00:00,commercial,215.77,11.4,61.9,0,1,3
2026-03-26 02:00:00,commercial,221.05,13.5,69.1,0,2,3
2026-03-26 03:00:00,commercial,220.14,14.0,60.3,0,3,3
2026-03-26 04:00:00,commercial,254.32,12.8,60.8,0,4,3
2026-03-26 05:00:00,commercial,268.59,15.6,57.9,0,5,3
2026-03-26 06:00:00,commercial,261.02,12.5,66.3,0,6,3
2026-03-26 07:00:00,commercial,414.81,13.1,65.7,0,7,3
2026-03-26 08:00:00,commercial,578.05,13.7,69.3,0,8,3
2026-03-26 09:00:00,commercial,725.57,20.2,53.0,0,9,3
2026-03-26 10:00:00,commercial,795.37,20.5,57.0,0,10,3
2026-03-26 11:00:00,commercial,789.39,20.9,57.2,0,11,3
2026-03-26 12:00:00,commercial,784.29,22.6,49.2,0,12,3
2026-03-26 13:00:00,commercial,764.58,21.5,51.9,0,13,3
2026-03-26 14:00:00,commercial,880.12,27.4,47.5,0,14,3
2026-03-26 15:00:00,commercial,803.12,24.1,48.1,0,15,3
2026-03-26 16:00:00,commercial,801.74,23.9,52.6,0,16,3
2026-03-26 17:00:00,commercial,759.4,24.2,55.5,0,17,3
2026-03-26 18:00:00,commercial,610.26,22.9,44.2,0,18,3
2026-03-26 19:00:00,commercial,375.12,21.3,55.4,0,19,3
2026-03-26 20:00:00,commercial,273.7,18.3,58.6,0,20,3
2026-03-26 21:00:00,commercial,260.9,18.7,44.3,0,21,3
2026-03-26 22:00:00,commercial,237.11,19.2,58.2,0,22,3
2026-03-26 23:00:00,commercial,182.58,17.0,57.3,0,23,3
2026-03-27 00:00:00,commercial,216.94,16.2,61.6,0,0,4
2026-03-27 01:00:00,commercial,236.48,12.1,67.9,0,1,4
2026-03-27 02:00:00,commercial,234.83,10.7,67.4,0,2,4
2026-03-27 03:00:00,commercial,243.95,11.8,67.9,0,3,4
2026-03-27 04:00:00,commercial,237.94,12.3,67.9,0,4,4
2026-03-27 05:00:00,commercial,252.87,14.5,55.8,0,5,4
2026-03-27 06:00:00,commercial,267.75,11.2,74.0,0,6,4
2026-03-27 07:00:00,commercial,375.45,17.3,56.8,0,7,4
2026-03-27 08:00:00,commercial,597.06,16.2,56.1,0,8,4
2026-03-27 09:00:00,commercial,747.79,17.4,56.6,0,9,4
2026-03-27 10:00:00,commercial,741.13,18.1,53.4,0,10,4
2026-03-27 11:00:00,commercial,755.44,18.5,50.7,0,11,4
2026-03-27 12:00:00,commercial,793.66,23.5,51.8,0,12,4
2026-03-27 13:00:00,commercial,817.61,23.3,50.8,0,13,4
2026-03-27 14:00:00,commercial,799.81,21.9,57.3,0,14,4
2026-03-27 15:00:00,commercial,783.26,22.1,57.1,0,15,4
2026-03-27 16:00:00,commercial,783.91,23.3,47.8,0,16,4
2026-03-27 17:00:00,commercial,788.0,25.7,38.1,0,17,4
2026-03-27 18:00:00,commercial,754.2,21.9,63.9,0,18,4
2026-03-27 19:00:00,commercial,379.13,18.8,65.7,0,19,4
2026-03-27 20:00:00,commercial,269.99,19.2,55.0,0,20,4
2026-03-27 21:00:00,commercial,230.68,17.6,61.4,0,21,4
2026-03-27 22:00:00,commercial,200.2,12.4,65.9,0,22,4
2026-03-27 23:00:00,commercial,241.94,14.9,58.6,0,23,4
2026-03-28 00:00:00,commercial,251.6,13.5,61.1,1,0,5
2026-03-28 01:00:00,commercial,231.02,13.9,67.9,1,1,5
2026-03-28 02:00:00,commercial,229.42,15.1,60.9,1,2,5
2026-03-28 03:00:00,commercial,236.35,13.8,62.3,1,3,5
2026-03-28 04:00:00,commercial,218.79,11.9,69.2,1,4,5
2026-03-28 05:00:00,commercial,218.26,11.2,68.2,1,5,5
2026-03-28 06:00:00,commercial,245.26,17.7,53.4,1,6,5
2026-03-28 07:00:00,commercial,280.01,15.2,55.8,1,7,5
2026-03-28 08:00:00,commercial,341.31,16.6,60.8,1,8,5
2026-03-28 09:00:00,commercial,398.42,18.1,50.4,1,9,5
2026-03-28 10:00:00,commercial,395.43,20.0,55.1,1,10,5
2026-03-28 11:00:00,commercial,404.91,20.9,55.4,1,11,5
2026-03-28 12:00:00,commercial,425.56,21.5,49.4,1,12,5
2026-03-28 13:00:00,commercial,391.01,22.5,53.3,1,13,5
2026-03-28 14:00:00,commercial,430.12,23.8,54.8,1,14,5
2026-03-28 15:00:00,commercial,435.25,23.3,50.8,1,15,5
2026-03-28 16:00:00,commercial,410.2,22.8,54.7,1,16,5
2026-03-28 17:00:00,commercial,559.54,23.5,49.7,1,17,5
2026-03-28 18:00:00,commercial,340.58,22.0,47.8,1,18,5
2026-03-28 19:00:00,commercial,277.28,23.4,45.1,1,19,5
2026-03-28 20:00:00,commercial,223.89,15.7,69.3,1,20,5
2026-03-28 21:00:00,commercial,222.93,19.7,49.3,1,21,5
2026-03-28 22:00:00,commercial,222.66,18.4,56.0,1,22,5
2026-03-28 23:00:00,commercial,217.79,12.0,63.9,1,23,5
2026-03-29 00:00:00,commercial,239.94,13.4,69.4,1,0,6
2026-03-29 01:00:00,commercial,235.56,12.4,56.7,1,1,6
2026-03-29 02:00:00,commercial,227.97,10.3,62.5,1,2,6
2026-03-29 03:00:00,commercial,229.16,11.0,63.4,1,3,6
2026-03-29 04:00:00,commercial,200.34,10.7,75.4,1,4,6
2026-03-29 05:00:00,commercial,244.17,15.6,64.6,1,5,6
2026-03-29 06:00:00,commercial,260.55,15.3,59.0,1,6,6
2026-03-29 07:00:00,commercial,269.5,17.1,58.6,1,7,6
2026-03-29 08:00:00,commercial,353.85,17.7,59.0,1,8,6
2026-03-29 09:00:00,commercial,386.5,16.5,54.1,1,9,6
2026-03-29 10:00:00,commercial,421.72,18.9,47.5,1,10,6
2026-03-29 11:00:00,commercial,382.27,21.9,62.0,1,11,6
2026-03-29 12:00:00,commercial,417.43,20.6,60.9,1,12,6
2026-03-29 13:00:00,commercial,425.55,24.4,50.0,1,13,6
2026-03-29 14:00:00,commercial,436.35,23.6,46.3,1,14,6
2026-03-29 15:00:00,commercial,410.31,23.6,51.1,1,15,6
2026-03-29 16:00:00,commercial,414.6,25.0,49.8,1,16,6
2026-03-29 17:00:00,commercial,424.4,24.0,50.6,1,17,6
2026-03-29 18:00:00,commercial,326.57,21.9,52.3,1,18,6
2026-03-29 19:00:00,commercial,307.99,22.9,46.8,1,19,6
2026-03-29 20:00:00,commercial,225.69,18.1,61.7,1,20,6
2026-03-29 21:00:00,commercial,219.66,19.1,42.9,1,21,6
2026-03-29 22:00:00,commercial,233.16,17.5,43.1,1,22,6
2026-03-29 23:00:00,commercial,221.52,14.7,68.0,1,23,6
2026-03-30 00:00:00,commercial,239.67,14.5,64.6,0,0,0
2026-03-30 01:00:00,commercial,202.74,11.2,67.5,0,1,0
2026-03-30 02:00:00,commercial,251.06,13.8,65.6,0,2,0
2026-03-30 03:00:00,commercial,220.41,12.0,67.5,0,3,0
2026-03-30 04:00:00,commercial,209.83,11.7,64.2,0,4,0
2026-03-30 05:00:00,commercial,243.43,14.6,64.3,0,5,0
2026-03-30 06:00:00,commercial,273.15,13.0,60.1,0,6,0
2026-03-30 07:00:00,commercial,397.12,13.1,63.1,0,7,0
2026-03-30 08:00:00,commercial,625.24,14.4,57.5,0,8,0
2026-03-30 09:00:00,commercial,709.1,19.2,55.0,0,9,0
2026-03-30 10:00:00,commercial,761.68,17.9,63.0,0,10,0
2026-03-30 11:00:00,commercial,832.75,23.9,48.5,0,11,0
2026-03-30 12:00:00,commercial,753.19,19.4,61.7,0,12,0
2026-03-30 13:00:00,commercial,834.52,26.0,51.3,0,13,0
2026-03-30 14:00:00,commercial,809.17,24.4,53.5,0,14,0
2026-03-30 15:00:00,commercial,803.0,24.1,47.2,0,15,0
2026-03-30 16:00:00,commercial,776.54,23.2,58.4,0,16,0
2026-03-30 17:00:00,commercial,758.53,24.1,42.0,0,17,0
2026-03-30 18:00:00,commercial,615.79,22.4,57.4,0,18,0
2026-03-30 19:00:00,commercial,417.73,22.9,55.4,0,19,0
2026-03-30 20:00:00,commercial,298.5,20.0,53.6,0,20,0
2026-03-30 21:00:00,commercial,263.76,18.5,64.7,0,21,0
2026-03-30 22:00:00,commercial,204.81,16.2,54.7,0,22,0
2026-03-30 23:00:00,commercial,244.36,15.2,56.8,0,23,0
2026-03-31 00:00:00,commercial,232.35,14.6,64.3,0,0,1
2026-03-31 01:00:00,commercial,225.2,10.6,66.1,0,1,1
2026-03-31 02:00:00,commercial,225.3,10.5,75.4,0,2,1
2026-03-31 03:00:00,commercial,247.55,13.4,62.3,0,3,1
2026-03-31 04:00:00,commercial,238.61,12.8,67.3,0,4,1
2026-03-31 05:00:00,commercial,243.01,12.9,72.6,0,5,1
2026-03-31 06:00:00,commercial,270.15,14.1,59.9,0,6,1
2026-03-31 07:00:00,commercial,386.46,15.9,57.5,0,7,1
2026-03-31 08:00:00,commercial,567.03,16.0,62.2,0,8,1
2026-03-31 09:00:00,commercial,716.43,17.2,63.0,0,9,1
2026-03-31 10:00:00,commercial,756.38,20.2,50.2,0,10,1
2026-03-31 11:00:00,commercial,734.44,19.9,51.2,0,11,1
2026-03-31 12:00:00,commercial,805.13,23.2,50.7,0,12,1
2026-03-31 13:00:00,commercial,755.83,21.0,50.0,0,13,1
2026-03-31 14:00:00,commercial,846.69,25.7,52.3,0,14,1
2026-03-31 15:00:00,commercial,861.2,25.0,40.5,0,15,1
2026-03-31 16:00:00,commercial,809.21,24.5,51.3,0,16,1
2026-03-31 17:00:00,commercial,760.6,25.0,41.7,0,17,1
2026-03-31 18:00:00,commercial,666.05,25.1,43.2,0,18,1
2026-03-31 19:00:00,commercial,415.81,22.9,44.5,0,19,1
2026-03-31 20:00:00,commercial,286.06,17.1,57.5,0,20,1
2026-03-31 21:00:00,commercial,235.7,16.4,59.6,0,21,1
2026-03-31 22:00:00,commercial,201.8,15.8,65.2,0,22,1
2026-03-31 23:00:00,commercial,226.86,15.4,60.8,0,23,1
2026-04-01 00:00:00,commercial,209.39,14.9,53.7,0,0,2
2026-04-01 01:00:00,commercial,203.47,12.1,64.7,0,1,2
2026-04-01 02:00:00,commercial,213.18,12.9,71.4,0,2,2
2026-04-01 03:00:00,commercial,220.46,11.3,61.1,0,3,2
2026-04-01 04:00:00,commercial,217.51,11.7,68.6,0,4,2
2026-04-01 05:00:00,commercial,213.99,11.1,72.1,0,5,2
2026-04-01 06:00:00,commercial,317.8,12.8,64.3,0,6,2
2026-04-01 07:00:00,commercial,395.63,13.4,62.6,0,7,2
2026-04-01 08:00:00,commercial,560.68,15.4,62.3,0,8,2
2026-04-01 09:00:00,commercial,728.89,20.0,55.0,0,9,2
2026-04-01 10:00:00,commercial,747.73,18.5,65.3,0,10,2
2026-04-01 11:00:00,commercial,856.41,25.4,55.7,0,11,2
2026-04-01 12:00:00,commercial,820.59,23.4,50.5,0,12,2
2026-04-01 13:00:00,commercial,775.4,23.9,39.8,0,13,2
2026-04-01 14:00:00,commercial,807.5,22.9,54.9,0,14,2
2026-04-01 15:00:00,commercial,830.9,25.5,45.5,0,15,2
2026-04-01 16:00:00,commercial,830.16,23.3,47.3,0,16,2
2026-04-01 17:00:00,commercial,757.2,23.8,44.5,0,17,2
2026-04-01 18:00:00,commercial,673.51,26.5,49.6,0,18,2
2026-04-01 19:00:00,commercial,372.31,21.3,54.7,0,19,2
2026-04-01 20:00:00,commercial,280.27,21.7,47.3,0,20,2
2026-04-01 21:00:00,commercial,237.33,17.4,58.0,0,21,2
2026-04-01 22:00:00,commercial,214.41,16.8,60.4,0,22,2
2026-04-01 23:00:00,commercial,231.09,18.1,55.7,0,23,2
2026-04-02 00:00:00,commercial,261.72,13.3,57.6,0,0,3
2026-04-02 01:00:00,commercial,210.92,16.0,62.9,0,1,3
2026-04-02 02:00:00,commercial,222.66,13.8,69.7,0,2,3
2026-04-02 03:00:00,commercial,222.07,11.6,66.6,0,3,3
2026-04-02 04:00:00,commercial,194.57,13.6,63.2,0,4,3
2026-04-02 05:00:00,commercial,230.88,14.8,72.1,0,5,3
2026-04-02 06:00:00,commercial,223.1,15.2,62.7,0,6,3
2026-04-02 07:00:00,commercial,415.85,13.1,62.9,0,7,3
2026-04-02 08:00:00,commercial,563.32,15.8,64.9,0,8,3
2026-04-02 09:00:00,commercial,705.1,18.1,57.1,0,9,3
2026-04-02 10:00:00,commercial,735.76,19.9,52.6,0,10,3
2026-04-02 11:00:00,commercial,815.77,22.4,51.9,0,11,3
2026-04-02 12:00:00,commercial,796.34,23.0,52.5,0,12,3
2026-04-02 13:00:00,commercial,786.17,21.7,52.2,0,13,3
2026-04-02 14:00:00,commercial,830.72,24.9,49.0,0,14,3
2026-04-02 15:00:00,commercial,866.4,25.4,50.9,0,15,3
2026-04-02 16:00:00,commercial,806.7,25.1,52.4,0,16,3
2026-04-02 17:00:00,commercial,786.87,25.3,44.9,0,17,3
2026-04-02 18:00:00,commercial,647.62,24.0,48.6,0,18,3
2026-04-02 19:00:00,commercial,378.63,22.2,58.8,0,19,3
2026-04-02 20:00:00,commercial,251.34,19.9,46.4,0,20,3
2026-04-02 21:00:00,commercial,213.79,16.0,52.2,0,21,3
2026-04-02 22:00:00,commercial,236.07,17.6,61.1,0,22,3
2026-04-02 23:00:00,commercial,213.21,15.8,66.6,0,23,3
2026-04-03 00:00:00,commercial,187.63,14.7,61.7,0,0,4
2026-04-03 01:00:00,commercial,210.79,11.5,63.2,0,1,4
2026-04-03 02:00:00,commercial,222.69,11.1,69.2,0,2,4
2026-04-03 03:00:00,commercial,206.98,14.1,62.1,0,3,4
2026-04-03 04:00:00,commercial,219.48,12.7,63.4,0,4,4
2026-04-03 05:00:00,commercial,218.86,14.4,57.8,0,5,4
2026-04-03 06:00:00,commercial,266.7,14.4,66.8,0,6,4
2026-04-03 07:00:00,commercial,376.87,15.6,57.4,0,7,4
2026-04-03 08:00:00,commercial,564.84,18.4,63.5,0,8,4
2026-04-03 09:00:00,commercial,731.59,17.8,52.5,0,9,4
2026-04-03 10:00:00,commercial,797.08,20.3,46.2,0,10,4
2026-04-03 11:00:00,commercial,778.53,20.9,51.5,0,11,4
2026-04-03 12:00:00,commercial,777.0,22.2,62.3,0,12,4
2026-04-03 13:00:00,commercial,781.7,23.3,51.7,0,13,4
2026-04-03 14:00:00,commercial,853.46,24.7,46.1,0,14,4
2026-04-03 15:00:00,commercial,799.56,23.8,55.4,0,15,4
2026-04-03 16:00:00,commercial,846.13,26.2,54.1,0,16,4
2026-04-03 17:00:00,commercial,710.81,22.4,47.6,0,17,4
2026-04-03 18:00:00,commercial,638.0,22.5,47.5,0,18,4
2026-04-03 19:00:00,commercial,388.51,20.9,49.8,0,19,4
2026-04-03 20:00:00,commercial,298.31,22.3,40.1,0,20,4
2026-04-03 21:00:00,commercial,219.61,18.9,59.3,0,21,4
2026-04-03 22:00:00,commercial,199.6,18.6,51.6,0,22,4
2026-04-03 23:00:00,commercial,212.03,13.3,69.1,0,23,4
2026-04-04 00:00:00,commercial,225.34,14.8,63.4,1,0,5
2026-04-04 01:00:00,commercial,229.19,14.8,64.3,1,1,5
2026-04-04 02:00:00,commercial,207.14,13.0,62.8,1,2,5
2026-04-04 03:00:00,commercial,219.3,14.2,61.4,1,3,5
2026-04-04 04:00:00,commercial,240.97,12.1,58.8,1,4,5
2026-04-04 05:00:00,commercial,240.35,15.6,59.4,1,5,5
2026-04-04 06:00:00,commercial,244.26,17.9,59.2,1,6,5
2026-04-04 07:00:00,commercial,262.7,15.1,55.4,1,7,5
2026-04-04 08:00:00,commercial,341.83,16.4,64.1,1,8,5
2026-04-04 09:00:00,commercial,392.39,20.8,48.4,1,9,5
2026-04-04 10:00:00,commercial,407.14,22.6,49.0,1,10,5
2026-04-04 11:00:00,commercial,426.89,20.9,60.6,1,11,5
2026-04-04 12:00:00,commercial,407.06,22.3,57.1,1,12,5
2026-04-04 13:00:00,commercial,409.86,23.4,50.1,1,13,5
2026-04-04 14:00:00,commercial,437.78,22.4,50.3,1,14,5
2026-04-04 15:00:00,commercial,454.16,23.3,48.9,1,15,5
2026-04-04 16:00:00,commercial,440.71,22.9,47.1,1,16,5
2026-04-04 17:00:00,commercial,429.55,22.7,59.2,1,17,5
2026-04-04 18:00:00,commercial,377.61,22.8,50.1,1,18,5
2026-04-04 19:00:00,commercial,281.1,22.0,56.6,1,19,5
2026-04-04 20:00:00,commercial,216.26,22.5,58.7,1,20,5
2026-04-04 21:00:00,commercial,257.88,17.1,54.7,1,21,5
2026-04-04 22:00:00,commercial,212.1,18.6,50.3,1,22,5
2026-04-04 23:00:00,commercial,236.66,15.3,69.8,1,23,5
2026-04-05 00:00:00,commercial,227.91,14.4,62.7,1,0,6
2026-04-05 01:00:00,commercial,216.96,14.5,59.6,1,1,6
2026-04-05 02:00:00,commercial,255.34,11.2,78.9,1,2,6
2026-04-05 03:00:00,commercial,198.26,13.3,59.0,1,3,6
2026-04-05 04:00:00,commercial,259.73,13.2,72.2,1,4,6
2026-04-05 05:00:00,commercial,242.53,14.3,66.4,1,5,6
2026-04-05 06:00:00,commercial,254.43,14.9,59.9,1,6,6
2026-04-05 07:00:00,commercial,259.14,19.4,51.8,1,7,6
2026-04-05 08:00:00,commercial,346.23,16.2,57.1,1,8,6
2026-04-05 09:00:00,commercial,406.28,17.9,48.7,1,9,6
2026-04-05 10:00:00,commercial,390.38,19.3,51.1,1,10,6
2026-04-05 11:00:00,commercial,410.75,20.9,54.6,1,11,6
2026-04-05 12:00:00,commercial,443.78,22.0,53.9,1,12,6
2026-04-05 13:00:00,commercial,434.79,25.7,55.5,1,13,6
2026-04-05 14:00:00,commercial,462.58,26.6,66.8,1,14,6
2026-04-05 15:00:00,commercial,436.25,23.9,45.0,1,15,6
2026-04-05 16:00:00,commercial,395.78,23.3,54.2,1,16,6
2026-04-05 17:00:00,commercial,419.61,24.6,48.1,1,17,6
2026-04-05 18:00:00,commercial,337.13,22.1,55.8,1,18,6
2026-04-05 19:00:00,commercial,257.91,22.7,53.2,1,19,6
2026-04-05 20:00:00,commercial,252.95,20.6,51.4,1,20,6
2026-04-05 21:00:00,commercial,224.68,16.4,59.6,1,21,6
2026-04-05 22:00:00,commercial,217.23,19.5,52.6,1,22,6
2026-04-05 23:00:00,commercial,200.5,18.4,59.7,1,23,6
2026-04-06 00:00:00,commercial,232.5,13.6,55.4,0,0,0
2026-04-06 01:00:00,commercial,201.98,13.0,60.1,0,1,0
2026-04-06 02:00:00,commercial,185.25,13.4,57.2,0,2,0
2026-04-06 03:00:00,commercial,246.25,13.3,68.2,0,3,0
2026-04-06 04:00:00,commercial,221.99,14.0,63.9,0,4,0
2026-04-06 05:00:00,commercial,198.05,16.6,56.4,0,5,0
2026-04-06 06:00:00,commercial,296.15,14.3,60.9,0,6,0
2026-04-06 07:00:00,commercial,414.04,14.6,62.5,0,7,0
2026-04-06 08:00:00,commercial,603.5,15.2,57.5,0,8,0
2026-04-06 09:00:00,commercial,709.05,17.7,51.8,0,9,0
2026-04-06 10:00:00,commercial,762.71,20.3,59.3,0,10,0
2026-04-06 11:00:00,commercial,830.61,24.5,49.8,0,11,0
2026-04-06 12:00:00,commercial,784.41,22.3,46.7,0,12,0
2026-04-06 13:00:00,commercial,808.24,24.3,51.0,0,13,0
2026-04-06 14:00:00,commercial,833.98,24.6,49.4,0,14,0
2026-04-06 15:00:00,commercial,810.51,26.6,50.0,0,15,0
2026-04-06 16:00:00,commercial,869.37,28.4,37.9,0,16,0
2026-04-06 17:00:00,commercial,737.23,23.2,48.7,0,17,0
2026-04-06 18:00:00,commercial,600.38,22.3,52.3,0,18,0
2026-04-06 19:00:00,commercial,433.57,23.4,54.2,0,19,0
2026-04-06 20:00:00,commercial,271.59,21.4,54.2,0,20,0
2026-04-06 21:00:00,commercial,255.29,21.6,59.4,0,21,0
2026-04-06 22:00:00,commercial,227.17,18.1,55.1,0,22,0
2026-04-06 23:00:00,commercial,228.93,15.3,59.8,0,23,0
2026-04-07 00:00:00,commercial,206.95,15.5,60.2,0,0,1
2026-04-07 01:00:00,commercial,235.69,15.3,56.4,0,1,1
2026-04-07 02:00:00,commercial,218.4,14.3,59.7,0,2,1
2026-04-07 03:00:00,commercial,205.92,13.6,68.1,0,3,1
2026-04-07 04:00:00,commercial,219.51,14.7,54.3,0,4,1
2026-04-07 05:00:00,commercial,260.16,15.4,59.1,0,5,1
2026-04-07 06:00:00,commercial,286.56,16.7,59.1,0,6,1
2026-04-07 07:00:00,commercial,407.34,16.9,51.8,0,7,1
2026-04-07 08:00:00,commercial,595.75,17.1,55.9,0,8,1
2026-04-07 09:00:00,commercial,731.17,19.1,59.1,0,9,1
2026-04-07 10:00:00,commercial,760.31,22.2,56.5,0,10,1
2026-04-07 11:00:00,commercial,754.86,20.7,50.9,0,11,1
2026-04-07 12:00:00,commercial,812.18,23.7,53.3,0,12,1
2026-04-07 13:00:00,commercial,831.14,23.5,58.2,0,13,1
2026-04-07 14:00:00,commercial,832.21,24.7,44.2,0,14,1
2026-04-07 15:00:00,commercial,854.67,26.8,45.0,0,15,1
2026-04-07 16:00:00,commercial,822.42,25.0,48.5,0,16,1
2026-04-07 17:00:00,commercial,754.08,24.1,51.8,0,17,1
2026-04-07 18:00:00,commercial,629.56,21.1,61.0,0,18,1
2026-04-07 19:00:00,commercial,451.45,23.0,60.0,0,19,1
2026-04-07 20:00:00,commercial,251.34,21.4,52.0,0,20,1
2026-04-07 21:00:00,commercial,277.44,22.1,48.8,0,21,1
2026-04-07 22:00:00,commercial,196.12,16.9,61.2,0,22,1
2026-04-07 23:00:00,commercial,246.69,16.2,62.1,0,23,1
2026-04-08 00:00:00,commercial,204.21,15.1,61.7,0,0,2
2026-04-08 01:00:00,commercial,220.66,16.1,57.8,0,1,2
2026-04-08 02:00:00,commercial,223.18,13.0,64.6,0,2,2
2026-04-08 03:00:00,commercial,229.51,13.4,75.0,0,3,2
2026-04-08 04:00:00,commercial,211.37,14.1,50.5,0,4,2
2026-04-08 05:00:00,commercial,235.33,14.0,65.6,0,5,2
2026-04-08 06:00:00,commercial,273.5,14.0,67.8,0,6,2
2026-04-08 07:00:00,commercial,382.16,16.2,69.8,0,7,2
2026-04-08 08:00:00,commercial,595.32,19.0,55.1,0,8,2
2026-04-08 09:00:00,commercial,733.68,17.4,67.7,0,9,2
2026-04-08 10:00:00,commercial,742.02,20.7,53.4,0,10,2
2026-04-08 11:00:00,commercial,800.92,20.9,50.1,0,11,2
2026-04-08 12:00:00,commercial,821.02,25.0,50.9,0,12,2
2026-04-08 13:00:00,commercial,779.62,21.9,61.3,0,13,2
2026-04-08 14:00:00,commercial,815.44,23.9,45.6,0,14,2
2026-04-08 15:00:00,commercial,873.17,25.5,57.5,0,15,2
2026-04-08 16:00:00,commercial,832.02,27.1,50.7,0,16,2
2026-04-08 17:00:00,commercial,798.56,24.1,56.7,0,17,2
2026-04-08 18:00:00,commercial,628.47,22.4,50.0,0,18,2
2026-04-08 19:00:00,commercial,462.07,24.8,44.5,0,19,2
2026-04-08 20:00:00,commercial,264.73,18.3,50.6,0,20,2
2026-04-08 21:00:00,commercial,224.72,15.7,54.0,0,21,2
2026-04-08 22:00:00,commercial,209.31,18.1,62.8,0,22,2
2026-04-08 23:00:00,commercial,209.16,15.2,71.2,0,23,2
2026-04-09 00:00:00,commercial,194.13,13.3,60.6,0,0,3
2026-04-09 01:00:00,commercial,260.67,14.9,72.4,0,1,3
2026-04-09 02:00:00,commercial,244.63,13.6,58.3,0,2,3
2026-04-09 03:00:00,commercial,218.71,12.2,66.5,0,3,3
2026-04-09 04:00:00,commercial,231.39,11.3,71.0,0,4,3
2026-04-09 05:00:00,commercial,235.37,15.1,56.2,0,5,3
2026-04-09 06:00:00,commercial,307.63,15.8,53.8,0,6,3
2026-04-09 07:00:00,commercial,401.66,15.9,59.8,0,7,3
2026-04-09 08:00:00,commercial,586.51,20.3,52.5,0,8,3
2026-04-09 09:00:00,commercial,717.05,17.4,54.9,0,9,3
2026-04-09 10:00:00,commercial,785.59,18.3,54.9,0,10,3
2026-04-09 11:00:00,commercial,758.09,21.0,50.4,0,11,3
2026-04-09 12:00:00,commercial,804.83,23.2,47.6,0,12,3
2026-04-09 13:00:00,commercial,821.13,24.6,46.3,0,13,3
2026-04-09 14:00:00,commercial,833.9,24.5,39.9,0,14,3
2026-04-09 15:00:00,commercial,860.16,25.6,46.4,0,15,3
2026-04-09 16:00:00,commercial,789.38,23.0,63.4,0,16,3
2026-04-09 17:00:00,commercial,805.46,26.4,55.8,0,17,3
2026-04-09 18:00:00,commercial,645.67,23.2,54.1,0,18,3
2026-04-09 19:00:00,commercial,566.71,23.7,52.1,0,19,3
2026-04-09 20:00:00,commercial,247.26,21.1,54.5,0,20,3
2026-04-09 21:00:00,commercial,262.46,19.7,56.4,0,21,3
2026-04-09 22:00:00,commercial,220.62,18.3,67.4,0,22,3
2026-04-09 23:00:00,commercial,205.59,16.7,51.5,0,23,3
2026-04-10 00:00:00,commercial,205.1,15.8,61.6,0,0,4
2026-04-10 01:00:00,commercial,230.52,15.9,70.0,0,1,4
2026-04-10 02:00:00,commercial,215.0,13.6,57.1,0,2,4
2026-04-10 03:00:00,commercial,226.63,14.2,65.2,0,3,4
2026-04-10 04:00:00,commercial,202.08,13.2,67.0,0,4,4
2026-04-10 05:00:00,commercial,243.37,16.1,56.4,0,5,4
2026-04-10 06:00:00,commercial,300.99,13.9,67.6,0,6,4
2026-04-10 07:00:00,commercial,433.51,18.8,52.2,0,7,4
2026-04-10 08:00:00,commercial,581.45,17.5,62.6,0,8,4
2026-04-10 09:00:00,commercial,751.85,17.0,55.3,0,9,4
2026-04-10 10:00:00,commercial,771.51,20.9,62.9,0,10,4
2026-04-10 11:00:00,commercial,762.01,21.1,51.7,0,11,4
2026-04-10 12:00:00,commercial,805.88,24.6,53.7,0,12,4
2026-04-10 13:00:00,commercial,825.94,23.3,51.6,0,13,4
2026-04-10 14:00:00,commercial,808.85,24.2,52.7,0,14,4
2026-04-10 15:00:00,commercial,807.59,22.3,53.6,0,15,4
2026-04-10 16:00:00,commercial,808.52,24.2,51.7,0,16,4
2026-04-10 17:00:00,commercial,698.9,20.7,57.9,0,17,4
2026-04-10 18:00:00,commercial,631.08,21.0,42.4,0,18,4
2026-04-10 19:00:00,commercial,442.13,23.3,57.1,0,19,4
2026-04-10 20:00:00,commercial,294.35,21.8,57.2,0,20,4
2026-04-10 21:00:00,commercial,227.27,19.7,52.8,0,21,4
2026-04-10 22:00:00,commercial,219.57,16.1,54.2,0,22,4
2026-04-10 23:00:00,commercial,219.13,16.0,59.1,0,23,4
2026-04-11 00:00:00,commercial,193.04,14.9,58.4,1,0,5
2026-04-11 01:00:00,commercial,236.81,12.3,61.2,1,1,5
2026-04-11 02:00:00,commercial,208.05,15.6,64.7,1,2,5
2026-04-11 03:00:00,commercial,232.07,14.5,62.1,1,3,5
2026-04-11 04:00:00,commercial,236.51,13.1,66.7,1,4,5
2026-04-11 05:00:00,commercial,211.48,14.0,59.2,1,5,5
2026-04-11 06:00:00,commercial,222.44,15.3,64.1,1,6,5
2026-04-11 07:00:00,commercial,260.11,13.1,62.4,1,7,5
2026-04-11 08:00:00,commercial,341.49,17.3,56.8,1,8,5
2026-04-11 09:00:00,commercial,384.21,18.2,57.7,1,9,5
2026-04-11 10:00:00,commercial,417.06,19.2,53.4,1,10,5
2026-04-11 11:00:00,commercial,432.77,21.8,49.6,1,11,5
2026-04-11 12:00:00,commercial,433.28,26.1,42.0,1,12,5
2026-04-11 13:00:00,commercial,436.48,25.3,47.1,1,13,5
2026-04-11 14:00:00,commercial,444.16,24.1,57.2,1,14,5
2026-04-11 15:00:00,commercial,395.73,26.0,50.9,1,15,5
2026-04-11 16:00:00,commercial,426.02,27.1,47.3,1,16,5
2026-04-11 17:00:00,commercial,401.19,25.8,55.3,1,17,5
2026-04-11 18:00:00,commercial,357.97,23.5,52.5,1,18,5
2026-04-11 19:00:00,commercial,313.36,21.2,51.3,1,19,5
2026-04-11 20:00:00,commercial,197.09,21.8,53.5,1,20,5
2026-04-11 21:00:00,commercial,210.75,19.8,51.0,1,21,5
2026-04-11 22:00:00,commercial,229.34,19.0,54.4,1,22,5
2026-04-11 23:00:00,commercial,221.68,17.1,60.4,1,23,5
2026-04-12 00:00:00,commercial,230.35,16.6,55.7,1,0,6
2026-04-12 01:00:00,commercial,221.54,13.3,64.5,1,1,6
2026-04-12 02:00:00,commercial,225.39,15.4,59.5,1,2,6
2026-04-12 03:00:00,commercial,226.44,13.6,64.1,1,3,6
2026-04-12 04:00:00,commercial,246.68,16.6,52.8,1,4,6
2026-04-12 05:00:00,commercial,223.11,13.0,55.4,1,5,6
2026-04-12 06:00:00,commercial,249.16,17.6,57.8,1,6,6
2026-04-12 07:00:00,commercial,301.7,16.6,56.5,1,7,6
2026-04-12 08:00:00,commercial,353.27,16.7,60.7,1,8,6
2026-04-12 09:00:00,commercial,393.38,18.5,59.4,1,9,6
2026-04-12 10:00:00,commercial,445.16,20.3,52.4,1,10,6
2026-04-12 11:00:00,commercial,414.24,22.9,43.6,1,11,6
2026-04-12 12:00:00,commercial,438.9,24.3,46.6,1,12,6
2026-04-12 13:00:00,commercial,404.98,23.6,55.8,1,13,6
2026-04-12 14:00:00,commercial,463.57,25.0,44.0,1,14,6
2026-04-12 15:00:00,commercial,462.83,28.5,50.9,1,15,6
2026-04-12 16:00:00,commercial,432.6,27.7,45.7,1,16,6
2026-04-12 17:00:00,commercial,437.27,25.1,47.5,1,17,6
2026-04-12 18:00:00,commercial,382.45,23.6,51.8,1,18,6
2026-04-12 19:00:00,commercial,302.82,22.4,54.2,1,19,6
2026-04-12 20:00:00,commercial,239.68,21.7,51.7,1,20,6
2026-04-12 21:00:00,commercial,261.57,17.7,52.6,1,21,6
2026-04-12 22:00:00,commercial,237.24,17.3,56.1,1,22,6
2026-04-12 23:00:00,commercial,220.32,13.8,59.5,1,23,6
2026-04-13 00:00:00,commercial,235.38,15.7,59.0,0,0,0
2026-04-13 01:00:00,commercial,201.37,15.1,66.3,0,1,0
2026-04-13 02:00:00,commercial,242.22,12.8,64.7,0,2,0
2026-04-13 03:00:00,commercial,235.37,15.7,61.4,0,3,0
2026-04-13 04:00:00,commercial,234.03,11.7,60.9,0,4,0
2026-04-13 05:00:00,commercial,231.96,12.0,73.0,0,5,0
2026-04-13 06:00:00,commercial,266.81,15.4,74.4,0,6,0
2026-04-13 07:00:00,commercial,360.87,17.9,47.1,0,7,0
2026-04-13 08:00:00,commercial,605.12,20.3,54.8,0,8,0
2026-04-13 09:00:00,commercial,722.07,18.7,47.7,0,9,0
2026-04-13 10:00:00,commercial,799.67,22.5,61.0,0,10,0
2026-04-13 11:00:00,commercial,785.3,22.3,51.2,0,11,0
2026-04-13 12:00:00,commercial,815.65,23.3,49.8,0,12,0
2026-04-13 13:00:00,commercial,842.72,25.9,44.5,0,13,0
2026-04-13 14:00:00,commercial,858.92,26.1,46.9,0,14,0
2026-04-13 15:00:00,commercial,792.14,23.0,48.5,0,15,0
2026-04-13 16:00:00,commercial,850.79,27.4,39.4,0,16,0
2026-04-13 17:00:00,commercial,792.53,26.6,43.3,0,17,0
2026-04-13 18:00:00,commercial,635.78,22.6,49.8,0,18,0
2026-04-13 19:00:00,commercial,429.47,22.9,47.5,0,19,0
2026-04-13 20:00:00,commercial,268.26,21.6,50.3,0,20,0
2026-04-13 21:00:00,commercial,252.52,19.7,65.5,0,21,0
2026-04-13 22:00:00,commercial,222.39,17.0,59.4,0,22,0
2026-04-13 23:00:00,commercial,224.55,15.3,55.7,0,23,0
2026-04-14 00:00:00,commercial,230.95,15.1,61.4,0,0,1
2026-04-14 01:00:00,commercial,220.04,16.0,45.5,0,1,1
2026-04-14 02:00:00,commercial,237.25,14.4,60.0,0,2,1
2026-04-14 03:00:00,commercial,230.01,12.9,49.3,0,3,1
2026-04-14 04:00:00,commercial,213.24,14.8,53.0,0,4,1
2026-04-14 05:00:00,commercial,251.71,10.0,70.6,0,5,1
2026-04-14 06:00:00,commercial,264.11,16.9,62.1,0,6,1
2026-04-14 07:00:00,commercial,387.71,13.8,53.0,0,7,1
2026-04-14 08:00:00,commercial,602.88,17.3,60.3,0,8,1
2026-04-14 09:00:00,commercial,688.92,17.7,61.2,0,9,1
2026-04-14 10:00:00,commercial,742.39,19.0,58.3,0,10,1
2026-04-14 11:00:00,commercial,835.01,24.2,52.6,0,11,1
2026-04-14 12:00:00,commercial,807.35,23.0,54.5,0,12,1
2026-04-14 13:00:00,commercial,860.14,25.1,46.2,0,13,1
2026-04-14 14:00:00,commercial,852.49,25.1,51.6,0,14,1
2026-04-14 15:00:00,commercial,846.48,26.1,42.6,0,15,1
2026-04-14 16:00:00,commercial,818.82,25.3,48.4,0,16,1
2026-04-14 17:00:00,commercial,746.45,22.7,58.6,0,17,1
2026-04-14 18:00:00,commercial,623.43,25.2,47.4,0,18,1
2026-04-14 19:00:00,commercial,419.25,21.7,52.2,0,19,1
2026-04-14 20:00:00,commercial,287.84,18.6,58.9,0,20,1
2026-04-14 21:00:00,commercial,234.93,18.8,49.9,0,21,1
2026-04-14 22:00:00,commercial,203.52,20.1,54.9,0,22,1
2026-04-14 23:00:00,commercial,221.27,17.7,52.7,0,23,1
2026-04-15 00:00:00,commercial,220.95,14.7,62.2,0,0,2
2026-04-15 01:00:00,commercial,210.77,13.8,60.6,0,1,2
2026-04-15 02:00:00,commercial,236.42,13.2,71.0,0,2,2
2026-04-15 03:00:00,commercial,232.92,16.6,65.4,0,3,2
2026-04-15 04:00:00,commercial,192.62,14.3,65.6,0,4,2
2026-04-15 05:00:00,commercial,242.63,14.9,57.1,0,5,2
2026-04-15 06:00:00,commercial,264.05,16.8,56.8,0,6,2
2026-04-15 07:00:00,commercial,393.8,16.9,59.9,0,7,2
2026-04-15 08:00:00,commercial,582.12,17.6,49.8,0,8,2
2026-04-15 09:00:00,commercial,713.9,19.2,57.1,0,9,2
2026-04-15 10:00:00,commercial,735.85,20.9,54.2,0,10,2
2026-04-15 11:00:00,commercial,807.35,22.4,56.7,0,11,2
2026-04-15 12:00:00,commercial,833.99,24.8,59.1,0,12,2
2026-04-15 13:00:00,commercial,857.14,24.8,54.2,0,13,2
2026-04-15 14:00:00,commercial,842.55,26.4,39.0,0,14,2
2026-04-15 15:00:00,commercial,822.1,25.4,54.9,0,15,2
2026-04-15 16:00:00,commercial,809.03,25.4,45.1,0,16,2
2026-04-15 17:00:00,commercial,761.19,21.7,51.7,0,17,2
2026-04-15 18:00:00,commercial,670.33,25.1,50.9,0,18,2
2026-04-15 19:00:00,commercial,430.58,23.0,58.9,0,19,2
2026-04-15 20:00:00,commercial,309.05,22.5,50.6,0,20,2
2026-04-15 21:00:00,commercial,201.15,15.2,67.0,0,21,2
2026-04-15 22:00:00,commercial,196.7,21.1,57.0,0,22,2
2026-04-15 23:00:00,commercial,189.19,16.3,54.0,0,23,2
2026-04-16 00:00:00,commercial,186.59,17.0,60.6,0,0,3
2026-04-16 01:00:00,commercial,207.55,12.8,54.5,0,1,3
2026-04-16 02:00:00,commercial,220.21,14.7,62.6,0,2,3
2026-04-16 03:00:00,commercial,240.04,12.0,65.2,0,3,3
2026-04-16 04:00:00,commercial,209.1,12.8,65.8,0,4,3
2026-04-16 05:00:00,commercial,239.92,17.3,65.7,0,5,3
2026-04-16 06:00:00,commercial,255.59,15.0,57.0,0,6,3
2026-04-16 07:00:00,commercial,413.32,16.9,56.8,0,7,3
2026-04-16 08:00:00,commercial,643.69,19.3,60.7,0,8,3
2026-04-16 09:00:00,commercial,730.29,20.3,51.8,0,9,3
2026-04-16 10:00:00,commercial,804.37,21.4,52.2,0,10,3
2026-04-16 11:00:00,commercial,845.87,23.1,54.6,0,11,3
2026-04-16 12:00:00,commercial,851.38,27.4,41.2,0,12,3
2026-04-16 13:00:00,commercial,819.53,24.7,48.6,0,13,3
2026-04-16 14:00:00,commercial,837.48,25.7,48.2,0,14,3
2026-04-16 15:00:00,commercial,854.27,27.2,45.0,0,15,3
2026-04-16 16:00:00,commercial,841.03,27.0,47.8,0,16,3
2026-04-16 17:00:00,commercial,830.13,26.6,50.4,0,17,3
2026-04-16 18:00:00,commercial,655.69,24.8,43.9,0,18,3
2026-04-16 19:00:00,commercial,421.04,20.9,44.1,0,19,3
2026-04-16 20:00:00,commercial,323.15,23.6,55.0,0,20,3
2026-04-16 21:00:00,commercial,231.14,17.9,49.1,0,21,3
2026-04-16 22:00:00,commercial,207.01,18.5,58.2,0,22,3
2026-04-16 23:00:00,commercial,224.34,15.4,58.2,0,23,3
2026-04-17 00:00:00,commercial,236.51,15.3,62.1,0,0,4
2026-04-17 01:00:00,commercial,226.11,15.0,60.9,0,1,4
2026-04-17 02:00:00,commercial,220.9,14.3,59.8,0,2,4
2026-04-17 03:00:00,commercial,273.21,14.3,62.7,0,3,4
2026-04-17 04:00:00,commercial,251.1,16.3,61.2,0,4,4
2026-04-17 05:00:00,commercial,206.59,15.1,57.2,0,5,4
2026-04-17 06:00:00,commercial,284.02,15.0,62.9,0,6,4
2026-04-17 07:00:00,commercial,398.62,18.1,51.1,0,7,4
2026-04-17 08:00:00,commercial,600.45,19.9,54.5,0,8,4
2026-04-17 09:00:00,commercial,715.97,17.8,48.0,0,9,4
2026-04-17 10:00:00,commercial,801.21,22.1,56.1,0,10,4
2026-04-17 11:00:00,commercial,793.67,23.7,61.3,0,11,4
2026-04-17 12:00:00,commercial,835.17,23.5,45.9,0,12,4
2026-04-17 13:00:00,commercial,845.3,26.9,39.8,0,13,4
2026-04-17 14:00:00,commercial,834.18,25.2,45.2,0,14,4
2026-04-17 15:00:00,commercial,888.36,25.8,46.4,0,15,4
2026-04-17 16:00:00,commercial,820.92,25.2,59.3,0,16,4
2026-04-17 17:00:00,commercial,785.89,24.9,53.0,0,17,4
2026-04-17 18:00:00,commercial,586.48,22.3,53.2,0,18,4
2026-04-17 19:00:00,commercial,417.93,20.5,49.9,0,19,4
2026-04-17 20:00:00,commercial,319.68,23.6,51.4,0,20,4
2026-04-17 21:00:00,commercial,235.29,18.4,53.8,0,21,4
2026-04-17 22:00:00,commercial,211.0,16.6,59.1,0,22,4
2026-04-17 23:00:00,commercial,206.95,13.4,56.9,0,23,4
2026-04-18 00:00:00,commercial,220.64,14.5,66.2,1,0,5
2026-04-18 01:00:00,commercial,236.9,12.6,64.9,1,1,5
2026-04-18 02:00:00,commercial,223.41,16.4,60.5,1,2,5
2026-04-18 03:00:00,commercial,230.79,15.2,55.2,1,3,5
2026-04-18 04:00:00,commercial,209.33,12.9,55.2,1,4,5
2026-04-18 05:00:00,commercial,229.85,17.9,48.7,1,5,5
2026-04-18 06:00:00,commercial,248.25,17.0,59.4,1,6,5
2026-04-18 07:00:00,commercial,255.78,16.2,61.0,1,7,5
2026-04-18 08:00:00,commercial,366.37,14.4,64.2,1,8,5
2026-04-18 09:00:00,commercial,416.69,23.2,63.1,1,9,5
2026-04-18 10:00:00,commercial,405.71,19.2,53.0,1,10,5
2026-04-18 11:00:00,commercial,421.65,20.3,65.5,1,11,5
2026-04-18 12:00:00,commercial,403.89,25.5,47.3,1,12,5
2026-04-18 13:00:00,commercial,454.67,28.6,34.8,1,13,5
2026-04-18 14:00:00,commercial,444.73,27.6,42.2,1,14,5
2026-04-18 15:00:00,commercial,448.97,26.6,38.8,1,15,5
2026-04-18 16:00:00,commercial,450.78,26.4,46.2,1,16,5
2026-04-18 17:00:00,commercial,392.59,26.2,48.1,1,17,5
2026-04-18 18:00:00,commercial,363.35,25.1,54.7,1,18,5
2026-04-18 19:00:00,commercial,267.44,23.2,44.8,1,19,5
2026-04-18 20:00:00,commercial,258.57,21.4,57.4,1,20,5
2026-04-18 21:00:00,commercial,234.78,19.6,57.5,1,21,5
2026-04-18 22:00:00,commercial,233.59,17.0,69.8,1,22,5
2026-04-18 23:00:00,commercial,214.86,16.3,63.5,1,23,5
2026-04-19 00:00:00,commercial,194.16,13.0,62.3,1,0,6
2026-04-19 01:00:00,commercial,224.2,14.5,65.6,1,1,6
2026-04-19 02:00:00,commercial,212.79,12.5,64.4,1,2,6
2026-04-19 03:00:00,commercial,234.61,12.2,65.2,1,3,6
2026-04-19 04:00:00,commercial,213.21,14.3,73.1,1,4,6
2026-04-19 05:00:00,commercial,215.11,16.7,59.7,1,5,6
2026-04-19 06:00:00,commercial,195.75,16.9,59.1,1,6,6
2026-04-19 07:00:00,commercial,282.92,14.5,67.0,1,7,6
2026-04-19 08:00:00,commercial,347.81,16.8,62.6,1,8,6
2026-04-19 09:00:00,commercial,394.32,21.2,48.9,1,9,6
2026-04-19 10:00:00,commercial,442.43,19.9,58.6,1,10,6
2026-04-19 11:00:00,commercial,417.31,22.5,46.3,1,11,6
2026-04-19 12:00:00,commercial,448.48,24.9,47.5,1,12,6
2026-04-19 13:00:00,commercial,451.5,23.6,58.9,1,13,6
2026-04-19 14:00:00,commercial,473.15,25.8,60.0,1,14,6
2026-04-19 15:00:00,commercial,427.19,23.8,53.7,1,15,6
2026-04-19 16:00:00,commercial,410.47,24.7,53.9,1,16,6
2026-04-19 17:00:00,commercial,401.53,25.5,57.2,1,17,6
2026-04-19 18:00:00,commercial,337.78,21.7,51.8,1,18,6
2026-04-19 19:00:00,commercial,304.87,23.5,54.7,1,19,6
2026-04-19 20:00:00,commercial,218.31,21.3,49.3,1,20,6
2026-04-19 21:00:00,commercial,255.35,20.6,47.7,1,21,6
2026-04-19 22:00:00,commercial,252.78,18.6,55.4,1,22,6
2026-04-19 23:00:00,commercial,246.84,18.9,55.4,1,23,6
2026-04-20 00:00:00,commercial,229.74,15.8,48.3,0,0,0
2026-04-20 01:00:00,commercial,204.87,14.0,68.9,0,1,0
2026-04-20 02:00:00,commercial,208.21,14.3,58.9,0,2,0
2026-04-20 03:00:00,commercial,214.13,14.7,61.0,0,3,0
2026-04-20 04:00:00,commercial,232.81,14.2,64.8,0,4,0
2026-04-20 05:00:00,commercial,278.08,14.8,56.9,0,5,0
2026-04-20 06:00:00,commercial,267.24,14.6,61.6,0,6,0
2026-04-20 07:00:00,commercial,418.97,15.9,54.1,0,7,0
2026-04-20 08:00:00,commercial,606.49,16.2,52.9,0,8,0
2026-04-20 09:00:00,commercial,745.37,22.5,48.1,0,9,0
2026-04-20 10:00:00,commercial,755.25,19.6,45.4,0,10,0
2026-04-20 11:00:00,commercial,776.66,21.8,54.4,0,11,0
2026-04-20 12:00:00,commercial,807.06,23.1,51.6,0,12,0
2026-04-20 13:00:00,commercial,863.64,26.4,51.0,0,13,0
2026-04-20 14:00:00,commercial,820.48,25.2,52.8,0,14,0
2026-04-20 15:00:00,commercial,880.66,27.8,45.1,0,15,0
2026-04-20 16:00:00,commercial,837.23,24.7,56.7,0,16,0
2026-04-20 17:00:00,commercial,812.76,25.5,44.3,0,17,0
2026-04-20 18:00:00,commercial,616.31,22.9,45.6,0,18,0
2026-04-20 19:00:00,commercial,461.33,26.1,40.9,0,19,0
2026-04-20 20:00:00,commercial,259.24,19.7,51.7,0,20,0
2026-04-20 21:00:00,commercial,231.37,20.4,55.4,0,21,0
2026-04-20 22:00:00,commercial,226.95,19.3,55.2,0,22,0
2026-04-20 23:00:00,commercial,232.88,17.5,70.1,0,23,0
2026-04-21 00:00:00,commercial,229.56,15.4,52.6,0,0,1
2026-04-21 01:00:00,commercial,221.27,14.6,59.1,0,1,1
2026-04-21 02:00:00,commercial,226.25,14.2,57.0,0,2,1
2026-04-21 03:00:00,commercial,184.45,13.7,58.3,0,3,1
2026-04-21 04:00:00,commercial,232.63,15.6,60.1,0,4,1
2026-04-21 05:00:00,commercial,216.84,18.1,61.6,0,5,1
2026-04-21 06:00:00,commercial,237.55,14.9,64.1,0,6,1
2026-04-21 07:00:00,commercial,408.94,14.9,56.2,0,7,1
2026-04-21 08:00:00,commercial,581.59,18.3,49.1,0,8,1
2026-04-21 09:00:00,commercial,773.05,23.8,46.9,0,9,1
2026-04-21 10:00:00,commercial,745.44,20.3,50.6,0,10,1
2026-04-21 11:00:00,commercial,821.83,25.4,43.0,0,11,1
2026-04-21 12:00:00,commercial,827.86,26.7,58.7,0,12,1
2026-04-21 13:00:00,commercial,832.11,24.3,45.7,0,13,1
2026-04-21 14:00:00,commercial,870.61,26.6,48.6,0,14,1
2026-04-21 15:00:00,commercial,892.74,28.4,47.8,0,15,1
2026-04-21 16:00:00,commercial,828.73,25.2,49.9,0,16,1
2026-04-21 17:00:00,commercial,771.68,24.9,48.1,0,17,1
2026-04-21 18:00:00,commercial,628.63,23.3,46.2,0,18,1
2026-04-21 19:00:00,commercial,396.69,21.4,45.9,0,19,1
2026-04-21 20:00:00,commercial,303.89,20.5,57.2,0,20,1
2026-04-21 21:00:00,commercial,223.01,18.1,56.8,0,21,1
2026-04-21 22:00:00,commercial,171.1,18.5,53.2,0,22,1
2026-04-21 23:00:00,commercial,234.57,15.8,67.7,0,23,1
2026-04-22 00:00:00,commercial,243.48,16.2,57.9,0,0,2
2026-04-22 01:00:00,commercial,211.04,12.5,67.5,0,1,2
2026-04-22 02:00:00,commercial,200.98,14.7,64.7,0,2,2
2026-04-22 03:00:00,commercial,240.08,15.3,54.8,0,3,2
2026-04-22 04:00:00,commercial,240.2,11.3,68.0,0,4,2
2026-04-22 05:00:00,commercial,197.99,15.4,63.6,0,5,2
2026-04-22 06:00:00,commercial,309.1,17.6,55.8,0,6,2
2026-04-22 07:00:00,commercial,407.83,15.2,64.8,0,7,2
2026-04-22 08:00:00,commercial,610.69,21.0,55.7,0,8,2
2026-04-22 09:00:00,commercial,710.31,20.7,61.0,0,9,2
2026-04-22 10:00:00,commercial,763.63,20.5,55.8,0,10,2
2026-04-22 11:00:00,commercial,791.94,23.0,56.5,0,11,2
2026-04-22 12:00:00,commercial,794.84,25.1,56.7,0,12,2
2026-04-22 13:00:00,commercial,870.25,25.4,47.7,0,13,2
2026-04-22 14:00:00,commercial,842.77,26.6,41.8,0,14,2
2026-04-22 15:00:00,commercial,820.65,24.7,51.2,0,15,2
2026-04-22 16:00:00,commercial,816.6,26.1,56.8,0,16,2
2026-04-22 17:00:00,commercial,749.65,23.1,56.1,0,17,2
2026-04-22 18:00:00,commercial,642.73,24.1,48.4,0,18,2
2026-04-22 19:00:00,commercial,384.99,21.7,49.9,0,19,2
2026-04-22 20:00:00,commercial,306.17,20.5,49.9,0,20,2
2026-04-22 21:00:00,commercial,268.64,21.9,51.0,0,21,2
2026-04-22 22:00:00,commercial,199.26,20.1,57.2,0,22,2
2026-04-22 23:00:00,commercial,222.74,18.0,61.2,0,23,2
2026-04-23 00:00:00,commercial,241.92,14.2,54.3,0,0,3
2026-04-23 01:00:00,commercial,219.63,14.5,59.3,0,1,3
2026-04-23 02:00:00,commercial,205.5,16.1,64.4,0,2,3
2026-04-23 03:00:00,commercial,205.21,14.3,56.5,0,3,3
2026-04-23 04:00:00,commercial,185.59,17.8,55.8,0,4,3
2026-04-23 05:00:00,commercial,237.64,15.5,60.0,0,5,3
2026-04-23 06:00:00,commercial,282.76,16.2,63.9,0,6,3
2026-04-23 07:00:00,commercial,380.82,16.7,67.3,0,7,3
2026-04-23 08:00:00,commercial,601.66,18.8,53.8,0,8,3
2026-04-23 09:00:00,commercial,712.1,19.9,48.9,0,9,3
2026-04-23 10:00:00,commercial,794.27,22.7,54.2,0,10,3
2026-04-23 11:00:00,commercial,848.66,24.6,51.3,0,11,3
2026-04-23 12:00:00,commercial,803.86,23.2,45.3,0,12,3
2026-04-23 13:00:00,commercial,790.94,23.3,42.1,0,13,3
2026-04-23 14:00:00,commercial,797.83,23.2,50.4,0,14,3
2026-04-23 15:00:00,commercial,837.44,26.9,50.1,0,15,3
2026-04-23 16:00:00,commercial,754.77,24.3,55.8,0,16,3
2026-04-23 17:00:00,commercial,725.73,22.1,61.8,0,17,3
2026-04-23 18:00:00,commercial,648.67,24.9,54.1,0,18,3
2026-04-23 19:00:00,commercial,523.66,26.9,48.9,0,19,3
2026-04-23 20:00:00,commercial,293.73,21.7,58.3,0,20,3
2026-04-23 21:00:00,commercial,247.67,21.4,52.9,0,21,3
2026-04-23 22:00:00,commercial,191.48,18.7,60.1,0,22,3
2026-04-23 23:00:00,commercial,215.63,17.0,65.2,0,23,3
2026-04-24 00:00:00,commercial,248.11,17.3,62.4,0,0,4
2026-04-24 01:00:00,commercial,188.72,14.6,68.6,0,1,4
2026-04-24 02:00:00,commercial,191.13,14.8,62.0,0,2,4
2026-04-24 03:00:00,commercial,239.26,14.7,59.9,0,3,4
2026-04-24 04:00:00,commercial,228.23,13.4,61.9,0,4,4
2026-04-24 05:00:00,commercial,210.3,16.5,62.0,0,5,4
2026-04-24 06:00:00,commercial,257.54,15.7,58.9,0,6,4
2026-04-24 07:00:00,commercial,417.07,16.1,65.5,0,7,4
2026-04-24 08:00:00,commercial,658.4,19.5,55.8,0,8,4
2026-04-24 09:00:00,commercial,736.73,18.9,62.9,0,9,4
2026-04-24 10:00:00,commercial,761.81,21.8,50.3,0,10,4
2026-04-24 11:00:00,commercial,802.31,23.2,52.1,0,11,4
2026-04-24 12:00:00,commercial,837.22,26.1,46.2,0,12,4
2026-04-24 13:00:00,commercial,841.7,26.1,54.7,0,13,4
2026-04-24 14:00:00,commercial,856.7,26.0,55.0,0,14,4
2026-04-24 15:00:00,commercial,859.19,27.4,43.6,0,15,4
2026-04-24 16:00:00,commercial,864.41,28.1,34.9,0,16,4
2026-04-24 17:00:00,commercial,758.48,26.2,43.2,0,17,4
2026-04-24 18:00:00,commercial,675.8,24.5,55.2,0,18,4
2026-04-24 19:00:00,commercial,393.88,21.2,51.0,0,19,4
2026-04-24 20:00:00,commercial,278.67,20.2,50.9,0,20,4
2026-04-24 21:00:00,commercial,221.86,19.7,54.0,0,21,4
2026-04-24 22:00:00,commercial,223.92,17.7,58.2,0,22,4
2026-04-24 23:00:00,commercial,238.99,16.9,59.2,0,23,4
2026-04-25 00:00:00,commercial,224.14,16.1,58.5,1,0,5
2026-04-25 01:00:00,commercial,247.47,15.9,67.7,1,1,5
2026-04-25 02:00:00,commercial,236.22,14.4,65.4,1,2,5
2026-04-25 03:00:00,commercial,245.48,15.0,63.1,1,3,5
2026-04-25 04:00:00,commercial,205.53,14.6,56.0,1,4,5
2026-04-25 05:00:00,commercial,206.78,12.1,64.2,1,5,5
2026-04-25 06:00:00,commercial,269.35,14.6,60.1,1,6,5
2026-04-25 07:00:00,commercial,255.91,17.1,71.6,1,7,5
2026-04-25 08:00:00,commercial,343.77,16.9,57.0,1,8,5
2026-04-25 09:00:00,commercial,421.37,21.2,52.7,1,9,5
2026-04-25 10:00:00,commercial,425.2,24.1,43.1,1,10,5
2026-04-25 11:00:00,commercial,456.24,25.1,37.3,1,11,5
2026-04-25 12:00:00,commercial,425.28,24.2,48.1,1,12,5
2026-04-25 13:00:00,commercial,447.81,27.7,57.0,1,13,5
2026-04-25 14:00:00,commercial,438.99,26.3,53.3,1,14,5
2026-04-25 15:00:00,commercial,434.3,25.8,48.5,1,15,5
2026-04-25 16:00:00,commercial,444.51,25.2,50.6,1,16,5
2026-04-25 17:00:00,commercial,398.84,25.0,49.2,1,17,5
2026-04-25 18:00:00,commercial,353.58,23.9,48.8,1,18,5
2026-04-25 19:00:00,commercial,279.19,23.5,53.5,1,19,5
2026-04-25 20:00:00,commercial,231.11,22.1,36.5,1,20,5
2026-04-25 21:00:00,commercial,250.86,20.3,54.3,1,21,5
2026-04-25 22:00:00,commercial,191.43,19.4,53.9,1,22,5
2026-04-25 23:00:00,commercial,202.63,19.1,50.0,1,23,5
2026-04-26 00:00:00,commercial,197.04,17.5,62.4,1,0,6
2026-04-26 01:00:00,commercial,237.99,12.9,61.7,1,1,6
2026-04-26 02:00:00,commercial,220.13,10.7,68.9,1,2,6
2026-04-26 03:00:00,commercial,231.13,15.8,55.3,1,3,6
2026-04-26 04:00:00,commercial,246.74,12.5,66.9,1,4,6
2026-04-26 05:00:00,commercial,182.41,14.8,64.8,1,5,6
2026-04-26 06:00:00,commercial,219.38,14.4,63.4,1,6,6
2026-04-26 07:00:00,commercial,259.94,14.7,54.7,1,7,6
2026-04-26 08:00:00,commercial,345.57,19.6,54.0,1,8,6
2026-04-26 09:00:00,commercial,394.03,21.5,54.2,1,9,6
2026-04-26 10:00:00,commercial,426.51,21.0,50.4,1,10,6
2026-04-26 11:00:00,commercial,401.07,19.5,52.6,1,11,6
2026-04-26 12:00:00,commercial,407.4,23.8,51.5,1,12,6
2026-04-26 13:00:00,commercial,438.8,26.1,54.9,1,13,6
2026-04-26 14:00:00,commercial,438.61,23.9,40.6,1,14,6
2026-04-26 15:00:00,commercial,459.79,26.6,40.5,1,15,6
2026-04-26 16:00:00,commercial,453.49,26.1,49.4,1,16,6
2026-04-26 17:00:00,commercial,443.56,26.4,39.3,1,17,6
2026-04-26 18:00:00,commercial,373.12,24.8,53.9,1,18,6
2026-04-26 19:00:00,commercial,295.4,21.9,50.0,1,19,6
2026-04-26 20:00:00,commercial,258.71,23.7,54.3,1,20,6
2026-04-26 21:00:00,commercial,233.4,20.1,52.4,1,21,6
2026-04-26 22:00:00,commercial,206.28,18.8,46.3,1,22,6
2026-04-26 23:00:00,commercial,208.33,16.0,58.5,1,23,6
2026-04-27 00:00:00,commercial,191.5,15.5,54.5,0,0,0
2026-04-27 01:00:00,commercial,216.73,13.9,63.6,0,1,0
2026-04-27 02:00:00,commercial,214.29,14.4,67.7,0,2,0
2026-04-27 03:00:00,commercial,246.95,17.0,53.8,0,3,0
2026-04-27 04:00:00,commercial,216.16,12.6,58.2,0,4,0
2026-04-27 05:00:00,commercial,239.7,12.8,62.1,0,5,0
2026-04-27 06:00:00,commercial,298.29,18.4,51.0,0,6,0
2026-04-27 07:00:00,commercial,419.46,17.1,54.3,0,7,0
2026-04-27 08:00:00,commercial,603.63,17.9,54.8,0,8,0
2026-04-27 09:00:00,commercial,793.9,22.0,51.1,0,9,0
2026-04-27 10:00:00,commercial,710.99,21.1,55.2,0,10,0
2026-04-27 11:00:00,commercial,850.28,26.2,42.1,0,11,0
2026-04-27 12:00:00,commercial,852.9,25.7,49.9,0,12,0
2026-04-27 13:00:00,commercial,840.93,24.9,46.8,0,13,0
2026-04-27 14:00:00,commercial,883.04,29.5,45.9,0,14,0
2026-04-27 15:00:00,commercial,804.15,25.5,50.2,0,15,0
2026-04-27 16:00:00,commercial,863.5,27.3,56.9,0,16,0
2026-04-27 17:00:00,commercial,779.32,26.1,52.9,0,17,0
2026-04-27 18:00:00,commercial,713.61,26.6,45.4,0,18,0
2026-04-27 19:00:00,commercial,463.05,25.8,42.8,0,19,0
2026-04-27 20:00:00,commercial,281.74,22.0,60.4,0,20,0
2026-04-27 21:00:00,commercial,248.79,19.3,53.5,0,21,0
2026-04-27 22:00:00,commercial,251.36,19.6,55.9,0,22,0
2026-04-27 23:00:00,commercial,202.02,16.4,55.2,0,23,0
2026-04-28 00:00:00,commercial,247.95,19.3,57.1,0,0,1
2026-04-28 01:00:00,commercial,245.48,15.5,48.3,0,1,1
2026-04-28 02:00:00,commercial,209.0,14.2,59.7,0,2,1
2026-04-28 03:00:00,commercial,226.9,14.8,67.9,0,3,1
2026-04-28 04:00:00,commercial,221.36,12.7,55.9,0,4,1
2026-04-28 05:00:00,commercial,242.47,13.9,66.2,0,5,1
2026-04-28 06:00:00,commercial,260.17,18.1,63.3,0,6,1
2026-04-28 07:00:00,commercial,424.06,16.5,66.9,0,7,1
2026-04-28 08:00:00,commercial,583.93,17.4,59.1,0,8,1
2026-04-28 09:00:00,commercial,699.49,21.3,58.5,0,9,1
2026-04-28 10:00:00,commercial,795.45,23.8,45.4,0,10,1
2026-04-28 11:00:00,commercial,825.89,24.6,40.4,0,11,1
2026-04-28 12:00:00,commercial,864.82,26.2,46.1,0,12,1
2026-04-28 13:00:00,commercial,815.94,24.6,45.2,0,13,1
2026-04-28 14:00:00,commercial,800.98,24.2,51.7,0,14,1
2026-04-28 15:00:00,commercial,884.11,28.8,52.1,0,15,1
2026-04-28 16:00:00,commercial,810.89,25.8,50.0,0,16,1
2026-04-28 17:00:00,commercial,785.95,25.3,53.2,0,17,1
2026-04-28 18:00:00,commercial,694.08,26.7,46.1,0,18,1
2026-04-28 19:00:00,commercial,450.56,24.3,46.0,0,19,1
2026-04-28 20:00:00,commercial,277.45,22.7,42.3,0,20,1
2026-04-28 21:00:00,commercial,257.48,23.8,48.8,0,21,1
2026-04-28 22:00:00,commercial,220.37,18.0,66.2,0,22,1
2026-04-28 23:00:00,commercial,233.63,18.9,67.5,0,23,1
2026-04-29 00:00:00,commercial,195.25,16.4,49.3,0,0,2
2026-04-29 01:00:00,commercial,228.37,15.8,63.5,0,1,2
2026-04-29 02:00:00,commercial,228.25,17.1,59.8,0,2,2
2026-04-29 03:00:00,commercial,250.09,15.4,59.1,0,3,2
2026-04-29 04:00:00,commercial,213.85,15.6,55.2,0,4,2
2026-04-29 05:00:00,commercial,217.84,17.0,52.3,0,5,2
2026-04-29 06:00:00,commercial,280.35,15.8,63.3,0,6,2
2026-04-29 07:00:00,commercial,392.67,16.3,64.2,0,7,2
2026-04-29 08:00:00,commercial,594.98,17.5,57.3,0,8,2
2026-04-29 09:00:00,commercial,715.63,17.6,60.9,0,9,2
2026-04-29 10:00:00,commercial,802.67,25.2,43.4,0,10,2
2026-04-29 11:00:00,commercial,780.7,21.9,53.3,0,11,2
2026-04-29 12:00:00,commercial,833.23,24.5,52.7,0,12,2
2026-04-29 13:00:00,commercial,813.8,25.4,46.3,0,13,2
2026-04-29 14:00:00,commercial,837.95,26.8,42.8,0,14,2
2026-04-29 15:00:00,commercial,850.61,27.8,36.5,0,15,2
2026-04-29 16:00:00,commercial,853.34,27.7,42.2,0,16,2
2026-04-29 17:00:00,commercial,794.78,24.9,53.2,0,17,2
2026-04-29 18:00:00,commercial,606.11,24.6,48.7,0,18,2
2026-04-29 19:00:00,commercial,438.96,24.0,46.9,0,19,2
2026-04-29 20:00:00,commercial,287.59,21.8,47.2,0,20,2
2026-04-29 21:00:00,commercial,263.92,23.0,43.6,0,21,2
2026-04-29 22:00:00,commercial,200.78,19.8,55.5,0,22,2
2026-04-29 23:00:00,commercial,213.87,18.7,56.9,0,23,2
2026-04-30 00:00:00,commercial,214.31,17.4,49.8,0,0,3
2026-04-30 01:00:00,commercial,224.55,17.2,62.7,0,1,3
2026-04-30 02:00:00,commercial,204.24,15.1,61.2,0,2,3
2026-04-30 03:00:00,commercial,212.11,12.7,66.3,0,3,3
2026-04-30 04:00:00,commercial,204.24,15.5,52.5,0,4,3
2026-04-30 05:00:00,commercial,225.49,14.5,58.7,0,5,3
2026-04-30 06:00:00,commercial,300.41,15.6,53.6,0,6,3
2026-04-30 07:00:00,commercial,367.56,18.5,58.4,0,7,3
2026-04-30 08:00:00,commercial,592.55,21.0,51.9,0,8,3
2026-04-30 09:00:00,commercial,707.25,20.7,50.4,0,9,3
2026-04-30 10:00:00,commercial,779.19,22.7,48.9,0,10,3
2026-04-30 11:00:00,commercial,834.86,26.2,37.0,0,11,3
2026-04-30 12:00:00,commercial,841.76,25.3,49.4,0,12,3
2026-04-30 13:00:00,commercial,912.19,29.8,36.5,0,13,3
2026-04-30 14:00:00,commercial,867.87,27.3,46.5,0,14,3
2026-04-30 15:00:00,commercial,819.11,24.0,50.0,0,15,3
2026-04-30 16:00:00,commercial,863.6,27.6,46.8,0,16,3
2026-04-30 17:00:00,commercial,804.28,26.4,50.1,0,17,3
2026-04-30 18:00:00,commercial,676.57,26.8,47.7,0,18,3
2026-04-30 19:00:00,commercial,454.42,24.7,56.9,0,19,3
2026-04-30 20:00:00,commercial,323.82,22.0,51.5,0,20,3
2026-04-30 21:00:00,commercial,230.16,18.8,59.5,0,21,3
2026-04-30 22:00:00,commercial,238.72,18.8,54.3,0,22,3
2026-04-30 23:00:00,commercial,232.05,16.4,48.9,0,23,3
2026-05-01 00:00:00,commercial,247.93,15.6,64.1,0,0,4
2026-05-01 01:00:00,commercial,217.34,16.4,63.0,0,1,4
2026-05-01 02:00:00,commercial,217.57,17.5,52.8,0,2,4
2026-05-01 03:00:00,commercial,237.27,15.3,54.0,0,3,4
2026-05-01 04:00:00,commercial,185.22,13.2,70.0,0,4,4
2026-05-01 05:00:00,commercial,235.4,16.2,56.7,0,5,4
2026-05-01 06:00:00,commercial,252.38,18.3,49.1,0,6,4
2026-05-01 07:00:00,commercial,389.36,16.8,57.4,0,7,4
2026-05-01 08:00:00,commercial,614.22,19.0,64.6,0,8,4
2026-05-01 09:00:00,commercial,715.67,20.8,50.8,0,9,4
2026-05-01 10:00:00,commercial,768.05,21.1,55.5,0,10,4
2026-05-01 11:00:00,commercial,818.29,24.7,47.4,0,11,4
2026-05-01 12:00:00,commercial,833.94,24.8,39.4,0,12,4
2026-05-01 13:00:00,commercial,829.3,26.6,44.6,0,13,4
2026-05-01 14:00:00,commercial,824.22,25.2,46.4,0,14,4
2026-05-01 15:00:00,commercial,892.29,26.1,54.6,0,15,4
2026-05-01 16:00:00,commercial,851.14,27.6,55.5,0,16,4
2026-05-01 17:00:00,commercial,788.84,25.4,47.7,0,17,4
2026-05-01 18:00:00,commercial,657.43,27.6,41.7,0,18,4
2026-05-01 19:00:00,commercial,419.04,23.1,48.8,0,19,4
2026-05-01 20:00:00,commercial,321.1,22.6,49.6,0,20,4
2026-05-01 21:00:00,commercial,254.05,22.1,45.8,0,21,4
2026-05-01 22:00:00,commercial,245.56,17.1,66.9,0,22,4
2026-05-01 23:00:00,commercial,220.66,15.1,60.9,0,23,4
2026-05-02 00:00:00,commercial,192.58,14.3,64.0,1,0,5
2026-05-02 01:00:00,commercial,259.78,17.5,56.5,1,1,5
2026-05-02 02:00:00,commercial,225.42,14.2,64.5,1,2,5
2026-05-02 03:00:00,commercial,226.38,18.7,61.7,1,3,5
2026-05-02 04:00:00,commercial,218.46,14.2,63.1,1,4,5
2026-05-02 05:00:00,commercial,254.25,15.9,60.4,1,5,5
2026-05-02 06:00:00,commercial,224.86,18.9,66.9,1,6,5
2026-05-02 07:00:00,commercial,273.87,20.8,56.3,1,7,5
2026-05-02 08:00:00,commercial,353.32,22.4,59.3,1,8,5
2026-05-02 09:00:00,commercial,381.93,22.6,45.0,1,9,5
2026-05-02 10:00:00,commercial,457.53,23.9,50.3,1,10,5
2026-05-02 11:00:00,commercial,460.07,24.7,44.0,1,11,5
2026-05-02 12:00:00,commercial,429.31,26.2,46.1,1,12,5
2026-05-02 13:00:00,commercial,454.75,25.2,55.5,1,13,5
2026-05-02 14:00:00,commercial,440.18,25.4,55.0,1,14,5
2026-05-02 15:00:00,commercial,433.66,26.8,50.5,1,15,5
2026-05-02 16:00:00,commercial,432.58,26.4,42.7,1,16,5
2026-05-02 17:00:00,commercial,407.7,25.3,48.1,1,17,5
2026-05-02 18:00:00,commercial,378.76,26.1,48.7,1,18,5
2026-05-02 19:00:00,commercial,306.43,25.3,48.5,1,19,5
2026-05-02 20:00:00,commercial,209.33,22.5,58.3,1,20,5
2026-05-02 21:00:00,commercial,228.18,23.0,55.7,1,21,5
2026-05-02 22:00:00,commercial,189.76,17.6,59.8,1,22,5
2026-05-02 23:00:00,commercial,198.7,17.5,58.7,1,23,5
2026-05-03 00:00:00,commercial,205.47,15.6,58.6,1,0,6
2026-05-03 01:00:00,commercial,247.84,12.9,60.0,1,1,6
2026-05-03 02:00:00,commercial,207.37,15.0,63.8,1,2,6
2026-05-03 03:00:00,commercial,209.94,14.7,49.4,1,3,6
2026-05-03 04:00:00,commercial,231.01,17.4,56.6,1,4,6
2026-05-03 05:00:00,commercial,197.5,16.7,61.2,1,5,6
2026-05-03 06:00:00,commercial,225.1,15.1,65.8,1,6,6
2026-05-03 07:00:00,commercial,291.5,20.7,63.0,1,7,6
2026-05-03 08:00:00,commercial,337.47,21.2,54.3,1,8,6
2026-05-03 09:00:00,commercial,352.8,21.8,46.6,1,9,6
2026-05-03 10:00:00,commercial,429.65,22.1,46.3,1,10,6
2026-05-03 11:00:00,commercial,422.87,22.5,52.2,1,11,6
2026-05-03 12:00:00,commercial,400.77,24.6,53.4,1,12,6
2026-05-03 13:00:00,commercial,442.11,27.7,47.4,1,13,6
2026-05-03 14:00:00,commercial,435.98,29.5,38.8,1,14,6
2026-05-03 15:00:00,commercial,421.74,29.2,39.5,1,15,6
2026-05-03 16:00:00,commercial,421.85,26.0,44.2,1,16,6
2026-05-03 17:00:00,commercial,382.51,24.4,46.1,1,17,6
2026-05-03 18:00:00,commercial,398.07,25.4,49.0,1,18,6
2026-05-03 19:00:00,commercial,292.39,21.2,46.5,1,19,6
2026-05-03 20:00:00,commercial,260.74,22.9,50.8,1,20,6
2026-05-03 21:00:00,commercial,212.33,20.7,50.1,1,21,6
2026-05-03 22:00:00,commercial,245.81,18.6,66.7,1,22,6
2026-05-03 23:00:00,commercial,229.34,15.5,61.1,1,23,6
2026-05-04 00:00:00,commercial,194.45,17.5,52.0,0,0,0
2026-05-04 01:00:00,commercial,249.33,15.0,61.1,0,1,0
2026-05-04 02:00:00,commercial,237.83,13.4,60.4,0,2,0
2026-05-04 03:00:00,commercial,207.19,10.7,60.8,0,3,0
2026-05-04 04:00:00,commercial,218.65,15.1,58.0,0,4,0
2026-05-04 05:00:00,commercial,224.08,18.4,54.6,0,5,0
2026-05-04 06:00:00,commercial,284.07,19.2,58.4,0,6,0
2026-05-04 07:00:00,commercial,401.0,17.3,66.2,0,7,0
2026-05-04 08:00:00,commercial,581.59,18.5,52.3,0,8,0
2026-05-04 09:00:00,commercial,723.35,21.7,58.8,0,9,0
2026-05-04 10:00:00,commercial,737.74,21.0,57.1,0,10,0
2026-05-04 11:00:00,commercial,858.73,24.4,50.8,0,11,0
2026-05-04 12:00:00,commercial,803.52,26.4,41.1,0,12,0
2026-05-04 13:00:00,commercial,900.89,28.0,33.8,0,13,0
2026-05-04 14:00:00,commercial,878.38,26.6,51.2,0,14,0
2026-05-04 15:00:00,commercial,870.93,26.7,56.2,0,15,0
2026-05-04 16:00:00,commercial,809.22,25.5,47.2,0,16,0
2026-05-04 17:00:00,commercial,769.82,24.9,56.0,0,17,0
2026-05-04 18:00:00,commercial,635.27,24.9,44.8,0,18,0
2026-05-04 19:00:00,commercial,470.27,24.5,51.8,0,19,0
2026-05-04 20:00:00,commercial,321.21,23.9,49.9,0,20,0
2026-05-04 21:00:00,commercial,186.36,19.8,53.4,0,21,0
2026-05-04 22:00:00,commercial,238.25,21.7,57.7,0,22,0
2026-05-04 23:00:00,commercial,265.03,17.6,60.6,0,23,0
2026-05-05 00:00:00,commercial,242.06,16.8,53.9,0,0,1
2026-05-05 01:00:00,commercial,215.8,14.7,60.4,0,1,1
2026-05-05 02:00:00,commercial,196.0,11.6,63.6,0,2,1
2026-05-05 03:00:00,commercial,226.04,16.4,56.7,0,3,1
2026-05-05 04:00:00,commercial,218.3,16.4,56.1,0,4,1
2026-05-05 05:00:00,commercial,278.84,15.4,72.7,0,5,1
2026-05-05 06:00:00,commercial,271.94,16.9,59.2,0,6,1
2026-05-05 07:00:00,commercial,386.45,18.8,54.2,0,7,1
2026-05-05 08:00:00,commercial,580.1,17.2,50.3,0,8,1
2026-05-05 09:00:00,commercial,693.72,20.3,61.8,0,9,1
2026-05-05 10:00:00,commercial,784.76,23.8,54.2,0,10,1
2026-05-05 11:00:00,commercial,785.0,22.2,56.5,0,11,1
2026-05-05 12:00:00,commercial,835.2,25.7,46.2,0,12,1
2026-05-05 13:00:00,commercial,799.13,24.2,38.5,0,13,1
2026-05-05 14:00:00,commercial,826.24,27.6,48.3,0,14,1
2026-05-05 15:00:00,commercial,875.36,27.0,47.9,0,15,1
2026-05-05 16:00:00,commercial,791.32,24.4,48.2,0,16,1
2026-05-05 17:00:00,commercial,819.87,28.0,48.4,0,17,1
2026-05-05 18:00:00,commercial,642.75,24.2,36.8,0,18,1
2026-05-05 19:00:00,commercial,424.56,22.8,47.4,0,19,1
2026-05-05 20:00:00,commercial,323.05,22.9,44.7,0,20,1
2026-05-05 21:00:00,commercial,231.02,22.8,55.1,0,21,1
2026-05-05 22:00:00,commercial,230.61,18.0,54.1,0,22,1
2026-05-05 23:00:00,commercial,240.39,18.1,65.6,0,23,1
2026-05-06 00:00:00,commercial,224.0,17.5,53.1,0,0,2
2026-05-06 01:00:00,commercial,211.52,17.0,58.0,0,1,2
2026-05-06 02:00:00,commercial,234.02,15.6,63.6,0,2,2
2026-05-06 03:00:00,commercial,216.44,14.6,57.5,0,3,2
2026-05-06 04:00:00,commercial,209.76,14.1,56.6,0,4,2
2026-05-06 05:00:00,commercial,239.91,16.1,60.8,0,5,2
2026-05-06 06:00:00,commercial,219.07,15.3,67.3,0,6,2
2026-05-06 07:00:00,commercial,407.54,13.8,64.9,0,7,2
2026-05-06 08:00:00,commercial,587.78,20.2,61.7,0,8,2
2026-05-06 09:00:00,commercial,743.14,22.5,49.9,0,9,2
2026-05-06 10:00:00,commercial,764.49,19.1,59.2,0,10,2
2026-05-06 11:00:00,commercial,773.48,22.6,54.9,0,11,2
2026-05-06 12:00:00,commercial,865.57,26.3,49.0,0,12,2
2026-05-06 13:00:00,commercial,905.97,29.4,46.8,0,13,2
2026-05-06 14:00:00,commercial,893.74,27.0,46.6,0,14,2
2026-05-06 15:00:00,commercial,846.76,26.0,49.7,0,15,2
2026-05-06 16:00:00,commercial,838.29,26.7,50.0,0,16,2
2026-05-06 17:00:00,commercial,858.85,28.4,43.4,0,17,2
2026-05-06 18:00:00,commercial,635.75,24.4,48.3,0,18,2
2026-05-06 19:00:00,commercial,443.79,22.9,46.0,0,19,2
2026-05-06 20:00:00,commercial,285.5,22.0,53.3,0,20,2
2026-05-06 21:00:00,commercial,231.84,19.7,47.7,0,21,2
2026-05-06 22:00:00,commercial,218.83,19.8,58.6,0,22,2
2026-05-06 23:00:00,commercial,230.14,20.6,54.0,0,23,2
2026-05-07 00:00:00,commercial,200.59,17.5,59.3,0,0,3
2026-05-07 01:00:00,commercial,245.75,15.6,64.2,0,1,3
2026-05-07 02:00:00,commercial,265.39,15.0,67.0,0,2,3
2026-05-07 03:00:00,commercial,253.82,12.9,63.5,0,3,3
2026-05-07 04:00:00,commercial,230.8,16.7,66.5,0,4,3
2026-05-07 05:00:00,commercial,242.76,15.9,57.5,0,5,3
2026-05-07 06:00:00,commercial,249.18,16.7,56.9,0,6,3
2026-05-07 07:00:00,commercial,432.93,23.0,46.5,0,7,3
2026-05-07 08:00:00,commercial,597.3,20.1,43.7,0,8,3
2026-05-07 09:00:00,commercial,725.99,20.1,55.4,0,9,3
2026-05-07 10:00:00,commercial,768.23,22.1,49.9,0,10,3
2026-05-07 11:00:00,commercial,830.64,25.9,51.9,0,11,3
2026-05-07 12:00:00,commercial,832.7,25.6,58.4,0,12,3
2026-05-07 13:00:00,commercial,823.65,24.2,53.6,0,13,3
2026-05-07 14:00:00,commercial,898.88,28.4,49.3,0,14,3
2026-05-07 15:00:00,commercial,850.86,26.2,42.1,0,15,3
2026-05-07 16:00:00,commercial,875.25,29.8,30.5,0,16,3
2026-05-07 17:00:00,commercial,821.73,28.0,56.5,0,17,3
2026-05-07 18:00:00,commercial,645.8,24.8,49.8,0,18,3
2026-05-07 19:00:00,commercial,458.67,26.1,46.5,0,19,3
2026-05-07 20:00:00,commercial,317.46,22.9,45.2,0,20,3
2026-05-07 21:00:00,commercial,242.49,22.5,40.5,0,21,3
2026-05-07 22:00:00,commercial,213.94,20.4,54.9,0,22,3
2026-05-07 23:00:00,commercial,191.77,16.9,56.9,0,23,3
2026-05-08 00:00:00,commercial,198.95,16.1,63.1,0,0,4
2026-05-08 01:00:00,commercial,188.93,17.6,54.2,0,1,4
2026-05-08 02:00:00,commercial,254.99,15.0,57.9,0,2,4
2026-05-08 03:00:00,commercial,221.18,14.7,65.0,0,3,4
2026-05-08 04:00:00,commercial,235.18,14.1,58.2,0,4,4
2026-05-08 05:00:00,commercial,184.07,16.7,57.4,0,5,4
2026-05-08 06:00:00,commercial,263.03,20.1,51.2,0,6,4
2026-05-08 07:00:00,commercial,345.63,16.7,64.5,0,7,4
2026-05-08 08:00:00,commercial,600.36,19.8,55.6,0,8,4
2026-05-08 09:00:00,commercial,795.48,23.4,41.7,0,9,4
2026-05-08 10:00:00,commercial,811.33,22.7,57.8,0,10,4
2026-05-08 11:00:00,commercial,800.42,25.0,56.3,0,11,4
2026-05-08 12:00:00,commercial,842.95,23.9,49.2,0,12,4
2026-05-08 13:00:00,commercial,856.53,27.1,53.9,0,13,4
2026-05-08 14:00:00,commercial,846.75,26.8,45.5,0,14,4
2026-05-08 15:00:00,commercial,846.73,28.8,47.3,0,15,4
2026-05-08 16:00:00,commercial,856.45,28.9,51.9,0,16,4
2026-05-08 17:00:00,commercial,871.31,30.4,46.3,0,17,4
2026-05-08 18:00:00,commercial,645.96,26.4,58.0,0,18,4
2026-05-08 19:00:00,commercial,447.33,24.8,53.4,0,19,4
2026-05-08 20:00:00,commercial,296.21,23.1,45.9,0,20,4
2026-05-08 21:00:00,commercial,209.42,20.8,60.0,0,21,4
2026-05-08 22:00:00,commercial,226.13,20.2,57.4,0,22,4
2026-05-08 23:00:00,commercial,242.58,17.8,69.2,0,23,4
2026-05-09 00:00:00,commercial,202.81,17.4,48.8,1,0,5
2026-05-09 01:00:00,commercial,252.4,18.1,58.3,1,1,5
2026-05-09 02:00:00,commercial,201.78,14.1,62.9,1,2,5
2026-05-09 03:00:00,commercial,203.07,17.1,60.7,1,3,5
2026-05-09 04:00:00,commercial,238.73,17.5,64.6,1,4,5
2026-05-09 05:00:00,commercial,204.36,16.0,61.0,1,5,5
2026-05-09 06:00:00,commercial,220.76,13.9,61.8,1,6,5
2026-05-09 07:00:00,commercial,290.25,17.5,55.2,1,7,5
2026-05-09 08:00:00,commercial,354.79,21.8,53.1,1,8,5
2026-05-09 09:00:00,commercial,382.92,21.3,53.3,1,9,5
2026-05-09 10:00:00,commercial,385.92,21.4,55.2,1,10,5
2026-05-09 11:00:00,commercial,425.73,23.6,50.2,1,11,5
2026-05-09 12:00:00,commercial,458.5,26.9,42.0,1,12,5
2026-05-09 13:00:00,commercial,461.49,27.4,46.2,1,13,5
2026-05-09 14:00:00,commercial,470.3,26.8,40.0,1,14,5
2026-05-09 15:00:00,commercial,421.85,26.8,45.1,1,15,5
2026-05-09 16:00:00,commercial,450.31,26.6,50.5,1,16,5
2026-05-09 17:00:00,commercial,411.15,25.2,51.6,1,17,5
2026-05-09 18:00:00,commercial,353.42,28.0,44.5,1,18,5
2026-05-09 19:00:00,commercial,277.09,23.9,53.5,1,19,5
2026-05-09 20:00:00,commercial,268.8,24.7,55.4,1,20,5
2026-05-09 21:00:00,commercial,259.09,23.6,54.3,1,21,5
2026-05-09 22:00:00,commercial,231.75,21.3,55.8,1,22,5
2026-05-09 23:00:00,commercial,222.94,17.7,54.0,1,23,5
2026-05-10 00:00:00,commercial,197.53,17.8,55.4,1,0,6
2026-05-10 01:00:00,commercial,250.73,16.2,65.3,1,1,6
2026-05-10 02:00:00,commercial,242.79,14.3,69.1,1,2,6
2026-05-10 03:00:00,commercial,231.09,15.9,53.2,1,3,6
2026-05-10 04:00:00,commercial,246.76,13.9,68.1,1,4,6
2026-05-10 05:00:00,commercial,239.23,18.0,69.2,1,5,6
2026-05-10 06:00:00,commercial,254.2,16.5,58.8,1,6,6
2026-05-10 07:00:00,commercial,275.2,18.7,57.1,1,7,6
2026-05-10 08:00:00,commercial,328.99,20.3,51.3,1,8,6
2026-05-10 09:00:00,commercial,385.28,21.1,50.3,1,9,6
2026-05-10 10:00:00,commercial,439.35,23.9,41.5,1,10,6
2026-05-10 11:00:00,commercial,443.9,23.7,49.1,1,11,6
2026-05-10 12:00:00,commercial,447.49,27.0,47.5,1,12,6
2026-05-10 13:00:00,commercial,445.41,24.6,59.5,1,13,6
2026-05-10 14:00:00,commercial,428.28,27.4,46.8,1,14,6
2026-05-10 15:00:00,commercial,473.06,30.4,45.3,1,15,6
2026-05-10 16:00:00,commercial,415.96,25.7,42.9,1,16,6
2026-05-10 17:00:00,commercial,412.76,25.6,43.4,1,17,6
2026-05-10 18:00:00,commercial,395.87,26.5,42.1,1,18,6
2026-05-10 19:00:00,commercial,302.14,24.7,47.4,1,19,6
2026-05-10 20:00:00,commercial,255.92,23.5,48.3,1,20,6
2026-05-10 21:00:00,commercial,228.72,22.2,59.1,1,21,6
2026-05-10 22:00:00,commercial,211.77,20.8,50.6,1,22,6
2026-05-10 23:00:00,commercial,208.94,20.1,58.3,1,23,6
2026-05-11 00:00:00,commercial,207.7,17.9,58.5,0,0,0
2026-05-11 01:00:00,commercial,230.23,16.0,68.8,0,1,0
2026-05-11 02:00:00,commercial,232.32,16.7,56.1,0,2,0
2026-05-11 03:00:00,commercial,212.75,18.4,66.1,0,3,0
2026-05-11 04:00:00,commercial,224.0,15.5,62.6,0,4,0
2026-05-11 05:00:00,commercial,202.01,14.9,56.4,0,5,0
2026-05-11 06:00:00,commercial,262.4,18.9,50.6,0,6,0
2026-05-11 07:00:00,commercial,404.02,18.3,50.3,0,7,0
2026-05-11 08:00:00,commercial,617.05,16.7,63.8,0,8,0
2026-05-11 09:00:00,commercial,742.91,22.8,53.0,0,9,0
2026-05-11 10:00:00,commercial,779.4,22.3,50.1,0,10,0
2026-05-11 11:00:00,commercial,825.64,24.4,54.6,0,11,0
2026-05-11 12:00:00,commercial,861.67,26.3,49.6,0,12,0
2026-05-11 13:00:00,commercial,846.32,27.0,53.7,0,13,0
2026-05-11 14:00:00,commercial,900.26,28.4,44.6,0,14,0
2026-05-11 15:00:00,commercial,857.1,26.9,37.0,0,15,0
2026-05-11 16:00:00,commercial,868.29,28.1,47.3,0,16,0
2026-05-11 17:00:00,commercial,779.57,26.3,50.3,0,17,0
2026-05-11 18:00:00,commercial,726.27,26.9,45.2,0,18,0
2026-05-11 19:00:00,commercial,489.7,25.4,44.2,0,19,0
2026-05-11 20:00:00,commercial,311.67,21.7,50.2,0,20,0
2026-05-11 21:00:00,commercial,284.66,23.2,52.7,0,21,0
2026-05-11 22:00:00,commercial,251.55,19.2,50.8,0,22,0
2026-05-11 23:00:00,commercial,168.85,19.7,52.6,0,23,0
2026-05-12 00:00:00,commercial,203.13,17.9,54.1,0,0,1
2026-05-12 01:00:00,commercial,241.68,19.2,60.5,0,1,1
2026-05-12 02:00:00,commercial,218.33,15.5,58.2,0,2,1
2026-05-12 03:00:00,commercial,224.38,15.1,65.0,0,3,1
2026-05-12 04:00:00,commercial,210.16,15.8,59.2,0,4,1
2026-05-12 05:00:00,commercial,213.37,15.9,48.0,0,5,1
2026-05-12 06:00:00,commercial,304.92,18.6,55.1,0,6,1
2026-05-12 07:00:00,commercial,363.18,16.2,61.8,0,7,1
2026-05-12 08:00:00,commercial,589.91,18.5,68.9,0,8,1
2026-05-12 09:00:00,commercial,742.0,20.0,56.4,0,9,1
2026-05-12 10:00:00,commercial,848.68,24.6,48.9,0,10,1
2026-05-12 11:00:00,commercial,887.79,27.2,39.3,0,11,1
2026-05-12 12:00:00,commercial,876.38,25.7,41.7,0,12,1
2026-05-12 13:00:00,commercial,845.52,26.5,50.4,0,13,1
2026-05-12 14:00:00,commercial,859.14,27.5,47.6,0,14,1
2026-05-12 15:00:00,commercial,899.76,29.3,45.6,0,15,1
2026-05-12 16:00:00,commercial,833.18,26.0,42.6,0,16,1
2026-05-12 17:00:00,commercial,826.68,27.2,43.8,0,17,1
2026-05-12 18:00:00,commercial,686.24,27.3,45.3,0,18,1
2026-05-12 19:00:00,commercial,467.99,25.4,52.6,0,19,1
2026-05-12 20:00:00,commercial,347.88,23.4,51.4,0,20,1
2026-05-12 21:00:00,commercial,276.72,23.1,51.7,0,21,1
2026-05-12 22:00:00,commercial,220.17,16.0,63.2,0,22,1
2026-05-12 23:00:00,commercial,214.66,19.6,61.4,0,23,1
2026-05-13 00:00:00,commercial,240.82,16.5,55.6,0,0,2
2026-05-13 01:00:00,commercial,268.13,13.7,58.1,0,1,2
2026-05-13 02:00:00,commercial,223.53,16.6,61.6,0,2,2
2026-05-13 03:00:00,commercial,242.07,17.7,59.2,0,3,2
2026-05-13 04:00:00,commercial,242.26,15.7,66.2,0,4,2
2026-05-13 05:00:00,commercial,249.58,17.9,47.1,0,5,2
2026-05-13 06:00:00,commercial,236.15,19.9,44.9,0,6,2
2026-05-13 07:00:00,commercial,403.99,20.7,54.8,0,7,2
2026-05-13 08:00:00,commercial,620.18,22.6,56.9,0,8,2
2026-05-13 09:00:00,commercial,711.47,22.8,58.7,0,9,2
2026-05-13 10:00:00,commercial,810.17,23.3,51.6,0,10,2
2026-05-13 11:00:00,commercial,780.91,22.3,46.9,0,11,2
2026-05-13 12:00:00,commercial,818.8,25.6,43.8,0,12,2
2026-05-13 13:00:00,commercial,790.65,25.6,53.8,0,13,2
2026-05-13 14:00:00,commercial,919.32,30.7,26.1,0,14,2
2026-05-13 15:00:00,commercial,867.26,27.4,47.9,0,15,2
2026-05-13 16:00:00,commercial,857.14,27.7,46.2,0,16,2
2026-05-13 17:00:00,commercial,806.32,27.7,46.3,0,17,2
2026-05-13 18:00:00,commercial,669.87,26.0,43.9,0,18,2
2026-05-13 19:00:00,commercial,487.68,27.2,50.6,0,19,2
2026-05-13 20:00:00,commercial,276.44,22.3,44.6,0,20,2
2026-05-13 21:00:00,commercial,253.99,22.0,45.9,0,21,2
2026-05-13 22:00:00,commercial,214.63,19.0,57.9,0,22,2
2026-05-13 23:00:00,commercial,206.82,16.7,67.2,0,23,2
2026-05-14 00:00:00,commercial,220.54,16.6,68.5,0,0,3
2026-05-14 01:00:00,commercial,233.04,16.5,60.2,0,1,3
2026-05-14 02:00:00,commercial,248.33,15.3,63.7,0,2,3
2026-05-14 03:00:00,commercial,220.08,14.7,59.3,0,3,3
2026-05-14 04:00:00,commercial,228.26,13.9,60.8,0,4,3
2026-05-14 05:00:00,commercial,236.16,16.4,48.9,0,5,3
2026-05-14 06:00:00,commercial,272.4,15.3,53.1,0,6,3
2026-05-14 07:00:00,commercial,389.07,19.9,54.8,0,7,3
2026-05-14 08:00:00,commercial,576.13,20.3,46.6,0,8,3
2026-05-14 09:00:00,commercial,715.95,19.6,43.0,0,9,3
2026-05-14 10:00:00,commercial,789.42,22.8,46.7,0,10,3
2026-05-14 11:00:00,commercial,802.05,23.6,45.3,0,11,3
2026-05-14 12:00:00,commercial,850.0,26.5,46.4,0,12,3
2026-05-14 13:00:00,commercial,891.45,29.0,41.7,0,13,3
2026-05-14 14:00:00,commercial,807.63,24.7,48.2,0,14,3
2026-05-14 15:00:00,commercial,840.64,27.9,51.7,0,15,3
2026-05-14 16:00:00,commercial,876.74,27.3,48.6,0,16,3
2026-05-14 17:00:00,commercial,819.4,28.0,43.3,0,17,3
2026-05-14 18:00:00,commercial,663.86,26.3,54.2,0,18,3
2026-05-14 19:00:00,commercial,425.19,23.6,50.8,0,19,3
2026-05-14 20:00:00,commercial,302.66,22.8,47.8,0,20,3
2026-05-14 21:00:00,commercial,234.5,20.6,50.2,0,21,3
2026-05-14 22:00:00,commercial,252.18,21.8,47.5,0,22,3
2026-05-14 23:00:00,commercial,234.88,18.8,58.7,0,23,3
2026-05-15 00:00:00,commercial,225.22,20.4,50.5,0,0,4
2026-05-15 01:00:00,commercial,230.15,16.5,59.0,0,1,4
2026-05-15 02:00:00,commercial,224.37,15.0,64.0,0,2,4
2026-05-15 03:00:00,commercial,219.6,13.6,70.0,0,3,4
2026-05-15 04:00:00,commercial,216.94,13.3,67.0,0,4,4
2026-05-15 05:00:00,commercial,232.65,14.3,52.5,0,5,4
2026-05-15 06:00:00,commercial,273.54,18.0,53.6,0,6,4
2026-05-15 07:00:00,commercial,404.42,19.6,52.0,0,7,4
2026-05-15 08:00:00,commercial,619.52,17.9,57.2,0,8,4
2026-05-15 09:00:00,commercial,749.53,23.2,44.3,0,9,4
2026-05-15 10:00:00,commercial,809.31,22.7,55.6,0,10,4
2026-05-15 11:00:00,commercial,817.89,25.1,45.1,0,11,4
2026-05-15 12:00:00,commercial,887.88,28.5,36.0,0,12,4
2026-05-15 13:00:00,commercial,867.5,28.4,47.5,0,13,4
2026-05-15 14:00:00,commercial,865.39,27.2,43.8,0,14,4
2026-05-15 15:00:00,commercial,853.46,26.5,56.0,0,15,4
2026-05-15 16:00:00,commercial,834.47,24.4,53.5,0,16,4
2026-05-15 17:00:00,commercial,773.17,26.0,49.1,0,17,4
2026-05-15 18:00:00,commercial,662.25,25.8,44.6,0,18,4
2026-05-15 19:00:00,commercial,452.35,23.4,48.9,0,19,4
2026-05-15 20:00:00,commercial,276.63,23.2,51.4,0,20,4
2026-05-15 21:00:00,commercial,248.66,21.9,51.1,0,21,4
2026-05-15 22:00:00,commercial,195.01,19.9,53.4,0,22,4
2026-05-15 23:00:00,commercial,217.85,17.9,59.3,0,23,4
2026-05-16 00:00:00,commercial,202.93,17.9,49.1,1,0,5
2026-05-16 01:00:00,commercial,266.62,17.4,63.3,1,1,5
2026-05-16 02:00:00,commercial,235.27,14.5,61.6,1,2,5
2026-05-16 03:00:00,commercial,235.01,18.0,48.1,1,3,5
2026-05-16 04:00:00,commercial,230.18,16.0,71.8,1,4,5
2026-05-16 05:00:00,commercial,183.31,16.7,60.8,1,5,5
2026-05-16 06:00:00,commercial,241.03,18.7,50.5,1,6,5
2026-05-16 07:00:00,commercial,328.33,19.3,62.6,1,7,5
2026-05-16 08:00:00,commercial,376.43,21.8,60.0,1,8,5
2026-05-16 09:00:00,commercial,396.17,22.3,49.5,1,9,5
2026-05-16 10:00:00,commercial,423.24,22.5,47.9,1,10,5
2026-05-16 11:00:00,commercial,451.82,25.5,46.2,1,11,5
2026-05-16 12:00:00,commercial,446.15,24.4,51.5,1,12,5
2026-05-16 13:00:00,commercial,452.72,27.3,46.3,1,13,5
2026-05-16 14:00:00,commercial,420.0,27.7,54.2,1,14,5
2026-05-16 15:00:00,commercial,443.13,27.6,45.2,1,15,5
2026-05-16 16:00:00,commercial,450.92,27.5,51.2,1,16,5
2026-05-16 17:00:00,commercial,411.86,24.3,57.2,1,17,5
2026-05-16 18:00:00,commercial,390.12,25.3,46.9,1,18,5
2026-05-16 19:00:00,commercial,298.24,25.1,46.0,1,19,5
2026-05-16 20:00:00,commercial,233.3,23.7,53.3,1,20,5
2026-05-16 21:00:00,commercial,247.29,20.4,60.3,1,21,5
2026-05-16 22:00:00,commercial,234.26,22.3,45.4,1,22,5
2026-05-16 23:00:00,commercial,208.37,17.6,66.1,1,23,5
2026-05-17 00:00:00,commercial,233.19,19.2,58.9,1,0,6
2026-05-17 01:00:00,commercial,218.11,17.4,56.7,1,1,6
2026-05-17 02:00:00,commercial,224.08,15.2,67.9,1,2,6
2026-05-17 03:00:00,commercial,222.68,18.7,63.6,1,3,6
2026-05-17 04:00:00,commercial,239.77,14.4,61.9,1,4,6
2026-05-17 05:00:00,commercial,213.61,18.2,55.3,1,5,6
2026-05-17 06:00:00,commercial,206.52,19.2,50.8,1,6,6
2026-05-17 07:00:00,commercial,285.5,18.0,45.1,1,7,6
2026-05-17 08:00:00,commercial,382.36,22.5,52.8,1,8,6
2026-05-17 09:00:00,commercial,373.11,21.6,46.9,1,9,6
2026-05-17 10:00:00,commercial,422.48,24.0,47.1,1,10,6
2026-05-17 11:00:00,commercial,404.18,25.4,40.5,1,11,6
2026-05-17 12:00:00,commercial,449.46,26.0,41.8,1,12,6
2026-05-17 13:00:00,commercial,453.24,28.4,47.6,1,13,6
2026-05-17 14:00:00,commercial,419.89,29.0,40.2,1,14,6
2026-05-17 15:00:00,commercial,443.86,25.4,49.1,1,15,6
2026-05-17 16:00:00,commercial,450.43,29.7,46.1,1,16,6
2026-05-17 17:00:00,commercial,445.6,24.7,47.8,1,17,6
2026-05-17 18:00:00,commercial,431.51,27.8,34.6,1,18,6
2026-05-17 19:00:00,commercial,293.1,26.7,40.4,1,19,6
2026-05-17 20:00:00,commercial,274.7,21.9,55.2,1,20,6
2026-05-17 21:00:00,commercial,240.1,21.4,49.6,1,21,6
2026-05-17 22:00:00,commercial,211.05,18.8,57.9,1,22,6
2026-05-17 23:00:00,commercial,173.61,18.7,62.2,1,23,6
2026-05-18 00:00:00,commercial,239.05,17.4,59.9,0,0,0
2026-05-18 01:00:00,commercial,222.41,18.0,48.9,0,1,0
2026-05-18 02:00:00,commercial,238.14,18.2,56.1,0,2,0
2026-05-18 03:00:00,commercial,253.73,18.2,54.9,0,3,0
2026-05-18 04:00:00,commercial,216.02,15.4,60.6,0,4,0
2026-05-18 05:00:00,commercial,221.71,16.6,62.0,0,5,0
2026-05-18 06:00:00,commercial,293.08,15.3,55.1,0,6,0
2026-05-18 07:00:00,commercial,402.41,17.9,58.5,0,7,0
2026-05-18 08:00:00,commercial,626.29,22.0,45.5,0,8,0
2026-05-18 09:00:00,commercial,755.85,24.5,49.9,0,9,0
2026-05-18 10:00:00,commercial,767.58,21.8,55.3,0,10,0
2026-05-18 11:00:00,commercial,824.76,24.2,51.3,0,11,0
2026-05-18 12:00:00,commercial,881.83,26.3,49.9,0,12,0
2026-05-18 13:00:00,commercial,900.7,27.7,48.5,0,13,0
2026-05-18 14:00:00,commercial,882.56,26.6,45.5,0,14,0
2026-05-18 15:00:00,commercial,871.88,28.7,41.8,0,15,0
2026-05-18 16:00:00,commercial,873.58,27.2,53.0,0,16,0
2026-05-18 17:00:00,commercial,820.6,27.2,37.8,0,17,0
2026-05-18 18:00:00,commercial,714.81,27.1,43.3,0,18,0
2026-05-18 19:00:00,commercial,445.36,25.1,46.7,0,19,0
2026-05-18 20:00:00,commercial,300.34,23.0,53.6,0,20,0
2026-05-18 21:00:00,commercial,257.9,21.9,50.2,0,21,0
2026-05-18 22:00:00,commercial,197.22,20.4,47.3,0,22,0
2026-05-18 23:00:00,commercial,208.73,18.5,55.0,0,23,0
2026-05-19 00:00:00,commercial,210.16,17.5,57.3,0,0,1
2026-05-19 01:00:00,commercial,221.79,19.3,64.4,0,1,1
2026-05-19 02:00:00,commercial,251.74,17.2,55.8,0,2,1
2026-05-19 03:00:00,commercial,217.66,15.7,57.3,0,3,1
2026-05-19 04:00:00,commercial,225.19,17.4,61.6,0,4,1
2026-05-19 05:00:00,commercial,216.56,16.4,66.6,0,5,1
2026-05-19 06:00:00,commercial,284.76,19.7,49.1,0,6,1
2026-05-19 07:00:00,commercial,380.86,19.7,52.0,0,7,1
2026-05-19 08:00:00,commercial,610.5,20.4,57.2,0,8,1
2026-05-19 09:00:00,commercial,756.57,22.8,52.8,0,9,1
2026-05-19 10:00:00,commercial,756.36,21.3,47.5,0,10,1
2026-05-19 11:00:00,commercial,780.23,23.5,48.9,0,11,1
2026-05-19 12:00:00,commercial,837.5,24.6,49.6,0,12,1
2026-05-19 13:00:00,commercial,850.74,27.6,41.8,0,13,1
2026-05-19 14:00:00,commercial,926.55,30.5,45.3,0,14,1
2026-05-19 15:00:00,commercial,903.35,31.5,35.7,0,15,1
2026-05-19 16:00:00,commercial,879.23,28.9,47.3,0,16,1
2026-05-19 17:00:00,commercial,812.51,28.1,55.1,0,17,1
2026-05-19 18:00:00,commercial,626.4,23.7,52.6,0,18,1
2026-05-19 19:00:00,commercial,421.36,24.3,49.5,0,19,1
2026-05-19 20:00:00,commercial,286.35,22.5,52.2,0,20,1
2026-05-19 21:00:00,commercial,218.06,21.2,55.4,0,21,1
2026-05-19 22:00:00,commercial,203.76,20.3,55.9,0,22,1
2026-05-19 23:00:00,commercial,221.99,18.4,51.8,0,23,1
2026-05-20 00:00:00,commercial,191.32,15.0,57.4,0,0,2
2026-05-20 01:00:00,commercial,217.13,18.1,55.7,0,1,2
2026-05-20 02:00:00,commercial,208.91,14.8,57.1,0,2,2
2026-05-20 03:00:00,commercial,229.0,16.6,56.3,0,3,2
2026-05-20 04:00:00,commercial,232.31,19.5,45.8,0,4,2
2026-05-20 05:00:00,commercial,250.6,15.6,61.2,0,5,2
2026-05-20 06:00:00,commercial,276.72,14.2,60.7,0,6,2
2026-05-20 07:00:00,commercial,379.19,18.8,56.8,0,7,2
2026-05-20 08:00:00,commercial,611.54,22.3,52.1,0,8,2
2026-05-20 09:00:00,commercial,820.86,25.2,48.1,0,9,2
2026-05-20 10:00:00,commercial,749.69,21.9,49.4,0,10,2
2026-05-20 11:00:00,commercial,824.23,26.0,54.8,0,11,2
2026-05-20 12:00:00,commercial,846.33,25.8,59.8,0,12,2
2026-05-20 13:00:00,commercial,864.49,27.3,52.7,0,13,2
2026-05-20 14:00:00,commercial,940.85,32.0,38.7,0,14,2
2026-05-20 15:00:00,commercial,846.77,26.0,44.3,0,15,2
2026-05-20 16:00:00,commercial,895.66,28.4,48.2,0,16,2
2026-05-20 17:00:00,commercial,852.2,28.1,47.1,0,17,2
2026-05-20 18:00:00,commercial,715.68,28.1,46.3,0,18,2
2026-05-20 19:00:00,commercial,467.74,25.4,45.4,0,19,2
2026-05-20 20:00:00,commercial,327.58,24.2,54.9,0,20,2
2026-05-20 21:00:00,commercial,232.15,21.6,54.4,0,21,2
2026-05-20 22:00:00,commercial,214.5,21.1,50.3,0,22,2
2026-05-20 23:00:00,commercial,200.3,18.7,50.7,0,23,2
2026-05-21 00:00:00,commercial,248.13,19.0,55.4,0,0,3
2026-05-21 01:00:00,commercial,214.2,16.5,65.4,0,1,3
2026-05-21 02:00:00,commercial,216.14,17.1,57.9,0,2,3
2026-05-21 03:00:00,commercial,240.97,16.3,62.2,0,3,3
2026-05-21 04:00:00,commercial,226.07,18.2,56.3,0,4,3
2026-05-21 05:00:00,commercial,243.17,17.0,61.9,0,5,3
2026-05-21 06:00:00,commercial,268.69,15.4,58.9,0,6,3
2026-05-21 07:00:00,commercial,422.61,21.2,48.0,0,7,3
2026-05-21 08:00:00,commercial,617.84,19.4,50.9,0,8,3
2026-05-21 09:00:00,commercial,730.45,21.3,49.6,0,9,3
2026-05-21 10:00:00,commercial,780.98,23.0,62.4,0,10,3
2026-05-21 11:00:00,commercial,866.56,27.4,47.4,0,11,3
2026-05-21 12:00:00,commercial,785.9,23.3,52.0,0,12,3
2026-05-21 13:00:00,commercial,946.48,32.2,42.9,0,13,3
2026-05-21 14:00:00,commercial,892.23,29.7,43.1,0,14,3
2026-05-21 15:00:00,commercial,872.57,28.6,31.4,0,15,3
2026-05-21 16:00:00,commercial,863.22,28.0,40.5,0,16,3
2026-05-21 17:00:00,commercial,798.14,27.9,45.8,0,17,3
2026-05-21 18:00:00,commercial,699.3,27.3,40.0,0,18,3
2026-05-21 19:00:00,commercial,463.42,26.3,51.8,0,19,3
2026-05-21 20:00:00,commercial,324.79,24.7,47.6,0,20,3
2026-05-21 21:00:00,commercial,287.32,22.4,52.1,0,21,3
2026-05-21 22:00:00,commercial,219.74,20.5,52.0,0,22,3
2026-05-21 23:00:00,commercial,215.67,19.1,52.1,0,23,3
2026-05-22 00:00:00,commercial,235.49,17.8,59.1,0,0,4
2026-05-22 01:00:00,commercial,208.69,18.9,58.5,0,1,4
2026-05-22 02:00:00,commercial,213.64,17.5,56.0,0,2,4
2026-05-22 03:00:00,commercial,229.86,12.0,55.3,0,3,4
2026-05-22 04:00:00,commercial,213.69,17.6,64.1,0,4,4
2026-05-22 05:00:00,commercial,253.08,17.5,60.2,0,5,4
2026-05-22 06:00:00,commercial,305.86,18.1,61.1,0,6,4
2026-05-22 07:00:00,commercial,391.15,18.8,54.6,0,7,4
2026-05-22 08:00:00,commercial,610.92,22.5,57.5,0,8,4
2026-05-22 09:00:00,commercial,752.22,23.8,43.5,0,9,4
2026-05-22 10:00:00,commercial,781.19,22.8,53.4,0,10,4
2026-05-22 11:00:00,commercial,843.79,26.0,41.0,0,11,4
2026-05-22 12:00:00,commercial,849.23,25.2,45.8,0,12,4
2026-05-22 13:00:00,commercial,838.35,25.5,47.9,0,13,4
2026-05-22 14:00:00,commercial,868.97,27.2,40.4,0,14,4
2026-05-22 15:00:00,commercial,889.3,29.7,42.8,0,15,4
2026-05-22 16:00:00,commercial,869.72,29.6,48.2,0,16,4
2026-05-22 17:00:00,commercial,826.49,28.3,44.6,0,17,4
2026-05-22 18:00:00,commercial,667.72,27.7,46.2,0,18,4
2026-05-22 19:00:00,commercial,486.67,26.2,39.1,0,19,4
2026-05-22 20:00:00,commercial,277.67,23.0,49.6,0,20,4
2026-05-22 21:00:00,commercial,257.47,23.0,51.2,0,21,4
2026-05-22 22:00:00,commercial,213.76,22.0,52.0,0,22,4
2026-05-22 23:00:00,commercial,251.95,20.5,49.2,0,23,4
2026-05-23 00:00:00,commercial,246.54,20.0,55.7,1,0,5
2026-05-23 01:00:00,commercial,191.34,18.3,52.5,1,1,5
2026-05-23 02:00:00,commercial,194.84,17.2,65.9,1,2,5
2026-05-23 03:00:00,commercial,203.94,18.1,54.5,1,3,5
2026-05-23 04:00:00,commercial,243.55,16.6,60.4,1,4,5
2026-05-23 05:00:00,commercial,214.12,15.9,64.7,1,5,5
2026-05-23 06:00:00,commercial,229.35,18.0,51.0,1,6,5
2026-05-23 07:00:00,commercial,292.8,18.3,54.2,1,7,5
2026-05-23 08:00:00,commercial,335.32,19.9,59.5,1,8,5
2026-05-23 09:00:00,commercial,382.17,22.2,58.9,1,9,5
2026-05-23 10:00:00,commercial,428.01,22.8,51.0,1,10,5
2026-05-23 11:00:00,commercial,423.89,25.0,43.4,1,11,5
2026-05-23 12:00:00,commercial,435.92,23.9,51.4,1,12,5
2026-05-23 13:00:00,commercial,442.32,28.0,36.4,1,13,5
2026-05-23 14:00:00,commercial,446.21,28.3,48.2,1,14,5
2026-05-23 15:00:00,commercial,439.15,27.2,50.2,1,15,5
2026-05-23 16:00:00,commercial,437.12,29.2,38.3,1,16,5
2026-05-23 17:00:00,commercial,435.08,29.1,51.8,1,17,5
2026-05-23 18:00:00,commercial,352.4,24.3,57.6,1,18,5
2026-05-23 19:00:00,commercial,291.21,24.3,62.0,1,19,5
2026-05-23 20:00:00,commercial,277.39,22.9,48.1,1,20,5
2026-05-23 21:00:00,commercial,216.4,21.0,51.7,1,21,5
2026-05-23 22:00:00,commercial,223.98,22.1,44.5,1,22,5
2026-05-23 23:00:00,commercial,249.65,19.2,58.9,1,23,5
2026-05-24 00:00:00,commercial,241.25,17.9,59.4,1,0,6
2026-05-24 01:00:00,commercial,202.12,14.3,67.8,1,1,6
2026-05-24 02:00:00,commercial,192.8,17.7,59.0,1,2,6
2026-05-24 03:00:00,commercial,265.9,14.7,64.4,1,3,6
2026-05-24 04:00:00,commercial,233.46,16.8,56.4,1,4,6
2026-05-24 05:00:00,commercial,253.49,17.8,57.6,1,5,6
2026-05-24 06:00:00,commercial,234.69,20.3,52.1,1,6,6
2026-05-24 07:00:00,commercial,256.76,17.6,62.3,1,7,6
2026-05-24 08:00:00,commercial,362.24,16.5,56.0,1,8,6
2026-05-24 09:00:00,commercial,395.05,22.8,52.6,1,9,6
2026-05-24 10:00:00,commercial,441.29,26.8,40.8,1,10,6
2026-05-24 11:00:00,commercial,452.13,27.4,39.0,1,11,6
2026-05-24 12:00:00,commercial,446.27,27.1,40.8,1,12,6
2026-05-24 13:00:00,commercial,435.1,27.0,48.0,1,13,6
2026-05-24 14:00:00,commercial,420.56,29.5,36.8,1,14,6
2026-05-24 15:00:00,commercial,465.1,27.1,40.7,1,15,6
2026-05-24 16:00:00,commercial,413.9,29.0,50.6,1,16,6
2026-05-24 17:00:00,commercial,436.94,28.5,47.1,1,17,6
2026-05-24 18:00:00,commercial,410.37,28.4,43.7,1,18,6
2026-05-24 19:00:00,commercial,340.36,29.7,35.5,1,19,6
2026-05-24 20:00:00,commercial,258.28,24.7,44.1,1,20,6
2026-05-24 21:00:00,commercial,223.16,21.8,42.3,1,21,6
2026-05-24 22:00:00,commercial,198.76,20.9,52.1,1,22,6
2026-05-24 23:00:00,commercial,213.38,16.9,57.4,1,23,6
2026-05-25 00:00:00,commercial,219.02,17.3,56.3,0,0,0
2026-05-25 01:00:00,commercial,229.85,16.8,55.8,0,1,0
2026-05-25 02:00:00,commercial,223.15,16.0,63.8,0,2,0
2026-05-25 03:00:00,commercial,189.0,16.8,56.8,0,3,0
2026-05-25 04:00:00,commercial,202.95,15.6,60.1,0,4,0
2026-05-25 05:00:00,commercial,216.07,19.1,60.0,0,5,0
2026-05-25 06:00:00,commercial,297.94,18.4,56.9,0,6,0
2026-05-25 07:00:00,commercial,410.44,19.6,52.9,0,7,0
2026-05-25 08:00:00,commercial,602.26,20.6,54.9,0,8,0
2026-05-25 09:00:00,commercial,741.38,22.8,49.5,0,9,0
2026-05-25 10:00:00,commercial,836.57,25.4,42.8,0,10,0
2026-05-25 11:00:00,commercial,804.45,24.3,47.0,0,11,0
2026-05-25 12:00:00,commercial,858.58,25.9,47.0,0,12,0
2026-05-25 13:00:00,commercial,860.68,27.4,44.4,0,13,0
2026-05-25 14:00:00,commercial,859.79,26.4,53.9,0,14,0
2026-05-25 15:00:00,commercial,847.89,27.4,47.1,0,15,0
2026-05-25 16:00:00,commercial,824.04,27.7,46.6,0,16,0
2026-05-25 17:00:00,commercial,871.42,29.1,52.6,0,17,0
2026-05-25 18:00:00,commercial,693.02,27.2,34.2,0,18,0
2026-05-25 19:00:00,commercial,457.69,25.9,52.0,0,19,0
2026-05-25 20:00:00,commercial,325.81,25.4,46.9,0,20,0
2026-05-25 21:00:00,commercial,252.88,22.4,52.0,0,21,0
2026-05-25 22:00:00,commercial,233.68,21.6,45.6,0,22,0
2026-05-25 23:00:00,commercial,255.56,19.5,48.7,0,23,0
2026-05-26 00:00:00,commercial,191.14,18.8,52.3,0,0,1
2026-05-26 01:00:00,commercial,246.51,16.6,67.8,0,1,1
2026-05-26 02:00:00,commercial,211.24,13.2,59.2,0,2,1
2026-05-26 03:00:00,commercial,183.76,16.5,69.9,0,3,1
2026-05-26 04:00:00,commercial,220.46,19.0,56.7,0,4,1
2026-05-26 05:00:00,commercial,237.76,18.9,54.3,0,5,1
2026-05-26 06:00:00,commercial,245.53,19.9,49.4,0,6,1
2026-05-26 07:00:00,commercial,414.82,21.5,64.2,0,7,1
2026-05-26 08:00:00,commercial,579.08,21.3,52.8,0,8,1
2026-05-26 09:00:00,commercial,749.04,23.0,42.6,0,9,1
2026-05-26 10:00:00,commercial,769.41,23.3,50.2,0,10,1
2026-05-26 11:00:00,commercial,841.41,25.2,45.1,0,11,1
2026-05-26 12:00:00,commercial,839.57,27.9,44.4,0,12,1
2026-05-26 13:00:00,commercial,891.52,29.7,47.3,0,13,1
2026-05-26 14:00:00,commercial,860.7,28.3,48.0,0,14,1
2026-05-26 15:00:00,commercial,876.3,28.0,41.5,0,15,1
2026-05-26 16:00:00,commercial,875.5,28.5,40.7,0,16,1
2026-05-26 17:00:00,commercial,823.44,28.8,38.5,0,17,1
2026-05-26 18:00:00,commercial,637.7,24.8,50.7,0,18,1
2026-05-26 19:00:00,commercial,430.86,22.2,44.0,0,19,1
2026-05-26 20:00:00,commercial,324.89,23.4,55.7,0,20,1
2026-05-26 21:00:00,commercial,218.27,20.9,49.7,0,21,1
2026-05-26 22:00:00,commercial,215.42,20.4,50.0,0,22,1
2026-05-26 23:00:00,commercial,211.76,19.5,60.5,0,23,1
2026-05-27 00:00:00,commercial,213.15,17.8,57.3,0,0,2
2026-05-27 01:00:00,commercial,248.5,19.7,63.9,0,1,2
2026-05-27 02:00:00,commercial,212.1,17.5,65.8,0,2,2
2026-05-27 03:00:00,commercial,190.92,17.2,58.9,0,3,2
2026-05-27 04:00:00,commercial,211.81,17.9,56.7,0,4,2
2026-05-27 05:00:00,commercial,242.22,15.9,60.7,0,5,2
2026-05-27 06:00:00,commercial,256.71,20.1,53.0,0,6,2
2026-05-27 07:00:00,commercial,396.52,19.7,60.6,0,7,2
2026-05-27 08:00:00,commercial,615.82,22.2,47.3,0,8,2
2026-05-27 09:00:00,commercial,700.9,21.2,59.0,0,9,2
2026-05-27 10:00:00,commercial,773.44,22.0,51.3,0,10,2
2026-05-27 11:00:00,commercial,861.13,27.0,49.9,0,11,2
2026-05-27 12:00:00,commercial,876.17,27.6,44.6,0,12,2
2026-05-27 13:00:00,commercial,861.14,26.6,46.3,0,13,2
2026-05-27 14:00:00,commercial,838.11,27.3,47.0,0,14,2
2026-05-27 15:00:00,commercial,897.9,30.5,38.6,0,15,2
2026-05-27 16:00:00,commercial,874.29,26.8,53.0,0,16,2
2026-05-27 17:00:00,commercial,862.18,30.4,55.2,0,17,2
2026-05-27 18:00:00,commercial,662.72,25.7,44.6,0,18,2
2026-05-27 19:00:00,commercial,465.77,26.7,43.3,0,19,2
2026-05-27 20:00:00,commercial,290.06,23.8,45.2,0,20,2
2026-05-27 21:00:00,commercial,275.34,23.7,54.1,0,21,2
2026-05-27 22:00:00,commercial,232.88,20.4,54.2,0,22,2
2026-05-27 23:00:00,commercial,232.77,19.5,50.5,0,23,2
2026-05-28 00:00:00,commercial,199.02,18.7,53.1,0,0,3
2026-05-28 01:00:00,commercial,210.86,16.1,58.4,0,1,3
2026-05-28 02:00:00,commercial,223.31,18.2,57.3,0,2,3
2026-05-28 03:00:00,commercial,218.13,16.1,55.1,0,3,3
2026-05-28 04:00:00,commercial,204.18,16.7,53.6,0,4,3
2026-05-28 05:00:00,commercial,242.73,16.2,58.3,0,5,3
2026-05-28 06:00:00,commercial,284.82,14.8,58.3,0,6,3
2026-05-28 07:00:00,commercial,376.75,19.6,60.1,0,7,3
2026-05-28 08:00:00,commercial,637.71,24.9,46.8,0,8,3
2026-05-28 09:00:00,commercial,784.63,24.0,51.7,0,9,3
2026-05-28 10:00:00,commercial,800.35,24.4,39.1,0,10,3
2026-05-28 11:00:00,commercial,820.29,25.5,54.2,0,11,3
2026-05-28 12:00:00,commercial,888.05,27.1,42.6,0,12,3
2026-05-28 13:00:00,commercial,879.59,28.9,36.4,0,13,3
2026-05-28 14:00:00,commercial,866.5,26.9,47.1,0,14,3
2026-05-28 15:00:00,commercial,867.35,30.5,36.6,0,15,3
2026-05-28 16:00:00,commercial,895.28,29.7,45.2,0,16,3
2026-05-28 17:00:00,commercial,847.48,29.1,44.8,0,17,3
2026-05-28 18:00:00,commercial,725.82,27.7,45.4,0,18,3
2026-05-28 19:00:00,commercial,475.2,25.9,42.2,0,19,3
2026-05-28 20:00:00,commercial,357.6,25.4,47.9,0,20,3
2026-05-28 21:00:00,commercial,274.68,23.7,48.7,0,21,3
2026-05-28 22:00:00,commercial,190.9,20.8,46.3,0,22,3
2026-05-28 23:00:00,commercial,213.95,19.0,49.1,0,23,3
2026-05-29 00:00:00,commercial,251.69,18.8,56.8,0,0,4
2026-05-29 01:00:00,commercial,215.4,20.0,62.9,0,1,4
2026-05-29 02:00:00,commercial,258.36,15.3,58.1,0,2,4
2026-05-29 03:00:00,commercial,238.55,14.7,57.5,0,3,4
2026-05-29 04:00:00,commercial,220.41,17.4,51.5,0,4,4
2026-05-29 05:00:00,commercial,247.41,17.8,57.2,0,5,4
2026-05-29 06:00:00,commercial,258.56,18.9,57.9,0,6,4
2026-05-29 07:00:00,commercial,381.31,20.3,58.3,0,7,4
2026-05-29 08:00:00,commercial,629.96,21.0,55.1,0,8,4
2026-05-29 09:00:00,commercial,780.11,25.2,49.0,0,9,4
2026-05-29 10:00:00,commercial,764.68,22.1,50.2,0,10,4
2026-05-29 11:00:00,commercial,822.23,24.7,56.6,0,11,4
2026-05-29 12:00:00,commercial,856.81,27.0,49.0,0,12,4
2026-05-29 13:00:00,commercial,823.65,25.7,44.2,0,13,4
2026-05-29 14:00:00,commercial,884.41,28.5,35.5,0,14,4
2026-05-29 15:00:00,commercial,936.22,31.4,46.1,0,15,4
2026-05-29 16:00:00,commercial,874.87,28.7,39.5,0,16,4
2026-05-29 17:00:00,commercial,831.06,28.5,40.5,0,17,4
2026-05-29 18:00:00,commercial,643.75,25.3,54.1,0,18,4
2026-05-29 19:00:00,commercial,507.7,25.0,51.0,0,19,4
2026-05-29 20:00:00,commercial,250.15,23.9,47.9,0,20,4
2026-05-29 21:00:00,commercial,245.83,22.4,51.2,0,21,4
2026-05-29 22:00:00,commercial,262.08,23.3,56.4,0,22,4
2026-05-29 23:00:00,commercial,229.36,20.8,56.4,0,23,4
2026-05-30 00:00:00,commercial,214.31,17.1,57.0,1,0,5
2026-05-30 01:00:00,commercial,235.96,18.2,47.0,1,1,5
2026-05-30 02:00:00,commercial,212.75,18.0,57.8,1,2,5
2026-05-30 03:00:00,commercial,204.83,18.7,59.6,1,3,5
2026-05-30 04:00:00,commercial,227.46,19.6,55.7,1,4,5
2026-05-30 05:00:00,commercial,256.5,16.3,52.8,1,5,5
2026-05-30 06:00:00,commercial,264.54,17.5,54.5,1,6,5
2026-05-30 07:00:00,commercial,258.06,18.1,57.0,1,7,5
2026-05-30 08:00:00,commercial,365.71,21.1,50.8,1,8,5
2026-05-30 09:00:00,commercial,400.74,23.7,50.0,1,9,5
2026-05-30 10:00:00,commercial,414.47,26.0,60.1,1,10,5
2026-05-30 11:00:00,commercial,475.87,25.9,45.4,1,11,5
2026-05-30 12:00:00,commercial,451.71,26.8,51.0,1,12,5
2026-05-30 13:00:00,commercial,450.36,28.4,51.3,1,13,5
2026-05-30 14:00:00,commercial,450.4,27.5,43.6,1,14,5
2026-05-30 15:00:00,commercial,479.69,32.1,45.9,1,15,5
2026-05-30 16:00:00,commercial,431.62,26.4,43.8,1,16,5
2026-05-30 17:00:00,commercial,441.13,28.5,52.3,1,17,5
2026-05-30 18:00:00,commercial,424.3,30.3,43.6,1,18,5
2026-05-30 19:00:00,commercial,303.68,26.0,49.6,1,19,5
2026-05-30 20:00:00,commercial,260.96,24.3,48.4,1,20,5
2026-05-30 21:00:00,commercial,235.0,22.5,59.1,1,21,5
2026-05-30 22:00:00,commercial,216.16,21.2,60.1,1,22,5
2026-05-30 23:00:00,commercial,230.79,22.1,48.6,1,23,5
2026-05-31 00:00:00,commercial,216.44,15.5,61.8,1,0,6
2026-05-31 01:00:00,commercial,184.2,20.2,49.1,1,1,6
2026-05-31 02:00:00,commercial,221.83,15.1,60.3,1,2,6
2026-05-31 03:00:00,commercial,240.55,16.7,56.9,1,3,6
2026-05-31 04:00:00,commercial,238.11,16.6,60.7,1,4,6
2026-05-31 05:00:00,commercial,249.04,18.8,52.9,1,5,6
2026-05-31 06:00:00,commercial,240.36,16.4,65.5,1,6,6
2026-05-31 07:00:00,commercial,284.66,20.8,50.3,1,7,6
2026-05-31 08:00:00,commercial,397.73,24.6,53.9,1,8,6
2026-05-31 09:00:00,commercial,382.25,21.0,57.2,1,9,6
2026-05-31 10:00:00,commercial,433.87,24.9,44.6,1,10,6
2026-05-31 11:00:00,commercial,433.34,25.1,56.1,1,11,6
2026-05-31 12:00:00,commercial,456.48,28.0,45.0,1,12,6
2026-05-31 13:00:00,commercial,436.4,28.3,45.8,1,13,6
2026-05-31 14:00:00,commercial,434.52,27.9,50.7,1,14,6
2026-05-31 15:00:00,commercial,524.07,29.8,44.2,1,15,6
2026-05-31 16:00:00,commercial,422.29,31.6,45.3,1,16,6
2026-05-31 17:00:00,commercial,455.58,28.0,51.5,1,17,6
2026-05-31 18:00:00,commercial,416.12,28.4,44.9,1,18,6
2026-05-31 19:00:00,commercial,288.96,24.1,45.6,1,19,6
2026-05-31 20:00:00,commercial,244.43,23.2,46.5,1,20,6
2026-05-31 21:00:00,commercial,242.17,23.8,47.0,1,21,6
2026-05-31 22:00:00,commercial,239.58,23.8,43.3,1,22,6
2026-05-31 23:00:00,commercial,228.89,20.6,57.2,1,23,6
2026-06-01 00:00:00,commercial,210.21,18.4,60.0,0,0,0
2026-06-01 01:00:00,commercial,244.61,18.0,51.5,0,1,0
2026-06-01 02:00:00,commercial,216.77,15.5,55.3,0,2,0
2026-06-01 03:00:00,commercial,218.51,18.1,64.2,0,3,0
2026-06-01 04:00:00,commercial,207.12,18.7,63.4,0,4,0
2026-06-01 05:00:00,commercial,246.53,17.3,61.8,0,5,0
2026-06-01 06:00:00,commercial,265.7,18.2,54.8,0,6,0
2026-06-01 07:00:00,commercial,414.31,20.6,48.1,0,7,0
2026-06-01 08:00:00,commercial,598.46,20.9,47.2,0,8,0
2026-06-01 09:00:00,commercial,791.9,23.1,51.8,0,9,0
2026-06-01 10:00:00,commercial,836.65,27.9,53.6,0,10,0
2026-06-01 11:00:00,commercial,841.89,25.8,43.0,0,11,0
2026-06-01 12:00:00,commercial,867.82,26.9,40.5,0,12,0
2026-06-01 13:00:00,commercial,803.76,27.4,40.3,0,13,0
2026-06-01 14:00:00,commercial,894.73,30.1,46.1,0,14,0
2026-06-01 15:00:00,commercial,874.33,28.9,49.8,0,15,0
2026-06-01 16:00:00,commercial,845.62,28.0,39.3,0,16,0
2026-06-01 17:00:00,commercial,851.92,30.3,40.0,0,17,0
2026-06-01 18:00:00,commercial,733.56,29.5,41.1,0,18,0
2026-06-01 19:00:00,commercial,469.22,25.3,47.0,0,19,0
2026-06-01 20:00:00,commercial,297.21,21.9,55.0,0,20,0
2026-06-01 21:00:00,commercial,245.88,24.7,49.5,0,21,0
2026-06-01 22:00:00,commercial,240.28,20.6,55.0,0,22,0
2026-06-01 23:00:00,commercial,221.11,21.3,56.7,0,23,0
2026-06-02 00:00:00,commercial,244.17,16.0,65.7,0,0,1
2026-06-02 01:00:00,commercial,211.04,19.4,53.8,0,1,1
2026-06-02 02:00:00,commercial,219.37,15.6,57.2,0,2,1
2026-06-02 03:00:00,commercial,242.58,18.3,54.0,0,3,1
2026-06-02 04:00:00,commercial,219.08,17.5,62.1,0,4,1
2026-06-02 05:00:00,commercial,238.98,16.6,60.8,0,5,1
2026-06-02 06:00:00,commercial,288.02,18.4,50.1,0,6,1
2026-06-02 07:00:00,commercial,362.15,21.3,48.9,0,7,1
2026-06-02 08:00:00,commercial,613.3,21.8,45.5,0,8,1
2026-06-02 09:00:00,commercial,777.62,24.1,59.6,0,9,1
2026-06-02 10:00:00,commercial,855.95,27.8,44.3,0,10,1
2026-06-02 11:00:00,commercial,791.34,23.9,48.2,0,11,1
2026-06-02 12:00:00,commercial,895.91,29.9,43.8,0,12,1
2026-06-02 13:00:00,commercial,885.34,28.6,51.6,0,13,1
2026-06-02 14:00:00,commercial,885.55,27.7,38.9,0,14,1
2026-06-02 15:00:00,commercial,869.42,27.2,51.1,0,15,1
2026-06-02 16:00:00,commercial,869.32,28.7,48.3,0,16,1
2026-06-02 17:00:00,commercial,864.72,29.8,52.5,0,17,1
2026-06-02 18:00:00,commercial,668.54,27.3,37.9,0,18,1
2026-06-02 19:00:00,commercial,526.01,28.5,51.4,0,19,1
2026-06-02 20:00:00,commercial,266.57,22.6,45.6,0,20,1
2026-06-02 21:00:00,commercial,261.64,23.2,49.2,0,21,1
2026-06-02 22:00:00,commercial,250.05,19.8,56.6,0,22,1
2026-06-02 23:00:00,commercial,245.92,20.8,62.4,0,23,1
2026-06-03 00:00:00,commercial,232.54,20.4,62.2,0,0,2
2026-06-03 01:00:00,commercial,210.48,17.5,67.2,0,1,2
2026-06-03 02:00:00,commercial,248.08,13.6,59.1,0,2,2
2026-06-03 03:00:00,commercial,228.55,17.6,60.5,0,3,2
2026-06-03 04:00:00,commercial,218.53,18.2,59.4,0,4,2
2026-06-03 05:00:00,commercial,227.76,18.7,49.8,0,5,2
2026-06-03 06:00:00,commercial,252.88,20.9,63.0,0,6,2
2026-06-03 07:00:00,commercial,365.42,18.7,58.4,0,7,2
2026-06-03 08:00:00,commercial,790.21,22.8,46.7,0,8,2
2026-06-03 09:00:00,commercial,739.36,25.1,54.3,0,9,2
2026-06-03 10:00:00,commercial,815.05,22.2,53.6,0,10,2
2026-06-03 11:00:00,commercial,863.53,26.8,50.9,0,11,2
2026-06-03 12:00:00,commercial,849.19,26.8,46.4,0,12,2
2026-06-03 13:00:00,commercial,874.39,28.4,50.2,0,13,2
2026-06-03 14:00:00,commercial,881.47,29.6,38.7,0,14,2
2026-06-03 15:00:00,commercial,863.53,28.6,55.4,0,15,2
2026-06-03 16:00:00,commercial,889.07,28.1,46.4,0,16,2
2026-06-03 17:00:00,commercial,831.48,28.6,52.5,0,17,2
2026-06-03 18:00:00,commercial,662.33,25.9,42.3,0,18,2
2026-06-03 19:00:00,commercial,438.77,24.7,63.4,0,19,2
2026-06-03 20:00:00,commercial,323.52,25.9,48.3,0,20,2
2026-06-03 21:00:00,commercial,259.98,21.6,48.0,0,21,2
2026-06-03 22:00:00,commercial,297.77,22.8,47.9,0,22,2
2026-06-03 23:00:00,commercial,209.71,21.0,52.3,0,23,2
2026-06-04 00:00:00,commercial,249.0,16.6,63.1,0,0,3
2026-06-04 01:00:00,commercial,228.87,17.2,65.8,0,1,3
2026-06-04 02:00:00,commercial,214.19,19.4,59.0,0,2,3
2026-06-04 03:00:00,commercial,225.07,15.9,57.6,0,3,3
2026-06-04 04:00:00,commercial,232.06,16.9,59.9,0,4,3
2026-06-04 05:00:00,commercial,269.39,18.9,61.5,0,5,3
2026-06-04 06:00:00,commercial,276.28,20.3,54.2,0,6,3
2026-06-04 07:00:00,commercial,408.19,20.0,61.5,0,7,3
2026-06-04 08:00:00,commercial,596.26,20.9,50.4,0,8,3
2026-06-04 09:00:00,commercial,783.76,25.5,52.9,0,9,3
2026-06-04 10:00:00,commercial,867.68,27.6,48.6,0,10,3
2026-06-04 11:00:00,commercial,865.26,27.9,45.2,0,11,3
2026-06-04 12:00:00,commercial,880.09,27.8,46.1,0,12,3
2026-06-04 13:00:00,commercial,872.35,27.4,42.7,0,13,3
2026-06-04 14:00:00,commercial,886.1,27.9,42.6,0,14,3
2026-06-04 15:00:00,commercial,900.87,30.2,39.7,0,15,3
2026-06-04 16:00:00,commercial,924.53,29.8,44.6,0,16,3
2026-06-04 17:00:00,commercial,841.47,30.7,49.3,0,17,3
2026-06-04 18:00:00,commercial,705.89,28.6,40.8,0,18,3
2026-06-04 19:00:00,commercial,448.85,24.1,43.6,0,19,3
2026-06-04 20:00:00,commercial,347.14,26.5,45.4,0,20,3
2026-06-04 21:00:00,commercial,225.78,21.9,48.8,0,21,3
2026-06-04 22:00:00,commercial,211.13,21.3,58.2,0,22,3
2026-06-04 23:00:00,commercial,201.28,20.8,60.6,0,23,3
2026-06-05 00:00:00,commercial,222.26,22.2,55.8,0,0,4
2026-06-05 01:00:00,commercial,258.14,22.9,61.9,0,1,4
2026-06-05 02:00:00,commercial,195.07,18.6,57.8,0,2,4
2026-06-05 03:00:00,commercial,247.72,17.2,59.2,0,3,4
2026-06-05 04:00:00,commercial,230.05,18.5,56.5,0,4,4
2026-06-05 05:00:00,commercial,221.73,19.6,49.9,0,5,4
2026-06-05 06:00:00,commercial,264.94,18.7,57.1,0,6,4
2026-06-05 07:00:00,commercial,447.85,23.2,45.4,0,7,4
2026-06-05 08:00:00,commercial,603.34,22.3,54.8,0,8,4
2026-06-05 09:00:00,commercial,762.06,24.2,56.8,0,9,4
2026-06-05 10:00:00,commercial,807.82,26.0,46.4,0,10,4
2026-06-05 11:00:00,commercial,819.35,27.1,45.6,0,11,4
2026-06-05 12:00:00,commercial,910.6,29.0,45.3,0,12,4
2026-06-05 13:00:00,commercial,1086.84,27.7,56.4,0,13,4
2026-06-05 14:00:00,commercial,852.0,28.4,51.1,0,14,4
2026-06-05 15:00:00,commercial,898.98,27.8,43.7,0,15,4
2026-06-05 16:00:00,commercial,904.18,29.9,32.2,0,16,4
2026-06-05 17:00:00,commercial,833.65,29.8,41.2,0,17,4
2026-06-05 18:00:00,commercial,697.06,28.4,34.9,0,18,4
2026-06-05 19:00:00,commercial,514.38,29.0,47.6,0,19,4
2026-06-05 20:00:00,commercial,327.54,25.0,47.7,0,20,4
2026-06-05 21:00:00,commercial,260.62,24.5,49.8,0,21,4
2026-06-05 22:00:00,commercial,233.23,20.3,57.1,0,22,4
2026-06-05 23:00:00,commercial,239.75,19.9,56.1,0,23,4
2026-06-06 00:00:00,commercial,245.33,20.3,57.6,1,0,5
2026-06-06 01:00:00,commercial,216.22,19.6,52.5,1,1,5
2026-06-06 02:00:00,commercial,213.0,17.3,56.5,1,2,5
2026-06-06 03:00:00,commercial,210.04,17.4,56.3,1,3,5
2026-06-06 04:00:00,commercial,231.9,15.5,59.6,1,4,5
2026-06-06 05:00:00,commercial,212.42,17.8,54.4,1,5,5
2026-06-06 06:00:00,commercial,246.2,20.6,59.0,1,6,5
2026-06-06 07:00:00,commercial,275.0,21.4,46.9,1,7,5
2026-06-06 08:00:00,commercial,366.07,22.7,55.9,1,8,5
2026-06-06 09:00:00,commercial,440.28,23.6,49.6,1,9,5
2026-06-06 10:00:00,commercial,469.18,25.1,50.6,1,10,5
2026-06-06 11:00:00,commercial,407.0,25.6,39.4,1,11,5
2026-06-06 12:00:00,commercial,453.16,28.8,42.5,1,12,5
2026-06-06 13:00:00,commercial,468.22,29.4,43.4,1,13,5
2026-06-06 14:00:00,commercial,473.26,30.1,51.2,1,14,5
2026-06-06 15:00:00,commercial,439.24,28.8,43.2,1,15,5
2026-06-06 16:00:00,commercial,455.93,26.1,41.5,1,16,5
2026-06-06 17:00:00,commercial,486.55,30.4,34.8,1,17,5
2026-06-06 18:00:00,commercial,374.43,27.1,39.9,1,18,5
2026-06-06 19:00:00,commercial,307.5,25.3,45.1,1,19,5
2026-06-06 20:00:00,commercial,245.2,26.1,48.2,1,20,5
2026-06-06 21:00:00,commercial,233.51,23.0,46.2,1,21,5
2026-06-06 22:00:00,commercial,217.35,23.6,52.6,1,22,5
2026-06-06 23:00:00,commercial,207.05,21.5,41.4,1,23,5
2026-06-07 00:00:00,commercial,203.85,20.4,52.4,1,0,6
2026-06-07 01:00:00,commercial,207.7,16.4,54.5,1,1,6
2026-06-07 02:00:00,commercial,238.25,19.6,58.6,1,2,6
2026-06-07 03:00:00,commercial,204.61,18.0,55.7,1,3,6
2026-06-07 04:00:00,commercial,299.29,17.3,52.6,1,4,6
2026-06-07 05:00:00,commercial,222.57,18.6,53.3,1,5,6
2026-06-07 06:00:00,commercial,228.26,16.7,58.4,1,6,6
2026-06-07 07:00:00,commercial,267.92,21.2,55.6,1,7,6
2026-06-07 08:00:00,commercial,350.05,20.5,51.0,1,8,6
2026-06-07 09:00:00,commercial,394.07,21.6,49.0,1,9,6
2026-06-07 10:00:00,commercial,447.53,22.9,52.8,1,10,6
2026-06-07 11:00:00,commercial,487.59,28.3,38.2,1,11,6
2026-06-07 12:00:00,commercial,422.16,26.9,48.0,1,12,6
2026-06-07 13:00:00,commercial,456.72,31.1,29.5,1,13,6
2026-06-07 14:00:00,commercial,430.66,28.6,44.7,1,14,6
2026-06-07 15:00:00,commercial,430.06,27.1,47.3,1,15,6
2026-06-07 16:00:00,commercial,415.51,27.7,50.6,1,16,6
2026-06-07 17:00:00,commercial,420.12,30.7,49.4,1,17,6
2026-06-07 18:00:00,commercial,398.31,27.6,40.9,1,18,6
2026-06-07 19:00:00,commercial,302.69,25.8,46.2,1,19,6
2026-06-07 20:00:00,commercial,250.06,25.4,53.2,1,20,6
2026-06-07 21:00:00,commercial,241.8,24.4,57.1,1,21,6
2026-06-07 22:00:00,commercial,235.76,23.7,49.4,1,22,6
2026-06-07 23:00:00,commercial,215.67,22.8,55.9,1,23,6
2026-06-08 00:00:00,commercial,242.27,18.9,64.1,0,0,0
2026-06-08 01:00:00,commercial,231.68,16.5,57.1,0,1,0
2026-06-08 02:00:00,commercial,227.54,17.3,52.3,0,2,0
2026-06-08 03:00:00,commercial,245.36,18.1,50.9,0,3,0
2026-06-08 04:00:00,commercial,225.95,16.5,56.1,0,4,0
2026-06-08 05:00:00,commercial,215.57,17.1,67.4,0,5,0
2026-06-08 06:00:00,commercial,255.67,20.0,56.4,0,6,0
2026-06-08 07:00:00,commercial,382.5,20.6,47.6,0,7,0
2026-06-08 08:00:00,commercial,625.39,22.2,42.1,0,8,0
2026-06-08 09:00:00,commercial,759.27,22.6,53.8,0,9,0
2026-06-08 10:00:00,commercial,855.43,24.9,49.7,0,10,0
2026-06-08 11:00:00,commercial,856.97,25.3,42.0,0,11,0
2026-06-08 12:00:00,commercial,903.87,29.3,32.7,0,12,0
2026-06-08 13:00:00,commercial,949.68,30.4,43.1,0,13,0
2026-06-08 14:00:00,commercial,825.54,26.7,53.3,0,14,0
2026-06-08 15:00:00,commercial,894.37,28.3,46.0,0,15,0
2026-06-08 16:00:00,commercial,830.01,27.3,53.1,0,16,0
2026-06-08 17:00:00,commercial,839.09,27.9,40.3,0,17,0
2026-06-08 18:00:00,commercial,686.71,27.8,39.8,0,18,0
2026-06-08 19:00:00,commercial,433.8,24.5,55.7,0,19,0
2026-06-08 20:00:00,commercial,320.52,23.9,47.1,0,20,0
2026-06-08 21:00:00,commercial,274.96,22.2,57.7,0,21,0
2026-06-08 22:00:00,commercial,254.73,22.5,45.8,0,22,0
2026-06-08 23:00:00,commercial,223.72,20.8,51.6,0,23,0
2026-06-09 00:00:00,commercial,229.91,18.5,48.4,0,0,1
2026-06-09 01:00:00,commercial,204.19,18.8,55.6,0,1,1
2026-06-09 02:00:00,commercial,215.18,17.2,60.7,0,2,1
2026-06-09 03:00:00,commercial,218.55,17.4,55.8,0,3,1
2026-06-09 04:00:00,commercial,234.68,20.5,48.2,0,4,1
2026-06-09 05:00:00,commercial,239.84,20.6,58.7,0,5,1
2026-06-09 06:00:00,commercial,267.61,17.6,72.9,0,6,1
2026-06-09 07:00:00,commercial,417.16,22.0,61.5,0,7,1
2026-06-09 08:00:00,commercial,615.57,23.4,45.6,0,8,1
2026-06-09 09:00:00,commercial,693.18,22.1,45.5,0,9,1
2026-06-09 10:00:00,commercial,848.35,26.6,34.1,0,10,1
2026-06-09 11:00:00,commercial,899.1,29.1,44.1,0,11,1
2026-06-09 12:00:00,commercial,874.07,26.3,62.2,0,12,1
2026-06-09 13:00:00,commercial,867.36,27.6,45.8,0,13,1
2026-06-09 14:00:00,commercial,922.93,31.1,40.7,0,14,1
2026-06-09 15:00:00,commercial,874.68,30.2,45.6,0,15,1
2026-06-09 16:00:00,commercial,910.56,30.4,43.8,0,16,1
2026-06-09 17:00:00,commercial,881.22,29.5,54.5,0,17,1
2026-06-09 18:00:00,commercial,705.73,28.6,41.7,0,18,1
2026-06-09 19:00:00,commercial,457.04,24.8,52.0,0,19,1
2026-06-09 20:00:00,commercial,329.46,26.9,50.7,0,20,1
2026-06-09 21:00:00,commercial,263.77,25.5,40.6,0,21,1
2026-06-09 22:00:00,commercial,223.37,21.9,58.4,0,22,1
2026-06-09 23:00:00,commercial,219.9,20.7,52.8,0,23,1
2026-06-10 00:00:00,commercial,202.8,17.3,53.8,0,0,2
2026-06-10 01:00:00,commercial,199.31,19.4,57.5,0,1,2
2026-06-10 02:00:00,commercial,200.7,18.9,63.4,0,2,2
2026-06-10 03:00:00,commercial,219.17,17.8,52.6,0,3,2
2026-06-10 04:00:00,commercial,220.87,19.7,53.8,0,4,2
2026-06-10 05:00:00,commercial,258.56,18.2,62.7,0,5,2
2026-06-10 06:00:00,commercial,296.6,20.5,54.3,0,6,2
2026-06-10 07:00:00,commercial,379.65,19.3,60.0,0,7,2
2026-06-10 08:00:00,commercial,599.06,22.3,48.8,0,8,2
2026-06-10 09:00:00,commercial,750.05,23.6,51.4,0,9,2
2026-06-10 10:00:00,commercial,836.2,25.7,50.0,0,10,2
2026-06-10 11:00:00,commercial,867.46,26.3,46.2,0,11,2
2026-06-10 12:00:00,commercial,841.05,27.9,49.4,0,12,2
2026-06-10 13:00:00,commercial,879.42,30.3,39.5,0,13,2
2026-06-10 14:00:00,commercial,866.25,29.0,44.5,0,14,2
2026-06-10 15:00:00,commercial,861.99,27.4,40.3,0,15,2
2026-06-10 16:00:00,commercial,886.45,32.3,39.0,0,16,2
2026-06-10 17:00:00,commercial,890.91,31.1,44.4,0,17,2
2026-06-10 18:00:00,commercial,699.08,26.2,49.8,0,18,2
2026-06-10 19:00:00,commercial,513.49,27.9,43.2,0,19,2
2026-06-10 20:00:00,commercial,360.7,24.7,53.9,0,20,2
2026-06-10 21:00:00,commercial,266.76,24.3,53.3,0,21,2
2026-06-10 22:00:00,commercial,249.12,22.7,53.6,0,22,2
2026-06-10 23:00:00,commercial,230.52,20.5,59.6,0,23,2
2026-06-11 00:00:00,commercial,238.1,18.5,49.9,0,0,3
2026-06-11 01:00:00,commercial,231.43,17.7,61.4,0,1,3
2026-06-11 02:00:00,commercial,219.22,16.8,68.3,0,2,3
2026-06-11 03:00:00,commercial,236.8,16.7,58.0,0,3,3
2026-06-11 04:00:00,commercial,206.18,18.0,50.7,0,4,3
2026-06-11 05:00:00,commercial,211.77,17.7,58.5,0,5,3
2026-06-11 06:00:00,commercial,281.34,20.7,47.2,0,6,3
2026-06-11 07:00:00,commercial,428.77,23.2,53.1,0,7,3
2026-06-11 08:00:00,commercial,614.79,21.5,58.0,0,8,3
2026-06-11 09:00:00,commercial,772.42,24.3,46.5,0,9,3
2026-06-11 10:00:00,commercial,809.71,26.2,40.7,0,10,3
2026-06-11 11:00:00,commercial,861.93,27.6,41.8,0,11,3
2026-06-11 12:00:00,commercial,914.18,28.3,50.6,0,12,3
2026-06-11 13:00:00,commercial,913.7,30.2,43.4,0,13,3
2026-06-11 14:00:00,commercial,911.61,30.5,38.7,0,14,3
2026-06-11 15:00:00,commercial,899.16,28.1,36.8,0,15,3
2026-06-11 16:00:00,commercial,888.16,31.0,36.3,0,16,3
2026-06-11 17:00:00,commercial,850.72,30.5,47.6,0,17,3
2026-06-11 18:00:00,commercial,673.09,27.0,48.7,0,18,3
2026-06-11 19:00:00,commercial,476.23,27.0,40.8,0,19,3
2026-06-11 20:00:00,commercial,386.85,26.5,40.3,0,20,3
2026-06-11 21:00:00,commercial,274.12,23.6,59.0,0,21,3
2026-06-11 22:00:00,commercial,293.64,24.0,54.8,0,22,3
2026-06-11 23:00:00,commercial,251.48,24.5,45.2,0,23,3
2026-06-12 00:00:00,commercial,231.09,18.6,46.0,0,0,4
2026-06-12 01:00:00,commercial,252.6,16.7,67.6,0,1,4
2026-06-12 02:00:00,commercial,244.19,18.7,54.8,0,2,4
2026-06-12 03:00:00,commercial,242.31,19.1,59.4,0,3,4
2026-06-12 04:00:00,commercial,232.21,17.9,57.7,0,4,4
2026-06-12 05:00:00,commercial,224.03,21.0,49.9,0,5,4
2026-06-12 06:00:00,commercial,292.35,17.8,56.2,0,6,4
2026-06-12 07:00:00,commercial,406.04,22.1,51.7,0,7,4
2026-06-12 08:00:00,commercial,613.19,21.5,53.1,0,8,4
2026-06-12 09:00:00,commercial,783.77,26.6,56.6,0,9,4
2026-06-12 10:00:00,commercial,857.83,28.6,44.7,0,10,4
2026-06-12 11:00:00,commercial,828.79,25.9,54.8,0,11,4
2026-06-12 12:00:00,commercial,871.4,27.4,42.9,0,12,4
2026-06-12 13:00:00,commercial,902.08,30.5,46.6,0,13,4
2026-06-12 14:00:00,commercial,901.53,29.2,44.1,0,14,4
2026-06-12 15:00:00,commercial,922.64,29.9,40.1,0,15,4
2026-06-12 16:00:00,commercial,902.53,29.8,40.6,0,16,4
2026-06-12 17:00:00,commercial,777.19,26.3,44.6,0,17,4
2026-06-12 18:00:00,commercial,703.34,28.2,51.2,0,18,4
2026-06-12 19:00:00,commercial,478.68,26.0,39.9,0,19,4
2026-06-12 20:00:00,commercial,315.68,24.8,49.9,0,20,4
2026-06-12 21:00:00,commercial,311.05,26.2,52.0,0,21,4
2026-06-12 22:00:00,commercial,227.14,20.6,57.7,0,22,4
2026-06-12 23:00:00,commercial,221.36,22.2,56.8,0,23,4
2026-06-13 00:00:00,commercial,211.22,19.4,59.8,1,0,5
2026-06-13 01:00:00,commercial,198.33,18.5,66.2,1,1,5
2026-06-13 02:00:00,commercial,240.53,19.5,53.9,1,2,5
2026-06-13 03:00:00,commercial,220.64,18.6,61.4,1,3,5
2026-06-13 04:00:00,commercial,209.48,19.1,58.2,1,4,5
2026-06-13 05:00:00,commercial,236.0,20.3,55.3,1,5,5
2026-06-13 06:00:00,commercial,246.42,19.3,68.2,1,6,5
2026-06-13 07:00:00,commercial,285.03,20.2,49.5,1,7,5
2026-06-13 08:00:00,commercial,354.9,20.9,55.3,1,8,5
2026-06-13 09:00:00,commercial,406.93,22.9,51.6,1,9,5
2026-06-13 10:00:00,commercial,439.98,30.1,41.0,1,10,5
2026-06-13 11:00:00,commercial,439.85,29.0,45.6,1,11,5
2026-06-13 12:00:00,commercial,438.63,26.3,57.9,1,12,5
2026-06-13 13:00:00,commercial,455.62,27.3,51.0,1,13,5
2026-06-13 14:00:00,commercial,441.91,30.6,40.3,1,14,5
2026-06-13 15:00:00,commercial,488.83,30.9,44.2,1,15,5
2026-06-13 16:00:00,commercial,457.75,30.7,45.6,1,16,5
2026-06-13 17:00:00,commercial,449.17,28.9,46.2,1,17,5
2026-06-13 18:00:00,commercial,419.37,28.1,47.8,1,18,5
2026-06-13 19:00:00,commercial,312.86,27.6,42.6,1,19,5
2026-06-13 20:00:00,commercial,271.87,25.8,48.6,1,20,5
2026-06-13 21:00:00,commercial,227.87,20.8,62.0,1,21,5
2026-06-13 22:00:00,commercial,234.15,22.2,52.8,1,22,5
2026-06-13 23:00:00,commercial,208.35,19.8,55.3,1,23,5
2026-06-14 00:00:00,commercial,239.31,20.2,56.7,1,0,6
2026-06-14 01:00:00,commercial,248.49,23.4,50.5,1,1,6
2026-06-14 02:00:00,commercial,217.05,18.9,64.5,1,2,6
2026-06-14 03:00:00,commercial,221.0,17.7,57.9,1,3,6
2026-06-14 04:00:00,commercial,242.6,19.8,59.5,1,4,6
2026-06-14 05:00:00,commercial,219.0,19.7,55.4,1,5,6
2026-06-14 06:00:00,commercial,254.07,20.6,52.1,1,6,6
2026-06-14 07:00:00,commercial,281.47,22.1,46.2,1,7,6
2026-06-14 08:00:00,commercial,382.86,25.7,51.1,1,8,6
2026-06-14 09:00:00,commercial,384.47,22.5,54.8,1,9,6
2026-06-14 10:00:00,commercial,412.33,26.4,44.2,1,10,6
2026-06-14 11:00:00,commercial,415.65,25.8,52.8,1,11,6
2026-06-14 12:00:00,commercial,423.28,29.2,45.0,1,12,6
2026-06-14 13:00:00,commercial,418.41,28.0,41.3,1,13,6
2026-06-14 14:00:00,commercial,444.3,29.3,36.4,1,14,6
2026-06-14 15:00:00,commercial,443.47,29.7,39.9,1,15,6
2026-06-14 16:00:00,commercial,469.46,31.4,43.9,1,16,6
2026-06-14 17:00:00,commercial,455.07,30.7,26.8,1,17,6
2026-06-14 18:00:00,commercial,375.68,26.5,44.4,1,18,6
2026-06-14 19:00:00,commercial,300.55,27.2,39.5,1,19,6
2026-06-14 20:00:00,commercial,252.59,24.7,47.3,1,20,6
2026-06-14 21:00:00,commercial,227.68,22.3,49.8,1,21,6
2026-06-14 22:00:00,commercial,212.47,22.3,59.9,1,22,6
2026-06-14 23:00:00,commercial,214.32,20.7,51.9,1,23,6
2026-06-15 00:00:00,commercial,259.45,23.6,50.2,0,0,0
2026-06-15 01:00:00,commercial,225.65,19.7,52.4,0,1,0
2026-06-15 02:00:00,commercial,257.14,16.4,54.9,0,2,0
2026-06-15 03:00:00,commercial,209.04,17.4,64.2,0,3,0
2026-06-15 04:00:00,commercial,226.57,20.0,54.8,0,4,0
2026-06-15 05:00:00,commercial,235.14,22.2,49.7,0,5,0
2026-06-15 06:00:00,commercial,261.75,17.6,63.4,0,6,0
2026-06-15 07:00:00,commercial,364.0,18.4,68.6,0,7,0
2026-06-15 08:00:00,commercial,664.78,25.5,46.9,0,8,0
2026-06-15 09:00:00,commercial,787.28,24.8,41.5,0,9,0
2026-06-15 10:00:00,commercial,843.1,24.5,54.5,0,10,0
2026-06-15 11:00:00,commercial,885.34,28.0,42.7,0,11,0
2026-06-15 12:00:00,commercial,813.07,24.5,44.3,0,12,0
2026-06-15 13:00:00,commercial,882.14,29.4,39.0,0,13,0
2026-06-15 14:00:00,commercial,927.25,30.5,51.4,0,14,0
2026-06-15 15:00:00,commercial,947.53,31.6,37.6,0,15,0
2026-06-15 16:00:00,commercial,840.09,28.5,47.4,0,16,0
2026-06-15 17:00:00,commercial,865.68,29.6,40.3,0,17,0
2026-06-15 18:00:00,commercial,671.82,27.1,49.2,0,18,0
2026-06-15 19:00:00,commercial,493.29,27.6,49.9,0,19,0
2026-06-15 20:00:00,commercial,334.46,24.5,49.0,0,20,0
2026-06-15 21:00:00,commercial,285.93,23.6,49.7,0,21,0
2026-06-15 22:00:00,commercial,218.71,21.2,47.4,0,22,0
2026-06-15 23:00:00,commercial,259.12,22.2,53.6,0,23,0
2026-06-16 00:00:00,commercial,225.25,21.4,57.0,0,0,1
2026-06-16 01:00:00,commercial,199.86,18.8,49.7,0,1,1
2026-06-16 02:00:00,commercial,236.15,18.6,62.2,0,2,1
2026-06-16 03:00:00,commercial,220.05,16.1,59.9,0,3,1
2026-06-16 04:00:00,commercial,223.36,18.1,56.3,0,4,1
2026-06-16 05:00:00,commercial,231.27,19.1,55.3,0,5,1
2026-06-16 06:00:00,commercial,314.36,24.0,49.0,0,6,1
2026-06-16 07:00:00,commercial,387.76,19.7,58.7,0,7,1
2026-06-16 08:00:00,commercial,631.33,25.0,41.1,0,8,1
2026-06-16 09:00:00,commercial,769.43,25.8,52.0,0,9,1
2026-06-16 10:00:00,commercial,827.16,26.3,40.8,0,10,1
2026-06-16 11:00:00,commercial,889.76,30.0,45.4,0,11,1
2026-06-16 12:00:00,commercial,877.4,29.1,45.3,0,12,1
2026-06-16 13:00:00,commercial,902.04,30.1,34.4,0,13,1
2026-06-16 14:00:00,commercial,877.53,30.0,40.0,0,14,1
2026-06-16 15:00:00,commercial,944.6,32.2,40.1,0,15,1
2026-06-16 16:00:00,commercial,949.34,31.8,44.5,0,16,1
2026-06-16 17:00:00,commercial,861.68,28.6,40.5,0,17,1
2026-06-16 18:00:00,commercial,694.25,26.6,46.3,0,18,1
2026-06-16 19:00:00,commercial,471.63,27.0,53.8,0,19,1
2026-06-16 20:00:00,commercial,305.17,24.7,54.2,0,20,1
2026-06-16 21:00:00,commercial,246.27,24.2,41.3,0,21,1
2026-06-16 22:00:00,commercial,274.29,24.6,57.3,0,22,1
2026-06-16 23:00:00,commercial,207.76,20.6,59.7,0,23,1
2026-06-17 00:00:00,commercial,206.72,20.1,56.1,0,0,2
2026-06-17 01:00:00,commercial,222.2,19.3,55.6,0,1,2
2026-06-17 02:00:00,commercial,205.01,19.9,54.8,0,2,2
2026-06-17 03:00:00,commercial,199.26,15.0,54.8,0,3,2
2026-06-17 04:00:00,commercial,231.57,17.7,54.7,0,4,2
2026-06-17 05:00:00,commercial,228.53,19.5,59.1,0,5,2
2026-06-17 06:00:00,commercial,294.73,22.0,52.9,0,6,2
2026-06-17 07:00:00,commercial,411.0,20.7,57.1,0,7,2
2026-06-17 08:00:00,commercial,617.46,20.0,56.7,0,8,2
2026-06-17 09:00:00,commercial,785.21,25.3,46.7,0,9,2
2026-06-17 10:00:00,commercial,809.81,25.0,45.6,0,10,2
2026-06-17 11:00:00,commercial,829.64,25.6,43.4,0,11,2
2026-06-17 12:00:00,commercial,834.17,27.7,43.9,0,12,2
2026-06-17 13:00:00,commercial,883.08,29.3,36.3,0,13,2
2026-06-17 14:00:00,commercial,887.3,29.3,51.6,0,14,2
2026-06-17 15:00:00,commercial,865.12,27.1,43.7,0,15,2
2026-06-17 16:00:00,commercial,928.86,31.5,46.7,0,16,2
2026-06-17 17:00:00,commercial,885.2,31.5,42.3,0,17,2
2026-06-17 18:00:00,commercial,729.02,29.6,47.7,0,18,2
2026-06-17 19:00:00,commercial,464.18,25.7,47.5,0,19,2
2026-06-17 20:00:00,commercial,328.48,25.7,52.0,0,20,2
2026-06-17 21:00:00,commercial,276.11,24.4,37.4,0,21,2
2026-06-17 22:00:00,commercial,253.15,23.7,51.8,0,22,2
2026-06-17 23:00:00,commercial,235.46,22.4,50.1,0,23,2
2026-06-18 00:00:00,commercial,196.12,19.1,50.2,0,0,3
2026-06-18 01:00:00,commercial,230.15,19.4,59.1,0,1,3
2026-06-18 02:00:00,commercial,212.18,19.4,58.0,0,2,3
2026-06-18 03:00:00,commercial,230.13,20.7,52.9,0,3,3
2026-06-18 04:00:00,commercial,222.74,19.7,59.4,0,4,3
2026-06-18 05:00:00,commercial,230.26,20.5,56.1,0,5,3
2026-06-18 06:00:00,commercial,254.92,20.4,59.9,0,6,3
2026-06-18 07:00:00,commercial,436.24,23.6,46.7,0,7,3
2026-06-18 08:00:00,commercial,612.64,23.5,46.4,0,8,3
2026-06-18 09:00:00,commercial,760.1,23.2,48.5,0,9,3
2026-06-18 10:00:00,commercial,835.28,28.1,45.2,0,10,3
2026-06-18 11:00:00,commercial,875.19,28.5,44.7,0,11,3
2026-06-18 12:00:00,commercial,885.03,28.1,45.7,0,12,3
2026-06-18 13:00:00,commercial,895.14,29.0,45.8,0,13,3
2026-06-18 14:00:00,commercial,874.84,30.7,41.8,0,14,3
2026-06-18 15:00:00,commercial,900.16,31.2,38.4,0,15,3
2026-06-18 16:00:00,commercial,875.73,30.6,54.2,0,16,3
2026-06-18 17:00:00,commercial,844.57,30.1,45.3,0,17,3
2026-06-18 18:00:00,commercial,723.58,31.3,49.7,0,18,3
2026-06-18 19:00:00,commercial,540.1,29.1,40.8,0,19,3
2026-06-18 20:00:00,commercial,331.31,26.3,44.9,0,20,3
2026-06-18 21:00:00,commercial,311.65,25.9,52.0,0,21,3
2026-06-18 22:00:00,commercial,261.42,21.4,54.2,0,22,3
2026-06-18 23:00:00,commercial,240.81,22.1,53.2,0,23,3
2026-06-19 00:00:00,commercial,254.27,23.0,55.3,0,0,4
2026-06-19 01:00:00,commercial,221.93,19.0,54.7,0,1,4
2026-06-19 02:00:00,commercial,229.17,17.5,52.9,0,2,4
2026-06-19 03:00:00,commercial,207.78,17.6,49.9,0,3,4
2026-06-19 04:00:00,commercial,212.65,17.1,58.6,0,4,4
2026-06-19 05:00:00,commercial,227.67,18.2,54.8,0,5,4
2026-06-19 06:00:00,commercial,280.99,19.8,63.1,0,6,4
2026-06-19 07:00:00,commercial,395.97,19.4,51.8,0,7,4
2026-06-19 08:00:00,commercial,631.89,23.0,55.3,0,8,4
2026-06-19 09:00:00,commercial,814.3,25.9,48.7,0,9,4
2026-06-19 10:00:00,commercial,801.23,24.7,49.6,0,10,4
2026-06-19 11:00:00,commercial,914.9,29.8,41.4,0,11,4
2026-06-19 12:00:00,commercial,892.68,29.6,46.4,0,12,4
2026-06-19 13:00:00,commercial,920.75,31.3,52.7,0,13,4
2026-06-19 14:00:00,commercial,907.2,29.4,53.0,0,14,4
2026-06-19 15:00:00,commercial,952.43,31.8,50.4,0,15,4
2026-06-19 16:00:00,commercial,883.76,28.7,44.3,0,16,4
2026-06-19 17:00:00,commercial,904.9,31.1,38.2,0,17,4
2026-06-19 18:00:00,commercial,697.25,29.1,39.0,0,18,4
2026-06-19 19:00:00,commercial,522.86,28.4,43.1,0,19,4
2026-06-19 20:00:00,commercial,310.95,24.3,43.0,0,20,4
2026-06-19 21:00:00,commercial,262.18,23.2,55.4,0,21,4
2026-06-19 22:00:00,commercial,284.42,23.9,48.0,0,22,4
2026-06-19 23:00:00,commercial,191.93,20.1,59.4,0,23,4
2026-06-20 00:00:00,commercial,210.35,21.1,57.3,1,0,5
2026-06-20 01:00:00,commercial,219.55,17.4,64.2,1,1,5
2026-06-20 02:00:00,commercial,195.97,20.1,46.6,1,2,5
2026-06-20 03:00:00,commercial,219.44,16.8,59.9,1,3,5
2026-06-20 04:00:00,commercial,199.15,19.7,44.1,1,4,5
2026-06-20 05:00:00,commercial,215.05,20.4,51.5,1,5,5
2026-06-20 06:00:00,commercial,228.47,19.3,62.1,1,6,5
2026-06-20 07:00:00,commercial,301.64,22.5,45.2,1,7,5
2026-06-20 08:00:00,commercial,367.09,23.5,47.6,1,8,5
2026-06-20 09:00:00,commercial,378.57,23.8,51.4,1,9,5
2026-06-20 10:00:00,commercial,441.62,24.7,49.1,1,10,5
2026-06-20 11:00:00,commercial,434.24,24.7,51.9,1,11,5
2026-06-20 12:00:00,commercial,464.3,29.4,42.4,1,12,5
2026-06-20 13:00:00,commercial,429.5,27.5,39.0,1,13,5
2026-06-20 14:00:00,commercial,456.09,30.6,34.3,1,14,5
2026-06-20 15:00:00,commercial,450.4,30.2,41.6,1,15,5
2026-06-20 16:00:00,commercial,503.56,31.4,33.1,1,16,5
2026-06-20 17:00:00,commercial,440.85,29.4,48.5,1,17,5
2026-06-20 18:00:00,commercial,355.89,28.4,45.4,1,18,5
2026-06-20 19:00:00,commercial,368.86,28.7,54.1,1,19,5
2026-06-20 20:00:00,commercial,280.38,26.7,41.1,1,20,5
2026-06-20 21:00:00,commercial,242.2,25.1,59.0,1,21,5
2026-06-20 22:00:00,commercial,219.62,23.8,49.4,1,22,5
2026-06-20 23:00:00,commercial,232.6,19.3,51.2,1,23,5
2026-06-21 00:00:00,commercial,208.05,21.6,51.8,1,0,6
2026-06-21 01:00:00,commercial,233.61,20.4,58.2,1,1,6
2026-06-21 02:00:00,commercial,215.17,17.4,63.9,1,2,6
2026-06-21 03:00:00,commercial,177.15,18.3,67.6,1,3,6
2026-06-21 04:00:00,commercial,232.61,18.9,53.1,1,4,6
2026-06-21 05:00:00,commercial,207.11,19.3,52.3,1,5,6
2026-06-21 06:00:00,commercial,251.14,21.0,55.3,1,6,6
2026-06-21 07:00:00,commercial,314.06,23.9,57.9,1,7,6
2026-06-21 08:00:00,commercial,376.3,24.8,55.1,1,8,6
2026-06-21 09:00:00,commercial,412.41,22.7,44.8,1,9,6
2026-06-21 10:00:00,commercial,423.91,27.2,43.0,1,10,6
2026-06-21 11:00:00,commercial,463.54,29.7,38.8,1,11,6
2026-06-21 12:00:00,commercial,469.06,29.5,48.1,1,12,6
2026-06-21 13:00:00,commercial,462.23,31.5,40.1,1,13,6
2026-06-21 14:00:00,commercial,483.56,33.5,45.0,1,14,6
2026-06-21 15:00:00,commercial,482.02,32.2,45.2,1,15,6
2026-06-21 16:00:00,commercial,463.77,30.9,40.5,1,16,6
2026-06-21 17:00:00,commercial,445.2,31.5,42.8,1,17,6
2026-06-21 18:00:00,commercial,417.78,29.2,47.1,1,18,6
2026-06-21 19:00:00,commercial,297.42,27.7,42.5,1,19,6
2026-06-21 20:00:00,commercial,246.17,25.7,56.7,1,20,6
2026-06-21 21:00:00,commercial,286.91,27.1,52.4,1,21,6
2026-06-21 22:00:00,commercial,193.83,21.9,50.1,1,22,6
2026-06-21 23:00:00,commercial,249.16,24.0,50.4,1,23,6
2026-06-22 00:00:00,commercial,203.2,21.3,54.8,0,0,0
2026-06-22 01:00:00,commercial,251.87,17.5,58.1,0,1,0
2026-06-22 02:00:00,commercial,214.93,19.5,54.6,0,2,0
2026-06-22 03:00:00,commercial,222.26,15.6,64.4,0,3,0
2026-06-22 04:00:00,commercial,208.23,19.9,53.2,0,4,0
2026-06-22 05:00:00,commercial,209.67,20.9,54.0,0,5,0
2026-06-22 06:00:00,commercial,271.36,19.7,55.5,0,6,0
2026-06-22 07:00:00,commercial,409.53,22.0,59.0,0,7,0
2026-06-22 08:00:00,commercial,689.19,26.2,53.5,0,8,0
2026-06-22 09:00:00,commercial,755.97,24.0,58.0,0,9,0
2026-06-22 10:00:00,commercial,802.06,24.8,55.1,0,10,0
2026-06-22 11:00:00,commercial,864.91,30.0,38.1,0,11,0
2026-06-22 12:00:00,commercial,924.76,32.0,42.7,0,12,0
2026-06-22 13:00:00,commercial,922.03,30.0,35.6,0,13,0
2026-06-22 14:00:00,commercial,928.37,32.1,31.9,0,14,0
2026-06-22 15:00:00,commercial,944.56,32.8,36.4,0,15,0
2026-06-22 16:00:00,commercial,896.67,29.5,43.9,0,16,0
2026-06-22 17:00:00,commercial,875.03,29.3,42.2,0,17,0
2026-06-22 18:00:00,commercial,702.14,30.9,41.5,0,18,0
2026-06-22 19:00:00,commercial,561.23,30.3,34.9,0,19,0
2026-06-22 20:00:00,commercial,372.73,27.2,53.7,0,20,0
2026-06-22 21:00:00,commercial,280.15,23.5,50.8,0,21,0
2026-06-22 22:00:00,commercial,296.58,26.2,40.6,0,22,0
2026-06-22 23:00:00,commercial,236.24,21.0,55.4,0,23,0
2026-06-23 00:00:00,commercial,212.57,20.1,60.5,0,0,1
2026-06-23 01:00:00,commercial,218.88,20.2,58.2,0,1,1
2026-06-23 02:00:00,commercial,254.87,21.4,54.5,0,2,1
2026-06-23 03:00:00,commercial,251.7,20.1,54.8,0,3,1
2026-06-23 04:00:00,commercial,217.94,19.7,49.6,0,4,1
2026-06-23 05:00:00,commercial,230.22,20.4,49.9,0,5,1
2026-06-23 06:00:00,commercial,261.75,20.7,45.4,0,6,1
2026-06-23 07:00:00,commercial,423.45,22.7,49.6,0,7,1
2026-06-23 08:00:00,commercial,607.88,19.5,60.4,0,8,1
2026-06-23 09:00:00,commercial,769.53,24.4,46.2,0,9,1
2026-06-23 10:00:00,commercial,854.94,26.8,51.2,0,10,1
2026-06-23 11:00:00,commercial,873.05,26.1,47.1,0,11,1
2026-06-23 12:00:00,commercial,909.74,29.7,46.3,0,12,1
2026-06-23 13:00:00,commercial,887.78,29.8,38.8,0,13,1
2026-06-23 14:00:00,commercial,953.45,33.3,45.9,0,14,1
2026-06-23 15:00:00,commercial,940.6,33.2,43.8,0,15,1
2026-06-23 16:00:00,commercial,907.98,30.0,42.8,0,16,1
2026-06-23 17:00:00,commercial,839.01,29.8,42.3,0,17,1
2026-06-23 18:00:00,commercial,722.17,29.0,49.1,0,18,1
2026-06-23 19:00:00,commercial,473.12,27.2,42.7,0,19,1
2026-06-23 20:00:00,commercial,331.07,26.7,52.1,0,20,1
2026-06-23 21:00:00,commercial,279.5,23.7,44.1,0,21,1
2026-06-23 22:00:00,commercial,229.5,21.6,53.9,0,22,1
2026-06-23 23:00:00,commercial,292.37,22.8,53.1,0,23,1
2026-06-24 00:00:00,commercial,226.19,21.6,58.3,0,0,2
2026-06-24 01:00:00,commercial,204.57,18.5,58.3,0,1,2
2026-06-24 02:00:00,commercial,236.84,20.5,55.0,0,2,2
2026-06-24 03:00:00,commercial,249.7,18.0,63.4,0,3,2
2026-06-24 04:00:00,commercial,216.17,19.5,48.3,0,4,2
2026-06-24 05:00:00,commercial,198.2,21.0,60.6,0,5,2
2026-06-24 06:00:00,commercial,253.94,20.7,50.9,0,6,2
2026-06-24 07:00:00,commercial,432.05,22.6,47.0,0,7,2
2026-06-24 08:00:00,commercial,628.23,22.6,53.2,0,8,2
2026-06-24 09:00:00,commercial,761.67,24.6,45.9,0,9,2
2026-06-24 10:00:00,commercial,848.03,26.2,38.8,0,10,2
2026-06-24 11:00:00,commercial,829.23,26.8,43.6,0,11,2
2026-06-24 12:00:00,commercial,888.05,28.9,46.0,0,12,2
2026-06-24 13:00:00,commercial,894.0,27.8,42.8,0,13,2
2026-06-24 14:00:00,commercial,902.67,30.0,45.6,0,14,2
2026-06-24 15:00:00,commercial,895.33,30.5,48.4,0,15,2
2026-06-24 16:00:00,commercial,899.88,30.4,36.4,0,16,2
2026-06-24 17:00:00,commercial,853.08,29.8,42.7,0,17,2
2026-06-24 18:00:00,commercial,718.45,29.1,41.2,0,18,2
2026-06-24 19:00:00,commercial,545.32,28.7,54.4,0,19,2
2026-06-24 20:00:00,commercial,352.44,27.8,48.3,0,20,2
2026-06-24 21:00:00,commercial,264.82,24.0,54.1,0,21,2
2026-06-24 22:00:00,commercial,205.95,21.6,55.0,0,22,2
2026-06-24 23:00:00,commercial,231.93,20.4,57.2,0,23,2
2026-06-25 00:00:00,commercial,207.66,20.0,56.4,0,0,3
2026-06-25 01:00:00,commercial,193.03,19.3,57.2,0,1,3
2026-06-25 02:00:00,commercial,219.86,18.1,66.1,0,2,3
2026-06-25 03:00:00,commercial,242.8,17.1,62.9,0,3,3
2026-06-25 04:00:00,commercial,234.37,18.5,49.3,0,4,3
2026-06-25 05:00:00,commercial,234.4,20.1,61.6,0,5,3
2026-06-25 06:00:00,commercial,292.64,21.7,53.7,0,6,3
2026-06-25 07:00:00,commercial,391.13,21.2,43.0,0,7,3
2026-06-25 08:00:00,commercial,636.26,22.8,51.7,0,8,3
2026-06-25 09:00:00,commercial,756.25,23.6,52.5,0,9,3
2026-06-25 10:00:00,commercial,814.79,26.5,44.2,0,10,3
2026-06-25 11:00:00,commercial,829.36,26.7,46.8,0,11,3
2026-06-25 12:00:00,commercial,879.69,30.1,37.5,0,12,3
2026-06-25 13:00:00,commercial,846.78,27.5,46.7,0,13,3
2026-06-25 14:00:00,commercial,902.52,30.3,45.7,0,14,3
2026-06-25 15:00:00,commercial,912.23,31.5,44.0,0,15,3
2026-06-25 16:00:00,commercial,884.42,31.1,44.8,0,16,3
2026-06-25 17:00:00,commercial,917.21,34.3,44.5,0,17,3
2026-06-25 18:00:00,commercial,734.89,29.8,44.8,0,18,3
2026-06-25 19:00:00,commercial,471.49,26.5,55.7,0,19,3
2026-06-25 20:00:00,commercial,351.3,26.4,40.7,0,20,3
2026-06-25 21:00:00,commercial,275.2,22.4,44.8,0,21,3
2026-06-25 22:00:00,commercial,271.1,23.3,58.8,0,22,3
2026-06-25 23:00:00,commercial,229.39,20.8,50.3,0,23,3
2026-06-26 00:00:00,commercial,218.62,22.2,56.0,0,0,4
2026-06-26 01:00:00,commercial,201.43,19.1,58.8,0,1,4
2026-06-26 02:00:00,commercial,176.42,19.1,55.3,0,2,4
2026-06-26 03:00:00,commercial,220.86,18.1,60.6,0,3,4
2026-06-26 04:00:00,commercial,239.02,21.9,54.9,0,4,4
2026-06-26 05:00:00,commercial,251.53,19.4,52.9,0,5,4
2026-06-26 06:00:00,commercial,300.21,23.6,42.9,0,6,4
2026-06-26 07:00:00,commercial,435.29,23.3,49.1,0,7,4
2026-06-26 08:00:00,commercial,638.87,24.3,52.0,0,8,4
2026-06-26 09:00:00,commercial,781.83,25.7,45.3,0,9,4
2026-06-26 10:00:00,commercial,847.39,27.2,54.0,0,10,4
2026-06-26 11:00:00,commercial,838.69,25.2,42.3,0,11,4
2026-06-26 12:00:00,commercial,878.95,28.9,41.2,0,12,4
2026-06-26 13:00:00,commercial,941.16,31.6,35.7,0,13,4
2026-06-26 14:00:00,commercial,900.71,30.8,40.2,0,14,4
2026-06-26 15:00:00,commercial,910.32,29.0,38.4,0,15,4
2026-06-26 16:00:00,commercial,875.47,30.8,45.1,0,16,4
2026-06-26 17:00:00,commercial,903.26,32.9,38.3,0,17,4
2026-06-26 18:00:00,commercial,756.17,31.2,41.5,0,18,4
2026-06-26 19:00:00,commercial,489.53,28.0,44.0,0,19,4
2026-06-26 20:00:00,commercial,350.69,28.1,53.0,0,20,4
2026-06-26 21:00:00,commercial,277.79,24.6,56.8,0,21,4
2026-06-26 22:00:00,commercial,236.64,21.0,55.6,0,22,4
2026-06-26 23:00:00,commercial,224.86,20.7,55.4,0,23,4
2026-06-27 00:00:00,commercial,247.34,23.3,51.9,1,0,5
2026-06-27 01:00:00,commercial,208.22,19.6,58.7,1,1,5
2026-06-27 02:00:00,commercial,227.72,19.0,51.6,1,2,5
2026-06-27 03:00:00,commercial,225.22,18.7,64.0,1,3,5
2026-06-27 04:00:00,commercial,211.94,22.2,59.9,1,4,5
2026-06-27 05:00:00,commercial,231.86,22.4,52.2,1,5,5
2026-06-27 06:00:00,commercial,283.7,24.3,50.6,1,6,5
2026-06-27 07:00:00,commercial,319.39,21.9,50.9,1,7,5
2026-06-27 08:00:00,commercial,353.42,24.1,39.1,1,8,5
2026-06-27 09:00:00,commercial,403.03,22.9,50.7,1,9,5
2026-06-27 10:00:00,commercial,431.71,28.9,39.9,1,10,5
2026-06-27 11:00:00,commercial,456.09,26.4,41.0,1,11,5
2026-06-27 12:00:00,commercial,469.32,29.7,46.6,1,12,5
2026-06-27 13:00:00,commercial,448.62,28.7,42.0,1,13,5
2026-06-27 14:00:00,commercial,415.1,30.1,42.9,1,14,5
2026-06-27 15:00:00,commercial,455.8,29.9,33.6,1,15,5
2026-06-27 16:00:00,commercial,465.71,30.1,37.3,1,16,5
2026-06-27 17:00:00,commercial,440.6,29.6,43.8,1,17,5
2026-06-27 18:00:00,commercial,384.18,28.6,45.4,1,18,5
2026-06-27 19:00:00,commercial,315.51,29.4,47.1,1,19,5
2026-06-27 20:00:00,commercial,253.82,25.1,46.9,1,20,5
2026-06-27 21:00:00,commercial,241.66,25.5,40.1,1,21,5
2026-06-27 22:00:00,commercial,265.62,25.5,52.9,1,22,5
2026-06-27 23:00:00,commercial,209.95,21.4,57.1,1,23,5
2026-06-28 00:00:00,commercial,215.04,19.9,54.2,1,0,6
2026-06-28 01:00:00,commercial,203.57,19.7,46.6,1,1,6
2026-06-28 02:00:00,commercial,224.73,21.2,54.4,1,2,6
2026-06-28 03:00:00,commercial,234.13,19.5,59.0,1,3,6
2026-06-28 04:00:00,commercial,234.7,18.7,56.7,1,4,6
2026-06-28 05:00:00,commercial,247.58,20.8,55.5,1,5,6
2026-06-28 06:00:00,commercial,213.64,19.4,59.0,1,6,6
2026-06-28 07:00:00,commercial,280.7,23.3,45.3,1,7,6
2026-06-28 08:00:00,commercial,364.81,24.3,44.5,1,8,6
2026-06-28 09:00:00,commercial,437.64,24.8,42.1,1,9,6
2026-06-28 10:00:00,commercial,436.38,25.6,49.1,1,10,6
2026-06-28 11:00:00,commercial,439.08,26.9,50.7,1,11,6
2026-06-28 12:00:00,commercial,430.02,30.3,33.6,1,12,6
2026-06-28 13:00:00,commercial,492.83,32.3,37.4,1,13,6
2026-06-28 14:00:00,commercial,441.02,30.1,46.6,1,14,6
2026-06-28 15:00:00,commercial,449.15,31.9,43.6,1,15,6
2026-06-28 16:00:00,commercial,490.87,27.9,52.2,1,16,6
2026-06-28 17:00:00,commercial,447.65,29.6,42.7,1,17,6
2026-06-28 18:00:00,commercial,414.55,29.5,37.8,1,18,6
2026-06-28 19:00:00,commercial,273.87,26.9,51.5,1,19,6
2026-06-28 20:00:00,commercial,296.32,25.4,40.8,1,20,6
2026-06-28 21:00:00,commercial,234.73,24.3,55.4,1,21,6
2026-06-28 22:00:00,commercial,213.39,24.1,41.7,1,22,6
2026-06-28 23:00:00,commercial,251.24,22.0,63.7,1,23,6
2026-06-29 00:00:00,commercial,228.14,17.7,58.0,0,0,0
2026-06-29 01:00:00,commercial,235.4,17.0,58.4,0,1,0
2026-06-29 02:00:00,commercial,222.72,18.6,51.2,0,2,0
2026-06-29 03:00:00,commercial,204.08,20.0,45.2,0,3,0
2026-06-29 04:00:00,commercial,239.24,15.4,57.2,0,4,0
2026-06-29 05:00:00,commercial,258.33,19.4,48.2,0,5,0
2026-06-29 06:00:00,commercial,292.33,20.3,51.8,0,6,0
2026-06-29 07:00:00,commercial,450.35,24.4,54.1,0,7,0
2026-06-29 08:00:00,commercial,625.95,23.2,52.9,0,8,0
2026-06-29 09:00:00,commercial,782.51,25.9,50.8,0,9,0
2026-06-29 10:00:00,commercial,877.14,27.1,49.7,0,10,0
2026-06-29 11:00:00,commercial,815.01,25.1,54.2,0,11,0
2026-06-29 12:00:00,commercial,882.73,30.7,42.5,0,12,0
2026-06-29 13:00:00,commercial,943.61,30.9,35.5,0,13,0
2026-06-29 14:00:00,commercial,930.89,31.9,40.9,0,14,0
2026-06-29 15:00:00,commercial,1007.3,37.2,38.6,0,15,0
2026-06-29 16:00:00,commercial,880.57,28.0,49.0,0,16,0
2026-06-29 17:00:00,commercial,900.84,33.1,43.7,0,17,0
2026-06-29 18:00:00,commercial,719.5,29.1,40.3,0,18,0
2026-06-29 19:00:00,commercial,523.56,28.8,40.6,0,19,0
2026-06-29 20:00:00,commercial,345.26,26.8,45.4,0,20,0
2026-06-29 21:00:00,commercial,287.81,24.7,46.9,0,21,0
2026-06-29 22:00:00,commercial,244.58,22.9,51.4,0,22,0
2026-06-29 23:00:00,commercial,248.12,22.8,51.1,0,23,0
2026-06-30 00:00:00,commercial,232.22,18.9,50.1,0,0,1
2026-06-30 01:00:00,commercial,238.67,21.3,50.8,0,1,1
2026-06-30 02:00:00,commercial,218.39,19.0,54.4,0,2,1
2026-06-30 03:00:00,commercial,204.07,17.7,62.8,0,3,1
2026-06-30 04:00:00,commercial,204.57,18.9,63.7,0,4,1
2026-06-30 05:00:00,commercial,248.2,22.1,45.8,0,5,1
2026-06-30 06:00:00,commercial,286.29,20.4,59.1,0,6,1
2026-06-30 07:00:00,commercial,419.61,22.9,51.8,0,7,1
2026-06-30 08:00:00,commercial,610.88,22.8,58.7,0,8,1
2026-06-30 09:00:00,commercial,801.29,26.5,48.7,0,9,1
2026-06-30 10:00:00,commercial,883.85,28.0,47.3,0,10,1
2026-06-30 11:00:00,commercial,931.4,31.2,44.5,0,11,1
2026-06-30 12:00:00,commercial,906.37,29.4,41.8,0,12,1
2026-06-30 13:00:00,commercial,930.49,31.6,44.1,0,13,1
2026-06-30 14:00:00,commercial,915.45,31.4,33.5,0,14,1
2026-06-30 15:00:00,commercial,940.57,33.4,56.4,0,15,1
2026-06-30 16:00:00,commercial,880.11,30.1,44.6,0,16,1
2026-06-30 17:00:00,commercial,853.44,31.7,32.2,0,17,1
2026-06-30 18:00:00,commercial,704.86,29.4,37.6,0,18,1
2026-06-30 19:00:00,commercial,520.97,28.3,44.0,0,19,1
2026-06-30 20:00:00,commercial,349.07,27.1,48.6,0,20,1
2026-06-30 21:00:00,commercial,312.61,25.8,47.1,0,21,1
2026-06-30 22:00:00,commercial,278.98,23.7,58.6,0,22,1
2026-06-30 23:00:00,commercial,242.97,22.7,54.3,0,23,1
2026-07-01 00:00:00,commercial,240.42,23.6,44.4,0,0,2
2026-07-01 01:00:00,commercial,204.5,21.8,58.8,0,1,2
2026-07-01 02:00:00,commercial,228.9,21.0,48.8,0,2,2
2026-07-01 03:00:00,commercial,212.4,18.8,53.3,0,3,2
2026-07-01 04:00:00,commercial,208.25,18.4,65.8,0,4,2
2026-07-01 05:00:00,commercial,235.0,21.7,47.6,0,5,2
2026-07-01 06:00:00,commercial,303.53,22.6,47.6,0,6,2
2026-07-01 07:00:00,commercial,462.11,24.7,58.9,0,7,2
2026-07-01 08:00:00,commercial,569.72,23.0,53.5,0,8,2
2026-07-01 09:00:00,commercial,781.04,25.1,44.3,0,9,2
2026-07-01 10:00:00,commercial,785.29,24.6,50.1,0,10,2
2026-07-01 11:00:00,commercial,856.45,27.9,49.2,0,11,2
2026-07-01 12:00:00,commercial,940.89,31.2,45.9,0,12,2
2026-07-01 13:00:00,commercial,900.11,30.0,48.6,0,13,2
2026-07-01 14:00:00,commercial,957.31,32.2,41.0,0,14,2
2026-07-01 15:00:00,commercial,915.76,31.2,37.4,0,15,2
2026-07-01 16:00:00,commercial,941.92,31.8,43.3,0,16,2
2026-07-01 17:00:00,commercial,806.91,29.0,40.0,0,17,2
2026-07-01 18:00:00,commercial,724.24,29.9,55.4,0,18,2
2026-07-01 19:00:00,commercial,440.18,24.0,54.9,0,19,2
2026-07-01 20:00:00,commercial,383.06,26.8,50.6,0,20,2
2026-07-01 21:00:00,commercial,258.13,23.0,45.8,0,21,2
2026-07-01 22:00:00,commercial,297.75,25.7,53.7,0,22,2
2026-07-01 23:00:00,commercial,263.81,23.7,47.1,0,23,2
2026-07-02 00:00:00,commercial,249.12,22.0,55.7,0,0,3
2026-07-02 01:00:00,commercial,252.71,22.7,49.3,0,1,3
2026-07-02 02:00:00,commercial,217.24,18.3,49.4,0,2,3
2026-07-02 03:00:00,commercial,248.72,22.2,51.0,0,3,3
2026-07-02 04:00:00,commercial,230.26,21.2,51.0,0,4,3
2026-07-02 05:00:00,commercial,218.08,20.0,53.0,0,5,3
2026-07-02 06:00:00,commercial,319.9,23.0,46.9,0,6,3
2026-07-02 07:00:00,commercial,416.1,20.9,59.4,0,7,3
2026-07-02 08:00:00,commercial,601.67,22.8,46.3,0,8,3
2026-07-02 09:00:00,commercial,776.55,24.7,48.7,0,9,3
2026-07-02 10:00:00,commercial,854.91,26.3,43.8,0,10,3
2026-07-02 11:00:00,commercial,843.4,27.0,48.2,0,11,3
2026-07-02 12:00:00,commercial,949.65,31.6,41.3,0,12,3
2026-07-02 13:00:00,commercial,929.14,30.4,42.6,0,13,3
2026-07-02 14:00:00,commercial,944.98,31.9,35.7,0,14,3
2026-07-02 15:00:00,commercial,922.9,30.7,45.2,0,15,3
2026-07-02 16:00:00,commercial,874.7,28.6,44.5,0,16,3
2026-07-02 17:00:00,commercial,898.81,31.2,45.4,0,17,3
2026-07-02 18:00:00,commercial,662.18,26.9,46.0,0,18,3
2026-07-02 19:00:00,commercial,502.87,28.5,51.4,0,19,3
2026-07-02 20:00:00,commercial,328.34,25.1,48.9,0,20,3
2026-07-02 21:00:00,commercial,367.81,28.5,44.8,0,21,3
2026-07-02 22:00:00,commercial,293.21,25.4,44.4,0,22,3
2026-07-02 23:00:00,commercial,236.09,22.7,44.8,0,23,3
2026-07-03 00:00:00,commercial,254.7,23.3,55.8,0,0,4
2026-07-03 01:00:00,commercial,224.82,19.2,65.7,0,1,4
2026-07-03 02:00:00,commercial,192.58,20.7,54.1,0,2,4
2026-07-03 03:00:00,commercial,226.91,19.9,54.3,0,3,4
2026-07-03 04:00:00,commercial,222.41,20.2,48.4,0,4,4
2026-07-03 05:00:00,commercial,253.55,22.4,49.4,0,5,4
2026-07-03 06:00:00,commercial,251.38,22.5,49.4,0,6,4
2026-07-03 07:00:00,commercial,458.04,23.1,54.4,0,7,4
2026-07-03 08:00:00,commercial,584.25,21.6,51.6,0,8,4
2026-07-03 09:00:00,commercial,764.14,24.2,54.9,0,9,4
2026-07-03 10:00:00,commercial,832.01,27.0,52.1,0,10,4
2026-07-03 11:00:00,commercial,916.64,28.8,45.9,0,11,4
2026-07-03 12:00:00,commercial,878.29,28.2,49.8,0,12,4
2026-07-03 13:00:00,commercial,984.16,34.5,38.0,0,13,4
2026-07-03 14:00:00,commercial,923.85,33.7,37.6,0,14,4
2026-07-03 15:00:00,commercial,939.27,32.5,50.2,0,15,4
2026-07-03 16:00:00,commercial,905.19,31.5,36.1,0,16,4
2026-07-03 17:00:00,commercial,853.34,30.5,34.5,0,17,4
2026-07-03 18:00:00,commercial,715.2,28.5,45.5,0,18,4
2026-07-03 19:00:00,commercial,525.03,28.8,52.3,0,19,4
2026-07-03 20:00:00,commercial,341.4,27.6,46.5,0,20,4
2026-07-03 21:00:00,commercial,258.78,23.8,46.6,0,21,4
2026-07-03 22:00:00,commercial,269.37,24.6,49.5,0,22,4
2026-07-03 23:00:00,commercial,240.35,22.4,59.0,0,23,4
2026-07-04 00:00:00,commercial,190.26,18.6,55.5,1,0,5
2026-07-04 01:00:00,commercial,217.81,19.2,58.0,1,1,5
2026-07-04 02:00:00,commercial,209.98,19.3,48.3,1,2,5
2026-07-04 03:00:00,commercial,245.15,22.6,42.2,1,3,5
2026-07-04 04:00:00,commercial,251.45,20.8,48.1,1,4,5
2026-07-04 05:00:00,commercial,222.75,18.5,51.8,1,5,5
2026-07-04 06:00:00,commercial,231.81,22.2,60.6,1,6,5
2026-07-04 07:00:00,commercial,288.32,20.4,50.1,1,7,5
2026-07-04 08:00:00,commercial,379.39,25.8,52.7,1,8,5
2026-07-04 09:00:00,commercial,406.92,25.0,44.0,1,9,5
2026-07-04 10:00:00,commercial,465.6,27.1,48.0,1,10,5
2026-07-04 11:00:00,commercial,417.74,30.7,45.3,1,11,5
2026-07-04 12:00:00,commercial,463.55,28.0,35.0,1,12,5
2026-07-04 13:00:00,commercial,432.22,28.8,52.3,1,13,5
2026-07-04 14:00:00,commercial,454.56,30.6,43.0,1,14,5
2026-07-04 15:00:00,commercial,445.36,33.3,37.6,1,15,5
2026-07-04 16:00:00,commercial,464.77,29.2,37.7,1,16,5
2026-07-04 17:00:00,commercial,438.22,26.7,44.7,1,17,5
2026-07-04 18:00:00,commercial,393.36,29.3,46.0,1,18,5
2026-07-04 19:00:00,commercial,358.39,29.5,31.4,1,19,5
2026-07-04 20:00:00,commercial,294.95,29.1,51.4,1,20,5
2026-07-04 21:00:00,commercial,245.83,25.0,48.4,1,21,5
2026-07-04 22:00:00,commercial,254.77,23.6,53.5,1,22,5
2026-07-04 23:00:00,commercial,253.68,24.5,54.4,1,23,5
2026-07-05 00:00:00,commercial,224.6,18.8,57.9,1,0,6
2026-07-05 01:00:00,commercial,226.07,20.0,47.3,1,1,6
2026-07-05 02:00:00,commercial,209.73,20.3,53.3,1,2,6
2026-07-05 03:00:00,commercial,228.14,20.5,56.0,1,3,6
2026-07-05 04:00:00,commercial,194.33,19.2,48.9,1,4,6
2026-07-05 05:00:00,commercial,251.47,20.7,48.5,1,5,6
2026-07-05 06:00:00,commercial,237.52,17.8,55.8,1,6,6
2026-07-05 07:00:00,commercial,285.43,21.8,50.4,1,7,6
2026-07-05 08:00:00,commercial,339.94,24.9,47.3,1,8,6
2026-07-05 09:00:00,commercial,411.88,24.3,51.0,1,9,6
2026-07-05 10:00:00,commercial,437.9,27.4,49.6,1,10,6
2026-07-05 11:00:00,commercial,443.45,29.5,35.7,1,11,6
2026-07-05 12:00:00,commercial,450.51,29.5,45.1,1,12,6
2026-07-05 13:00:00,commercial,469.15,31.3,40.9,1,13,6
2026-07-05 14:00:00,commercial,471.11,30.2,41.5,1,14,6
2026-07-05 15:00:00,commercial,460.59,31.5,34.6,1,15,6
2026-07-05 16:00:00,commercial,492.73,32.5,45.9,1,16,6
2026-07-05 17:00:00,commercial,448.8,31.2,36.3,1,17,6
2026-07-05 18:00:00,commercial,379.6,29.2,54.3,1,18,6
2026-07-05 19:00:00,commercial,309.74,29.1,42.4,1,19,6
2026-07-05 20:00:00,commercial,286.68,28.4,41.9,1,20,6
2026-07-05 21:00:00,commercial,237.86,22.7,39.6,1,21,6
2026-07-05 22:00:00,commercial,250.33,26.0,47.9,1,22,6
2026-07-05 23:00:00,commercial,226.89,22.3,57.9,1,23,6
2026-07-06 00:00:00,commercial,248.34,22.3,51.6,0,0,0
2026-07-06 01:00:00,commercial,224.48,22.5,54.9,0,1,0
2026-07-06 02:00:00,commercial,209.97,18.0,63.8,0,2,0
2026-07-06 03:00:00,commercial,194.91,18.8,54.2,0,3,0
2026-07-06 04:00:00,commercial,230.75,19.6,53.5,0,4,0
2026-07-06 05:00:00,commercial,204.49,19.5,51.5,0,5,0
2026-07-06 06:00:00,commercial,319.51,24.2,45.2,0,6,0
2026-07-06 07:00:00,commercial,398.89,21.6,54.9,0,7,0
2026-07-06 08:00:00,commercial,628.63,23.5,50.3,0,8,0
2026-07-06 09:00:00,commercial,754.9,26.2,43.7,0,9,0
2026-07-06 10:00:00,commercial,839.29,25.6,46.8,0,10,0
2026-07-06 11:00:00,commercial,863.4,28.3,49.1,0,11,0
2026-07-06 12:00:00,commercial,882.37,30.6,38.8,0,12,0
2026-07-06 13:00:00,commercial,907.5,30.6,39.0,0,13,0
2026-07-06 14:00:00,commercial,934.03,31.5,38.2,0,14,0
2026-07-06 15:00:00,commercial,915.33,31.1,46.6,0,15,0
2026-07-06 16:00:00,commercial,916.37,29.4,52.7,0,16,0
2026-07-06 17:00:00,commercial,860.13,31.6,40.6,0,17,0
2026-07-06 18:00:00,commercial,749.03,32.8,37.3,0,18,0
2026-07-06 19:00:00,commercial,510.2,28.9,49.9,0,19,0
2026-07-06 20:00:00,commercial,356.04,27.8,40.2,0,20,0
2026-07-06 21:00:00,commercial,334.28,26.9,41.8,0,21,0
2026-07-06 22:00:00,commercial,258.54,22.4,50.3,0,22,0
2026-07-06 23:00:00,commercial,290.64,25.4,50.5,0,23,0
2026-07-07 00:00:00,commercial,229.17,22.0,53.0,0,0,1
2026-07-07 01:00:00,commercial,268.28,23.2,54.6,0,1,1
2026-07-07 02:00:00,commercial,199.84,19.1,58.3,0,2,1
2026-07-07 03:00:00,commercial,234.42,22.7,53.2,0,3,1
2026-07-07 04:00:00,commercial,222.02,21.3,63.9,0,4,1
2026-07-07 05:00:00,commercial,258.15,21.6,46.7,0,5,1
2026-07-07 06:00:00,commercial,299.31,22.1,52.8,0,6,1
2026-07-07 07:00:00,commercial,429.23,22.6,48.0,0,7,1
2026-07-07 08:00:00,commercial,655.85,26.2,44.8,0,8,1
2026-07-07 09:00:00,commercial,778.42,26.2,47.1,0,9,1
2026-07-07 10:00:00,commercial,760.6,24.6,46.5,0,10,1
2026-07-07 11:00:00,commercial,869.36,27.3,35.1,0,11,1
2026-07-07 12:00:00,commercial,919.95,29.9,42.7,0,12,1
2026-07-07 13:00:00,commercial,897.9,31.6,44.4,0,13,1
2026-07-07 14:00:00,commercial,920.26,31.7,43.5,0,14,1
2026-07-07 15:00:00,commercial,959.55,33.8,40.9,0,15,1
2026-07-07 16:00:00,commercial,891.65,28.8,41.8,0,16,1
2026-07-07 17:00:00,commercial,889.88,31.4,45.0,0,17,1
2026-07-07 18:00:00,commercial,678.78,27.5,51.3,0,18,1
2026-07-07 19:00:00,commercial,516.57,30.1,45.4,0,19,1
2026-07-07 20:00:00,commercial,391.93,27.4,52.5,0,20,1
2026-07-07 21:00:00,commercial,315.06,26.6,54.3,0,21,1
2026-07-07 22:00:00,commercial,238.48,23.1,56.9,0,22,1
2026-07-07 23:00:00,commercial,292.15,24.9,50.7,0,23,1
2026-07-08 00:00:00,commercial,237.3,23.4,51.1,0,0,2
2026-07-08 01:00:00,commercial,221.19,21.7,54.1,0,1,2
2026-07-08 02:00:00,commercial,232.76,20.0,51.0,0,2,2
2026-07-08 03:00:00,commercial,217.5,20.9,49.8,0,3,2
2026-07-08 04:00:00,commercial,206.0,19.2,56.3,0,4,2
2026-07-08 05:00:00,commercial,227.62,22.1,47.7,0,5,2
2026-07-08 06:00:00,commercial,275.66,24.3,38.1,0,6,2
2026-07-08 07:00:00,commercial,448.89,24.6,56.5,0,7,2
2026-07-08 08:00:00,commercial,774.95,23.4,55.6,0,8,2
2026-07-08 09:00:00,commercial,804.7,26.6,48.5,0,9,2
2026-07-08 10:00:00,commercial,826.82,25.6,45.9,0,10,2
2026-07-08 11:00:00,commercial,890.96,29.9,44.0,0,11,2
2026-07-08 12:00:00,commercial,913.16,31.0,30.3,0,12,2
2026-07-08 13:00:00,commercial,851.63,28.4,54.7,0,13,2
2026-07-08 14:00:00,commercial,907.72,30.1,46.4,0,14,2
2026-07-08 15:00:00,commercial,919.47,31.6,38.7,0,15,2
2026-07-08 16:00:00,commercial,896.65,31.4,44.3,0,16,2
2026-07-08 17:00:00,commercial,840.14,29.4,46.4,0,17,2
2026-07-08 18:00:00,commercial,740.96,30.9,45.4,0,18,2
2026-07-08 19:00:00,commercial,531.92,29.4,42.2,0,19,2
2026-07-08 20:00:00,commercial,359.69,27.3,45.8,0,20,2
2026-07-08 21:00:00,commercial,285.58,24.9,47.7,0,21,2
2026-07-08 22:00:00,commercial,297.25,26.1,45.0,0,22,2
2026-07-08 23:00:00,commercial,278.85,25.5,49.6,0,23,2
2026-07-09 00:00:00,commercial,210.71,21.1,55.2,0,0,3
2026-07-09 01:00:00,commercial,204.5,20.0,58.5,0,1,3
2026-07-09 02:00:00,commercial,246.89,21.1,57.1,0,2,3
2026-07-09 03:00:00,commercial,191.8,19.6,58.8,0,3,3
2026-07-09 04:00:00,commercial,188.11,20.1,59.3,0,4,3
2026-07-09 05:00:00,commercial,276.89,22.0,63.9,0,5,3
2026-07-09 06:00:00,commercial,296.25,19.0,54.9,0,6,3
2026-07-09 07:00:00,commercial,452.15,25.1,34.2,0,7,3
2026-07-09 08:00:00,commercial,635.92,24.7,50.8,0,8,3
2026-07-09 09:00:00,commercial,794.32,25.5,51.8,0,9,3
2026-07-09 10:00:00,commercial,852.46,27.5,54.1,0,10,3
2026-07-09 11:00:00,commercial,908.9,29.1,43.4,0,11,3
2026-07-09 12:00:00,commercial,873.36,27.8,41.0,0,12,3
2026-07-09 13:00:00,commercial,955.48,33.5,32.8,0,13,3
2026-07-09 14:00:00,commercial,953.35,32.0,42.1,0,14,3
2026-07-09 15:00:00,commercial,962.85,32.8,42.3,0,15,3
2026-07-09 16:00:00,commercial,901.04,33.3,40.7,0,16,3
2026-07-09 17:00:00,commercial,881.27,29.8,49.4,0,17,3
2026-07-09 18:00:00,commercial,774.65,31.1,31.6,0,18,3
2026-07-09 19:00:00,commercial,503.76,28.7,46.1,0,19,3
2026-07-09 20:00:00,commercial,402.96,28.9,41.2,0,20,3
2026-07-09 21:00:00,commercial,282.49,22.9,41.4,0,21,3
2026-07-09 22:00:00,commercial,276.27,24.4,47.1,0,22,3
2026-07-09 23:00:00,commercial,253.39,22.2,50.1,0,23,3
2026-07-10 00:00:00,commercial,238.08,22.6,48.6,0,0,4
2026-07-10 01:00:00,commercial,242.58,21.7,50.5,0,1,4
2026-07-10 02:00:00,commercial,227.72,19.3,55.5,0,2,4
2026-07-10 03:00:00,commercial,244.28,19.1,54.3,0,3,4
2026-07-10 04:00:00,commercial,238.02,20.2,48.5,0,4,4
2026-07-10 05:00:00,commercial,244.41,19.6,60.8,0,5,4
2026-07-10 06:00:00,commercial,301.84,23.2,55.6,0,6,4
2026-07-10 07:00:00,commercial,456.67,22.6,52.5,0,7,4
2026-07-10 08:00:00,commercial,570.38,20.3,58.5,0,8,4
2026-07-10 09:00:00,commercial,805.32,25.6,49.5,0,9,4
2026-07-10 10:00:00,commercial,832.09,26.2,40.6,0,10,4
2026-07-10 11:00:00,commercial,876.69,26.7,47.4,0,11,4
2026-07-10 12:00:00,commercial,907.16,28.6,38.6,0,12,4
2026-07-10 13:00:00,commercial,931.02,31.5,33.3,0,13,4
2026-07-10 14:00:00,commercial,962.38,34.0,29.0,0,14,4
2026-07-10 15:00:00,commercial,963.54,32.7,40.9,0,15,4
2026-07-10 16:00:00,commercial,892.56,31.1,49.2,0,16,4
2026-07-10 17:00:00,commercial,904.84,32.1,32.2,0,17,4
2026-07-10 18:00:00,commercial,718.19,29.7,49.6,0,18,4
2026-07-10 19:00:00,commercial,519.86,28.1,52.3,0,19,4
2026-07-10 20:00:00,commercial,343.93,26.0,47.0,0,20,4
2026-07-10 21:00:00,commercial,276.4,23.6,44.8,0,21,4
2026-07-10 22:00:00,commercial,259.59,24.1,50.2,0,22,4
2026-07-10 23:00:00,commercial,252.97,23.4,50.4,0,23,4
2026-07-11 00:00:00,commercial,205.92,21.9,55.2,1,0,5
2026-07-11 01:00:00,commercial,208.89,20.4,58.0,1,1,5
2026-07-11 02:00:00,commercial,182.7,19.1,53.2,1,2,5
2026-07-11 03:00:00,commercial,217.67,21.2,48.9,1,3,5
2026-07-11 04:00:00,commercial,241.33,18.5,56.3,1,4,5
2026-07-11 05:00:00,commercial,235.17,22.2,48.2,1,5,5
2026-07-11 06:00:00,commercial,236.0,20.5,50.6,1,6,5
2026-07-11 07:00:00,commercial,263.61,22.1,48.6,1,7,5
2026-07-11 08:00:00,commercial,350.84,22.5,52.3,1,8,5
2026-07-11 09:00:00,commercial,440.92,25.5,43.2,1,9,5
2026-07-11 10:00:00,commercial,468.83,29.3,39.6,1,10,5
2026-07-11 11:00:00,commercial,447.26,30.0,45.9,1,11,5
2026-07-11 12:00:00,commercial,478.67,32.0,40.5,1,12,5
2026-07-11 13:00:00,commercial,472.54,32.2,32.8,1,13,5
2026-07-11 14:00:00,commercial,503.02,30.4,35.3,1,14,5
2026-07-11 15:00:00,commercial,479.45,31.8,41.0,1,15,5
2026-07-11 16:00:00,commercial,475.13,30.9,37.9,1,16,5
2026-07-11 17:00:00,commercial,447.77,33.5,37.4,1,17,5
2026-07-11 18:00:00,commercial,370.71,28.7,52.4,1,18,5
2026-07-11 19:00:00,commercial,298.3,30.6,43.0,1,19,5
2026-07-11 20:00:00,commercial,303.3,29.2,46.5,1,20,5
2026-07-11 21:00:00,commercial,275.26,29.0,39.4,1,21,5
2026-07-11 22:00:00,commercial,251.93,24.1,49.7,1,22,5
2026-07-11 23:00:00,commercial,209.15,24.3,56.3,1,23,5
2026-07-12 00:00:00,commercial,283.87,25.5,43.0,1,0,6
2026-07-12 01:00:00,commercial,241.29,20.2,52.7,1,1,6
2026-07-12 02:00:00,commercial,236.36,18.2,54.2,1,2,6
2026-07-12 03:00:00,commercial,236.95,17.5,57.0,1,3,6
2026-07-12 04:00:00,commercial,233.79,21.6,50.9,1,4,6
2026-07-12 05:00:00,commercial,220.24,18.3,55.0,1,5,6
2026-07-12 06:00:00,commercial,186.61,21.5,56.6,1,6,6
2026-07-12 07:00:00,commercial,305.78,24.0,51.2,1,7,6
2026-07-12 08:00:00,commercial,381.27,25.1,53.1,1,8,6
2026-07-12 09:00:00,commercial,435.44,27.0,39.7,1,9,6
2026-07-12 10:00:00,commercial,417.73,28.2,46.0,1,10,6
2026-07-12 11:00:00,commercial,453.05,31.3,34.1,1,11,6
2026-07-12 12:00:00,commercial,443.92,29.2,45.3,1,12,6
2026-07-12 13:00:00,commercial,458.88,30.5,41.7,1,13,6
2026-07-12 14:00:00,commercial,491.54,31.0,45.2,1,14,6
2026-07-12 15:00:00,commercial,465.76,33.6,38.5,1,15,6
2026-07-12 16:00:00,commercial,482.55,33.5,34.0,1,16,6
2026-07-12 17:00:00,commercial,434.95,32.2,43.9,1,17,6
2026-07-12 18:00:00,commercial,412.15,32.4,38.3,1,18,6
2026-07-12 19:00:00,commercial,326.76,27.6,49.7,1,19,6
2026-07-12 20:00:00,commercial,310.51,30.4,35.6,1,20,6
2026-07-12 21:00:00,commercial,254.77,28.6,46.9,1,21,6
2026-07-12 22:00:00,commercial,253.65,25.9,53.6,1,22,6
2026-07-12 23:00:00,commercial,294.48,26.0,43.8,1,23,6
2026-07-13 00:00:00,commercial,231.21,19.7,65.4,0,0,0
2026-07-13 01:00:00,commercial,200.12,20.4,52.2,0,1,0
2026-07-13 02:00:00,commercial,222.34,19.5,57.1,0,2,0
2026-07-13 03:00:00,commercial,223.51,21.5,62.2,0,3,0
2026-07-13 04:00:00,commercial,225.27,19.1,64.8,0,4,0
2026-07-13 05:00:00,commercial,235.38,22.4,56.2,0,5,0
2026-07-13 06:00:00,commercial,287.79,24.2,60.4,0,6,0
2026-07-13 07:00:00,commercial,435.76,24.5,45.0,0,7,0
2026-07-13 08:00:00,commercial,662.47,25.3,51.4,0,8,0
2026-07-13 09:00:00,commercial,808.02,24.9,52.5,0,9,0
2026-07-13 10:00:00,commercial,869.87,26.7,42.9,0,10,0
2026-07-13 11:00:00,commercial,908.28,31.3,39.4,0,11,0
2026-07-13 12:00:00,commercial,900.85,31.8,40.7,0,12,0
2026-07-13 13:00:00,commercial,941.12,31.6,38.8,0,13,0
2026-07-13 14:00:00,commercial,952.94,31.6,33.7,0,14,0
2026-07-13 15:00:00,commercial,911.12,29.4,45.0,0,15,0
2026-07-13 16:00:00,commercial,916.97,30.6,42.8,0,16,0
2026-07-13 17:00:00,commercial,917.8,34.5,44.2,0,17,0
2026-07-13 18:00:00,commercial,713.52,28.7,46.9,0,18,0
2026-07-13 19:00:00,commercial,550.08,29.7,37.9,0,19,0
2026-07-13 20:00:00,commercial,385.2,29.5,49.5,0,20,0
2026-07-13 21:00:00,commercial,298.91,24.5,53.7,0,21,0
2026-07-13 22:00:00,commercial,287.88,25.1,44.6,0,22,0
2026-07-13 23:00:00,commercial,270.98,24.8,44.2,0,23,0
2026-07-14 00:00:00,commercial,238.26,22.3,55.6,0,0,1
2026-07-14 01:00:00,commercial,273.79,25.6,44.4,0,1,1
2026-07-14 02:00:00,commercial,268.18,18.2,56.2,0,2,1
2026-07-14 03:00:00,commercial,241.94,22.1,56.8,0,3,1
2026-07-14 04:00:00,commercial,219.57,20.4,56.4,0,4,1
2026-07-14 05:00:00,commercial,285.32,22.5,68.1,0,5,1
2026-07-14 06:00:00,commercial,293.29,22.9,61.0,0,6,1
2026-07-14 07:00:00,commercial,425.1,22.4,52.0,0,7,1
2026-07-14 08:00:00,commercial,649.47,25.3,58.2,0,8,1
2026-07-14 09:00:00,commercial,769.09,23.7,53.5,0,9,1
2026-07-14 10:00:00,commercial,868.15,29.0,47.1,0,10,1
2026-07-14 11:00:00,commercial,898.63,29.9,35.6,0,11,1
2026-07-14 12:00:00,commercial,923.72,31.7,39.7,0,12,1
2026-07-14 13:00:00,commercial,955.0,33.3,40.1,0,13,1
2026-07-14 14:00:00,commercial,972.38,32.8,41.2,0,14,1
2026-07-14 15:00:00,commercial,901.53,32.7,45.8,0,15,1
2026-07-14 16:00:00,commercial,932.0,31.0,43.6,0,16,1
2026-07-14 17:00:00,commercial,892.98,30.6,37.2,0,17,1
2026-07-14 18:00:00,commercial,782.28,32.5,41.6,0,18,1
2026-07-14 19:00:00,commercial,574.73,31.7,43.2,0,19,1
2026-07-14 20:00:00,commercial,393.88,27.7,54.6,0,20,1
2026-07-14 21:00:00,commercial,307.11,26.6,43.1,0,21,1
2026-07-14 22:00:00,commercial,268.33,23.6,51.1,0,22,1
2026-07-14 23:00:00,commercial,271.91,25.3,43.5,0,23,1
2026-07-15 00:00:00,commercial,275.12,23.3,49.3,0,0,2
2026-07-15 01:00:00,commercial,255.39,24.3,45.4,0,1,2
2026-07-15 02:00:00,commercial,240.23,19.5,52.9,0,2,2
2026-07-15 03:00:00,commercial,227.87,20.0,61.9,0,3,2
2026-07-15 04:00:00,commercial,233.78,21.1,55.8,0,4,2
2026-07-15 05:00:00,commercial,253.91,22.4,52.0,0,5,2
2026-07-15 06:00:00,commercial,284.89,22.0,47.9,0,6,2
2026-07-15 07:00:00,commercial,425.99,22.3,57.1,0,7,2
2026-07-15 08:00:00,commercial,659.68,26.3,42.7,0,8,2
2026-07-15 09:00:00,commercial,836.17,27.7,41.1,0,9,2
2026-07-15 10:00:00,commercial,842.31,26.8,53.1,0,10,2
2026-07-15 11:00:00,commercial,955.63,31.6,37.7,0,11,2
2026-07-15 12:00:00,commercial,952.88,32.6,56.0,0,12,2
2026-07-15 13:00:00,commercial,948.37,32.0,37.0,0,13,2
2026-07-15 14:00:00,commercial,903.03,32.5,42.1,0,14,2
2026-07-15 15:00:00,commercial,932.39,33.4,43.7,0,15,2
2026-07-15 16:00:00,commercial,905.62,31.1,52.1,0,16,2
2026-07-15 17:00:00,commercial,885.57,31.8,37.6,0,17,2
2026-07-15 18:00:00,commercial,685.28,27.6,49.8,0,18,2
2026-07-15 19:00:00,commercial,547.67,30.9,49.9,0,19,2
2026-07-15 20:00:00,commercial,338.87,25.8,47.7,0,20,2
2026-07-15 21:00:00,commercial,374.84,28.8,40.1,0,21,2
2026-07-15 22:00:00,commercial,296.02,24.5,52.6,0,22,2
2026-07-15 23:00:00,commercial,222.17,23.3,44.3,0,23,2
2026-07-16 00:00:00,commercial,240.23,21.5,57.0,0,0,3
2026-07-16 01:00:00,commercial,224.67,21.0,59.0,0,1,3
2026-07-16 02:00:00,commercial,249.44,23.0,50.6,0,2,3
2026-07-16 03:00:00,commercial,219.09,16.9,54.3,0,3,3
2026-07-16 04:00:00,commercial,256.74,22.8,60.5,0,4,3
2026-07-16 05:00:00,commercial,251.42,22.0,55.1,0,5,3
2026-07-16 06:00:00,commercial,262.21,20.6,51.7,0,6,3
2026-07-16 07:00:00,commercial,423.34,22.0,47.7,0,7,3
2026-07-16 08:00:00,commercial,701.0,27.6,43.6,0,8,3
2026-07-16 09:00:00,commercial,764.88,25.2,47.9,0,9,3
2026-07-16 10:00:00,commercial,822.58,26.5,42.9,0,10,3
2026-07-16 11:00:00,commercial,930.42,31.4,44.0,0,11,3
2026-07-16 12:00:00,commercial,924.79,31.4,34.1,0,12,3
2026-07-16 13:00:00,commercial,936.47,30.4,44.8,0,13,3
2026-07-16 14:00:00,commercial,953.8,32.8,37.3,0,14,3
2026-07-16 15:00:00,commercial,936.06,31.1,37.8,0,15,3
2026-07-16 16:00:00,commercial,937.54,34.1,38.1,0,16,3
2026-07-16 17:00:00,commercial,892.28,33.4,36.0,0,17,3
2026-07-16 18:00:00,commercial,753.34,31.7,35.7,0,18,3
2026-07-16 19:00:00,commercial,515.46,30.2,43.8,0,19,3
2026-07-16 20:00:00,commercial,422.44,30.9,47.5,0,20,3
2026-07-16 21:00:00,commercial,328.47,26.7,35.7,0,21,3
2026-07-16 22:00:00,commercial,279.21,23.3,45.1,0,22,3
2026-07-16 23:00:00,commercial,275.25,24.3,47.9,0,23,3
2026-07-17 00:00:00,commercial,272.17,25.6,50.6,0,0,4
2026-07-17 01:00:00,commercial,215.42,20.0,57.5,0,1,4
2026-07-17 02:00:00,commercial,225.01,20.4,53.9,0,2,4
2026-07-17 03:00:00,commercial,217.97,21.4,50.5,0,3,4
2026-07-17 04:00:00,commercial,190.45,20.9,57.9,0,4,4
2026-07-17 05:00:00,commercial,244.48,20.1,68.3,0,5,4
2026-07-17 06:00:00,commercial,334.04,24.2,51.4,0,6,4
2026-07-17 07:00:00,commercial,493.93,27.2,56.5,0,7,4
2026-07-17 08:00:00,commercial,645.26,25.5,46.2,0,8,4
2026-07-17 09:00:00,commercial,778.62,25.4,40.5,0,9,4
2026-07-17 10:00:00,commercial,876.71,26.0,44.9,0,10,4
2026-07-17 11:00:00,commercial,880.05,30.1,41.3,0,11,4
2026-07-17 12:00:00,commercial,921.58,32.6,45.6,0,12,4
2026-07-17 13:00:00,commercial,967.77,32.6,31.2,0,13,4
2026-07-17 14:00:00,commercial,958.38,32.5,41.8,0,14,4
2026-07-17 15:00:00,commercial,915.07,31.8,42.2,0,15,4
2026-07-17 16:00:00,commercial,880.86,30.9,44.0,0,16,4
2026-07-17 17:00:00,commercial,895.27,33.2,40.5,0,17,4
2026-07-17 18:00:00,commercial,763.18,32.3,44.0,0,18,4
2026-07-17 19:00:00,commercial,483.9,27.4,48.7,0,19,4
2026-07-17 20:00:00,commercial,432.26,30.7,46.2,0,20,4
2026-07-17 21:00:00,commercial,314.74,27.6,37.7,0,21,4
2026-07-17 22:00:00,commercial,330.8,27.3,45.6,0,22,4
2026-07-17 23:00:00,commercial,243.13,21.7,58.6,0,23,4
2026-07-18 00:00:00,commercial,222.16,20.5,50.8,1,0,5
2026-07-18 01:00:00,commercial,246.28,21.4,48.0,1,1,5
2026-07-18 02:00:00,commercial,213.73,21.8,60.1,1,2,5
2026-07-18 03:00:00,commercial,244.66,23.5,50.5,1,3,5
2026-07-18 04:00:00,commercial,218.26,22.1,46.1,1,4,5
2026-07-18 05:00:00,commercial,219.58,21.3,50.7,1,5,5
2026-07-18 06:00:00,commercial,204.09,21.0,61.4,1,6,5
2026-07-18 07:00:00,commercial,292.24,25.7,49.4,1,7,5
2026-07-18 08:00:00,commercial,317.36,23.8,65.2,1,8,5
2026-07-18 09:00:00,commercial,420.5,29.3,53.5,1,9,5
2026-07-18 10:00:00,commercial,474.08,27.9,53.0,1,10,5
2026-07-18 11:00:00,commercial,464.17,32.2,37.9,1,11,5
2026-07-18 12:00:00,commercial,497.72,32.1,42.7,1,12,5
2026-07-18 13:00:00,commercial,462.71,31.8,45.9,1,13,5
2026-07-18 14:00:00,commercial,459.78,31.8,44.1,1,14,5
2026-07-18 15:00:00,commercial,446.47,32.3,38.1,1,15,5
2026-07-18 16:00:00,commercial,498.17,33.2,33.3,1,16,5
2026-07-18 17:00:00,commercial,461.23,32.1,42.5,1,17,5
2026-07-18 18:00:00,commercial,402.6,30.2,46.1,1,18,5
2026-07-18 19:00:00,commercial,308.67,29.6,46.6,1,19,5
2026-07-18 20:00:00,commercial,282.59,28.5,42.0,1,20,5
2026-07-18 21:00:00,commercial,250.13,23.6,55.7,1,21,5
2026-07-18 22:00:00,commercial,252.78,25.9,50.5,1,22,5
2026-07-18 23:00:00,commercial,192.18,22.3,62.1,1,23,5
2026-07-19 00:00:00,commercial,258.74,20.9,51.2,1,0,6
2026-07-19 01:00:00,commercial,244.84,19.2,60.2,1,1,6
2026-07-19 02:00:00,commercial,185.72,18.4,57.6,1,2,6
2026-07-19 03:00:00,commercial,224.27,18.9,59.2,1,3,6
2026-07-19 04:00:00,commercial,201.31,20.0,66.8,1,4,6
2026-07-19 05:00:00,commercial,236.48,24.6,44.1,1,5,6
2026-07-19 06:00:00,commercial,226.44,21.9,45.5,1,6,6
2026-07-19 07:00:00,commercial,288.02,24.2,44.6,1,7,6
2026-07-19 08:00:00,commercial,367.21,25.9,42.6,1,8,6
2026-07-19 09:00:00,commercial,463.87,27.1,51.9,1,9,6
2026-07-19 10:00:00,commercial,436.11,28.3,49.3,1,10,6
2026-07-19 11:00:00,commercial,443.78,28.1,45.8,1,11,6
2026-07-19 12:00:00,commercial,450.51,33.3,38.7,1,12,6
2026-07-19 13:00:00,commercial,519.45,34.8,43.5,1,13,6
2026-07-19 14:00:00,commercial,470.59,30.2,35.2,1,14,6
2026-07-19 15:00:00,commercial,467.7,31.4,29.7,1,15,6
2026-07-19 16:00:00,commercial,470.1,32.3,34.4,1,16,6
2026-07-19 17:00:00,commercial,431.91,30.6,43.8,1,17,6
2026-07-19 18:00:00,commercial,423.17,31.9,47.5,1,18,6
2026-07-19 19:00:00,commercial,371.59,28.8,53.3,1,19,6
2026-07-19 20:00:00,commercial,291.37,31.7,40.6,1,20,6
2026-07-19 21:00:00,commercial,251.59,28.7,38.7,1,21,6
2026-07-19 22:00:00,commercial,251.58,25.7,40.7,1,22,6
2026-07-19 23:00:00,commercial,252.48,25.4,32.4,1,23,6
2026-07-20 00:00:00,commercial,237.62,24.4,43.2,0,0,0
2026-07-20 01:00:00,commercial,221.31,20.9,57.2,0,1,0
2026-07-20 02:00:00,commercial,229.69,19.9,49.7,0,2,0
2026-07-20 03:00:00,commercial,206.69,21.1,51.2,0,3,0
2026-07-20 04:00:00,commercial,226.19,22.5,55.3,0,4,0
2026-07-20 05:00:00,commercial,254.49,22.0,57.1,0,5,0
2026-07-20 06:00:00,commercial,238.01,20.4,61.1,0,6,0
2026-07-20 07:00:00,commercial,432.22,22.8,50.6,0,7,0
2026-07-20 08:00:00,commercial,656.74,25.3,43.1,0,8,0
2026-07-20 09:00:00,commercial,786.14,26.9,40.0,0,9,0
2026-07-20 10:00:00,commercial,888.16,31.5,40.7,0,10,0
2026-07-20 11:00:00,commercial,892.42,27.9,39.0,0,11,0
2026-07-20 12:00:00,commercial,952.96,32.0,46.8,0,12,0
2026-07-20 13:00:00,commercial,964.41,34.4,46.9,0,13,0
2026-07-20 14:00:00,commercial,987.12,36.2,32.0,0,14,0
2026-07-20 15:00:00,commercial,922.17,32.4,47.2,0,15,0
2026-07-20 16:00:00,commercial,954.74,33.5,43.6,0,16,0
2026-07-20 17:00:00,commercial,886.26,33.0,37.1,0,17,0
2026-07-20 18:00:00,commercial,748.89,31.5,41.9,0,18,0
2026-07-20 19:00:00,commercial,530.44,29.8,45.1,0,19,0
2026-07-20 20:00:00,commercial,410.37,29.2,46.7,0,20,0
2026-07-20 21:00:00,commercial,266.4,23.2,56.6,0,21,0
2026-07-20 22:00:00,commercial,303.9,26.4,50.5,0,22,0
2026-07-20 23:00:00,commercial,292.47,24.2,52.5,0,23,0
2026-07-21 00:00:00,commercial,255.04,22.5,56.9,0,0,1
2026-07-21 01:00:00,commercial,277.27,24.9,46.3,0,1,1
2026-07-21 02:00:00,commercial,243.87,20.2,56.5,0,2,1
2026-07-21 03:00:00,commercial,217.42,20.4,54.7,0,3,1
2026-07-21 04:00:00,commercial,284.32,24.2,54.5,0,4,1
2026-07-21 05:00:00,commercial,234.55,20.6,54.2,0,5,1
2026-07-21 06:00:00,commercial,299.96,22.0,53.2,0,6,1
2026-07-21 07:00:00,commercial,443.21,23.8,57.0,0,7,1
2026-07-21 08:00:00,commercial,659.51,26.8,42.8,0,8,1
2026-07-21 09:00:00,commercial,786.28,27.4,48.4,0,9,1
2026-07-21 10:00:00,commercial,864.61,26.7,60.0,0,10,1
2026-07-21 11:00:00,commercial,909.5,29.2,37.0,0,11,1
2026-07-21 12:00:00,commercial,924.13,30.4,55.1,0,12,1
2026-07-21 13:00:00,commercial,939.78,32.1,31.5,0,13,1
2026-07-21 14:00:00,commercial,932.06,33.5,37.2,0,14,1
2026-07-21 15:00:00,commercial,942.14,33.7,47.7,0,15,1
2026-07-21 16:00:00,commercial,876.2,30.2,45.9,0,16,1
2026-07-21 17:00:00,commercial,917.27,33.8,37.5,0,17,1
2026-07-21 18:00:00,commercial,763.4,31.7,40.5,0,18,1
2026-07-21 19:00:00,commercial,538.29,32.1,45.9,0,19,1
2026-07-21 20:00:00,commercial,409.77,29.3,44.9,0,20,1
2026-07-21 21:00:00,commercial,372.79,28.7,52.5,0,21,1
2026-07-21 22:00:00,commercial,275.12,26.2,51.0,0,22,1
2026-07-21 23:00:00,commercial,316.78,26.1,46.8,0,23,1
2026-07-22 00:00:00,commercial,238.52,23.7,53.4,0,0,2
2026-07-22 01:00:00,commercial,254.32,21.8,56.3,0,1,2
2026-07-22 02:00:00,commercial,287.35,24.7,48.1,0,2,2
2026-07-22 03:00:00,commercial,260.41,22.5,57.6,0,3,2
2026-07-22 04:00:00,commercial,243.05,22.2,53.5,0,4,2
2026-07-22 05:00:00,commercial,211.09,20.0,46.9,0,5,2
2026-07-22 06:00:00,commercial,291.57,20.9,58.5,0,6,2
2026-07-22 07:00:00,commercial,481.19,24.6,51.5,0,7,2
2026-07-22 08:00:00,commercial,651.32,25.8,54.2,0,8,2
2026-07-22 09:00:00,commercial,786.67,26.2,43.0,0,9,2
2026-07-22 10:00:00,commercial,889.0,28.9,48.4,0,10,2
2026-07-22 11:00:00,commercial,931.7,32.5,36.0,0,11,2
2026-07-22 12:00:00,commercial,897.76,32.4,46.6,0,12,2
2026-07-22 13:00:00,commercial,924.98,30.6,41.8,0,13,2
2026-07-22 14:00:00,commercial,970.99,32.8,47.5,0,14,2
2026-07-22 15:00:00,commercial,898.58,31.9,34.9,0,15,2
2026-07-22 16:00:00,commercial,884.14,32.3,37.9,0,16,2
2026-07-22 17:00:00,commercial,838.74,31.7,34.0,0,17,2
2026-07-22 18:00:00,commercial,743.96,30.6,37.8,0,18,2
2026-07-22 19:00:00,commercial,545.22,28.2,48.1,0,19,2
2026-07-22 20:00:00,commercial,396.29,28.5,49.8,0,20,2
2026-07-22 21:00:00,commercial,308.77,26.3,49.5,0,21,2
2026-07-22 22:00:00,commercial,205.81,21.2,49.6,0,22,2
2026-07-22 23:00:00,commercial,331.59,27.2,38.6,0,23,2
2026-07-23 00:00:00,commercial,299.08,24.6,61.8,0,0,3
2026-07-23 01:00:00,commercial,227.57,21.4,57.8,0,1,3
2026-07-23 02:00:00,commercial,228.76,21.4,53.2,0,2,3
2026-07-23 03:00:00,commercial,210.24,19.4,54.0,0,3,3
2026-07-23 04:00:00,commercial,269.24,23.9,49.1,0,4,3
2026-07-23 05:00:00,commercial,273.48,24.8,49.9,0,5,3
2026-07-23 06:00:00,commercial,308.33,23.2,57.9,0,6,3
2026-07-23 07:00:00,commercial,455.48,25.7,52.5,0,7,3
2026-07-23 08:00:00,commercial,697.99,25.9,42.6,0,8,3
2026-07-23 09:00:00,commercial,793.99,25.2,53.1,0,9,3
2026-07-23 10:00:00,commercial,872.82,28.1,54.7,0,10,3
2026-07-23 11:00:00,commercial,904.86,30.4,44.4,0,11,3
2026-07-23 12:00:00,commercial,910.6,30.8,40.7,0,12,3
2026-07-23 13:00:00,commercial,950.87,32.1,41.0,0,13,3
2026-07-23 14:00:00,commercial,959.98,32.9,30.2,0,14,3
2026-07-23 15:00:00,commercial,944.58,33.1,43.1,0,15,3
2026-07-23 16:00:00,commercial,965.75,33.1,40.2,0,16,3
2026-07-23 17:00:00,commercial,855.76,30.8,40.3,0,17,3
2026-07-23 18:00:00,commercial,740.75,30.4,48.6,0,18,3
2026-07-23 19:00:00,commercial,517.41,28.3,40.8,0,19,3
2026-07-23 20:00:00,commercial,396.34,30.2,38.3,0,20,3
2026-07-23 21:00:00,commercial,244.89,24.0,49.4,0,21,3
2026-07-23 22:00:00,commercial,347.71,27.4,55.8,0,22,3
2026-07-23 23:00:00,commercial,282.43,26.3,46.2,0,23,3
2026-07-24 00:00:00,commercial,265.15,22.6,47.9,0,0,4
2026-07-24 01:00:00,commercial,222.49,18.2,59.3,0,1,4
2026-07-24 02:00:00,commercial,235.96,20.9,54.4,0,2,4
2026-07-24 03:00:00,commercial,230.95,21.2,51.4,0,3,4
2026-07-24 04:00:00,commercial,224.62,20.0,50.6,0,4,4
2026-07-24 05:00:00,commercial,254.36,21.3,56.7,0,5,4
2026-07-24 06:00:00,commercial,329.55,25.3,48.0,0,6,4
2026-07-24 07:00:00,commercial,441.33,25.3,51.9,0,7,4
2026-07-24 08:00:00,commercial,675.05,24.3,50.2,0,8,4
2026-07-24 09:00:00,commercial,768.99,24.9,57.1,0,9,4
2026-07-24 10:00:00,commercial,871.59,28.3,42.5,0,10,4
2026-07-24 11:00:00,commercial,903.63,30.0,47.3,0,11,4
2026-07-24 12:00:00,commercial,922.94,32.3,38.4,0,12,4
2026-07-24 13:00:00,commercial,954.13,31.7,42.8,0,13,4
2026-07-24 14:00:00,commercial,951.38,33.8,37.0,0,14,4
2026-07-24 15:00:00,commercial,1004.04,36.2,35.2,0,15,4
2026-07-24 16:00:00,commercial,944.78,34.3,43.3,0,16,4
2026-07-24 17:00:00,commercial,873.0,32.4,35.8,0,17,4
2026-07-24 18:00:00,commercial,762.87,31.2,39.5,0,18,4
2026-07-24 19:00:00,commercial,550.21,29.7,38.4,0,19,4
2026-07-24 20:00:00,commercial,427.96,30.6,38.2,0,20,4
2026-07-24 21:00:00,commercial,299.24,26.3,36.7,0,21,4
2026-07-24 22:00:00,commercial,284.09,25.8,47.4,0,22,4
2026-07-24 23:00:00,commercial,282.02,24.4,51.8,0,23,4
2026-07-25 00:00:00,commercial,230.6,22.4,53.6,1,0,5
2026-07-25 01:00:00,commercial,220.0,20.1,47.9,1,1,5
2026-07-25 02:00:00,commercial,238.86,22.0,54.4,1,2,5
2026-07-25 03:00:00,commercial,228.81,21.3,57.1,1,3,5
2026-07-25 04:00:00,commercial,232.28,22.3,55.3,1,4,5
2026-07-25 05:00:00,commercial,239.31,21.4,52.9,1,5,5
2026-07-25 06:00:00,commercial,250.61,24.9,47.2,1,6,5
2026-07-25 07:00:00,commercial,275.18,23.0,49.1,1,7,5
2026-07-25 08:00:00,commercial,400.43,28.4,43.3,1,8,5
2026-07-25 09:00:00,commercial,425.56,24.7,50.4,1,9,5
2026-07-25 10:00:00,commercial,444.57,29.6,48.1,1,10,5
2026-07-25 11:00:00,commercial,468.16,31.1,39.8,1,11,5
2026-07-25 12:00:00,commercial,453.68,30.4,36.4,1,12,5
2026-07-25 13:00:00,commercial,479.64,33.2,34.9,1,13,5
2026-07-25 14:00:00,commercial,516.3,35.1,47.9,1,14,5
2026-07-25 15:00:00,commercial,459.49,30.0,37.3,1,15,5
2026-07-25 16:00:00,commercial,469.5,33.9,42.4,1,16,5
2026-07-25 17:00:00,commercial,468.91,28.8,47.1,1,17,5
2026-07-25 18:00:00,commercial,413.5,30.1,42.6,1,18,5
2026-07-25 19:00:00,commercial,328.9,32.8,40.4,1,19,5
2026-07-25 20:00:00,commercial,293.35,28.0,42.7,1,20,5
2026-07-25 21:00:00,commercial,233.12,25.6,56.7,1,21,5
2026-07-25 22:00:00,commercial,253.2,25.5,42.0,1,22,5
2026-07-25 23:00:00,commercial,281.74,27.5,54.3,1,23,5
2026-07-26 00:00:00,commercial,223.52,20.4,54.2,1,0,6
2026-07-26 01:00:00,commercial,223.52,20.7,56.6,1,1,6
2026-07-26 02:00:00,commercial,238.9,23.9,48.4,1,2,6
2026-07-26 03:00:00,commercial,242.28,24.2,45.2,1,3,6
2026-07-26 04:00:00,commercial,208.91,21.5,57.3,1,4,6
2026-07-26 05:00:00,commercial,241.54,20.4,51.9,1,5,6
2026-07-26 06:00:00,commercial,256.85,26.3,45.0,1,6,6
2026-07-26 07:00:00,commercial,316.62,26.8,52.4,1,7,6
2026-07-26 08:00:00,commercial,388.38,26.9,48.9,1,8,6
2026-07-26 09:00:00,commercial,445.53,26.2,51.9,1,9,6
2026-07-26 10:00:00,commercial,435.36,28.9,47.0,1,10,6
2026-07-26 11:00:00,commercial,453.7,30.2,47.7,1,11,6
2026-07-26 12:00:00,commercial,453.25,32.2,31.4,1,12,6
2026-07-26 13:00:00,commercial,470.65,34.8,37.9,1,13,6
2026-07-26 14:00:00,commercial,489.31,34.5,41.7,1,14,6
2026-07-26 15:00:00,commercial,469.0,31.8,30.6,1,15,6
2026-07-26 16:00:00,commercial,501.21,35.3,23.5,1,16,6
2026-07-26 17:00:00,commercial,425.82,33.1,40.4,1,17,6
2026-07-26 18:00:00,commercial,406.73,32.7,51.4,1,18,6
2026-07-26 19:00:00,commercial,330.91,32.6,42.2,1,19,6
2026-07-26 20:00:00,commercial,272.84,27.3,48.9,1,20,6
2026-07-26 21:00:00,commercial,251.86,27.4,51.0,1,21,6
2026-07-26 22:00:00,commercial,229.01,25.1,57.8,1,22,6
2026-07-26 23:00:00,commercial,207.99,22.1,52.8,1,23,6
2026-07-27 00:00:00,commercial,286.92,23.8,51.9,0,0,0
2026-07-27 01:00:00,commercial,324.56,26.1,48.8,0,1,0
2026-07-27 02:00:00,commercial,232.03,19.0,53.7,0,2,0
2026-07-27 03:00:00,commercial,224.79,21.5,52.5,0,3,0
2026-07-27 04:00:00,commercial,256.27,22.7,44.1,0,4,0
2026-07-27 05:00:00,commercial,278.07,22.5,40.7,0,5,0
2026-07-27 06:00:00,commercial,292.58,23.1,49.3,0,6,0
2026-07-27 07:00:00,commercial,391.52,22.6,55.2,0,7,0
2026-07-27 08:00:00,commercial,663.55,26.3,41.9,0,8,0
2026-07-27 09:00:00,commercial,802.9,26.4,50.5,0,9,0
2026-07-27 10:00:00,commercial,826.3,25.8,38.0,0,10,0
2026-07-27 11:00:00,commercial,918.66,32.3,32.8,0,11,0
2026-07-27 12:00:00,commercial,944.64,33.2,35.5,0,12,0
2026-07-27 13:00:00,commercial,960.44,32.8,39.6,0,13,0
2026-07-27 14:00:00,commercial,952.84,33.7,38.3,0,14,0
2026-07-27 15:00:00,commercial,1003.48,35.1,41.8,0,15,0
2026-07-27 16:00:00,commercial,943.05,33.6,42.8,0,16,0
2026-07-27 17:00:00,commercial,917.7,34.1,47.7,0,17,0
2026-07-27 18:00:00,commercial,737.04,31.3,40.1,0,18,0
2026-07-27 19:00:00,commercial,552.32,32.5,41.3,0,19,0
2026-07-27 20:00:00,commercial,394.4,29.5,47.3,0,20,0
2026-07-27 21:00:00,commercial,340.42,27.8,48.9,0,21,0
2026-07-27 22:00:00,commercial,300.11,24.1,45.6,0,22,0
2026-07-27 23:00:00,commercial,299.37,24.9,59.0,0,23,0
2026-07-28 00:00:00,commercial,257.59,22.1,47.4,0,0,1
2026-07-28 01:00:00,commercial,249.22,21.4,50.9,0,1,1
2026-07-28 02:00:00,commercial,225.47,20.6,53.5,0,2,1
2026-07-28 03:00:00,commercial,219.01,20.0,47.5,0,3,1
2026-07-28 04:00:00,commercial,261.74,25.0,51.5,0,4,1
2026-07-28 05:00:00,commercial,291.23,24.4,38.4,0,5,1
2026-07-28 06:00:00,commercial,369.45,26.2,58.6,0,6,1
2026-07-28 07:00:00,commercial,419.1,22.8,52.4,0,7,1
2026-07-28 08:00:00,commercial,654.07,26.1,52.5,0,8,1
2026-07-28 09:00:00,commercial,788.05,25.6,38.0,0,9,1
2026-07-28 10:00:00,commercial,879.23,28.1,46.7,0,10,1
2026-07-28 11:00:00,commercial,923.68,29.2,52.8,0,11,1
2026-07-28 12:00:00,commercial,963.65,33.7,43.3,0,12,1
2026-07-28 13:00:00,commercial,944.21,32.2,37.3,0,13,1
2026-07-28 14:00:00,commercial,998.08,35.0,44.4,0,14,1
2026-07-28 15:00:00,commercial,937.36,34.5,38.2,0,15,1
2026-07-28 16:00:00,commercial,988.31,36.8,35.8,0,16,1
2026-07-28 17:00:00,commercial,834.52,30.6,46.6,0,17,1
2026-07-28 18:00:00,commercial,759.89,33.7,39.0,0,18,1
2026-07-28 19:00:00,commercial,526.49,32.3,43.9,0,19,1
2026-07-28 20:00:00,commercial,374.11,27.7,43.5,0,20,1
2026-07-28 21:00:00,commercial,359.48,29.1,38.9,0,21,1
2026-07-28 22:00:00,commercial,295.24,26.5,50.2,0,22,1
2026-07-28 23:00:00,commercial,306.42,24.2,45.1,0,23,1
2026-07-29 00:00:00,commercial,235.86,22.2,44.5,0,0,2
2026-07-29 01:00:00,commercial,193.65,21.4,42.6,0,1,2
2026-07-29 02:00:00,commercial,278.35,24.9,50.7,0,2,2
2026-07-29 03:00:00,commercial,232.51,21.7,45.4,0,3,2
2026-07-29 04:00:00,commercial,301.41,23.0,47.1,0,4,2
2026-07-29 05:00:00,commercial,201.94,21.3,59.5,0,5,2
2026-07-29 06:00:00,commercial,300.47,22.3,54.8,0,6,2
2026-07-29 07:00:00,commercial,477.57,26.3,57.9,0,7,2
2026-07-29 08:00:00,commercial,633.24,24.1,44.3,0,8,2
2026-07-29 09:00:00,commercial,826.23,27.0,52.5,0,9,2
2026-07-29 10:00:00,commercial,899.5,29.3,50.8,0,10,2
2026-07-29 11:00:00,commercial,906.69,30.8,34.5,0,11,2
2026-07-29 12:00:00,commercial,959.67,31.6,38.0,0,12,2
2026-07-29 13:00:00,commercial,938.93,33.5,44.4,0,13,2
2026-07-29 14:00:00,commercial,981.28,34.5,36.8,0,14,2
2026-07-29 15:00:00,commercial,1000.21,34.8,40.2,0,15,2
2026-07-29 16:00:00,commercial,886.54,32.0,36.2,0,16,2
2026-07-29 17:00:00,commercial,909.19,32.4,33.6,0,17,2
2026-07-29 18:00:00,commercial,787.1,33.7,33.4,0,18,2
2026-07-29 19:00:00,commercial,561.19,32.0,35.9,0,19,2
2026-07-29 20:00:00,commercial,366.05,27.2,51.1,0,20,2
2026-07-29 21:00:00,commercial,344.21,28.2,40.6,0,21,2
2026-07-29 22:00:00,commercial,261.99,23.1,48.6,0,22,2
2026-07-29 23:00:00,commercial,284.85,24.7,47.2,0,23,2
2026-07-30 00:00:00,commercial,300.64,26.3,53.0,0,0,3
2026-07-30 01:00:00,commercial,256.33,21.1,58.5,0,1,3
2026-07-30 02:00:00,commercial,215.7,20.7,55.0,0,2,3
2026-07-30 03:00:00,commercial,249.1,22.9,48.9,0,3,3
2026-07-30 04:00:00,commercial,223.54,19.6,51.1,0,4,3
2026-07-30 05:00:00,commercial,227.59,21.6,56.0,0,5,3
2026-07-30 06:00:00,commercial,370.72,24.4,49.3,0,6,3
2026-07-30 07:00:00,commercial,430.21,23.8,48.8,0,7,3
2026-07-30 08:00:00,commercial,674.24,25.8,43.8,0,8,3
2026-07-30 09:00:00,commercial,834.46,28.9,44.6,0,9,3
2026-07-30 10:00:00,commercial,885.88,29.9,43.7,0,10,3
2026-07-30 11:00:00,commercial,921.24,31.1,37.9,0,11,3
2026-07-30 12:00:00,commercial,965.02,31.5,46.9,0,12,3
2026-07-30 13:00:00,commercial,963.69,33.5,39.5,0,13,3
2026-07-30 14:00:00,commercial,940.51,33.4,45.4,0,14,3
2026-07-30 15:00:00,commercial,977.71,34.4,35.2,0,15,3
2026-07-30 16:00:00,commercial,919.87,32.8,30.6,0,16,3
2026-07-30 17:00:00,commercial,867.52,32.7,32.8,0,17,3
2026-07-30 18:00:00,commercial,716.82,30.5,38.6,0,18,3
2026-07-30 19:00:00,commercial,540.39,30.7,42.4,0,19,3
2026-07-30 20:00:00,commercial,356.75,28.1,41.6,0,20,3
2026-07-30 21:00:00,commercial,323.29,26.1,39.9,0,21,3
2026-07-30 22:00:00,commercial,294.11,26.6,42.8,0,22,3
2026-07-30 23:00:00,commercial,284.87,25.1,46.1,0,23,3
2026-07-31 00:00:00,commercial,283.93,24.8,43.7,0,0,4
2026-07-31 01:00:00,commercial,234.71,22.0,48.6,0,1,4
2026-07-31 02:00:00,commercial,236.39,22.6,57.6,0,2,4
2026-07-31 03:00:00,commercial,230.51,22.6,51.8,0,3,4
2026-07-31 04:00:00,commercial,194.2,22.7,47.4,0,4,4
2026-07-31 05:00:00,commercial,218.7,21.4,50.9,0,5,4
2026-07-31 06:00:00,commercial,323.05,23.8,44.3,0,6,4
2026-07-31 07:00:00,commercial,471.99,25.4,58.8,0,7,4
2026-07-31 08:00:00,commercial,657.64,26.3,56.2,0,8,4
2026-07-31 09:00:00,commercial,778.54,24.7,58.0,0,9,4
2026-07-31 10:00:00,commercial,888.59,29.6,49.9,0,10,4
2026-07-31 11:00:00,commercial,928.57,34.1,42.5,0,11,4
2026-07-31 12:00:00,commercial,950.58,31.5,47.9,0,12,4
2026-07-31 13:00:00,commercial,920.49,31.9,42.3,0,13,4
2026-07-31 14:00:00,commercial,945.19,34.2,46.7,0,14,4
2026-07-31 15:00:00,commercial,962.72,34.3,36.5,0,15,4
2026-07-31 16:00:00,commercial,941.96,35.4,36.5,0,16,4
2026-07-31 17:00:00,commercial,872.0,31.1,37.4,0,17,4
2026-07-31 18:00:00,commercial,790.2,33.2,41.4,0,18,4
2026-07-31 19:00:00,commercial,537.38,31.7,39.1,0,19,4
2026-07-31 20:00:00,commercial,400.21,29.2,44.4,0,20,4
2026-07-31 21:00:00,commercial,341.43,28.3,46.5,0,21,4
2026-07-31 22:00:00,commercial,319.52,27.8,44.5,0,22,4
2026-07-31 23:00:00,commercial,270.72,26.1,42.5,0,23,4
2026-08-01 00:00:00,commercial,239.2,21.9,43.5,1,0,5
2026-08-01 01:00:00,commercial,222.91,23.9,55.5,1,1,5
2026-08-01 02:00:00,commercial,203.72,22.0,54.9,1,2,5
2026-08-01 03:00:00,commercial,234.68,22.0,44.7,1,3,5
2026-08-01 04:00:00,commercial,244.17,22.2,46.9,1,4,5
2026-08-01 05:00:00,commercial,230.54,22.5,49.3,1,5,5
2026-08-01 06:00:00,commercial,255.97,25.4,48.8,1,6,5
2026-08-01 07:00:00,commercial,303.65,24.8,45.8,1,7,5
2026-08-01 08:00:00,commercial,361.82,24.7,44.6,1,8,5
2026-08-01 09:00:00,commercial,418.5,27.3,48.8,1,9,5
2026-08-01 10:00:00,commercial,464.0,29.7,45.8,1,10,5
2026-08-01 11:00:00,commercial,488.93,32.7,37.0,1,11,5
2026-08-01 12:00:00,commercial,468.45,33.0,40.3,1,12,5
2026-08-01 13:00:00,commercial,474.69,31.8,41.5,1,13,5
2026-08-01 14:00:00,commercial,501.43,37.4,40.4,1,14,5
2026-08-01 15:00:00,commercial,502.54,34.3,42.8,1,15,5
2026-08-01 16:00:00,commercial,482.01,35.6,38.8,1,16,5
2026-08-01 17:00:00,commercial,469.71,32.9,41.4,1,17,5
2026-08-01 18:00:00,commercial,404.29,32.9,44.4,1,18,5
2026-08-01 19:00:00,commercial,344.21,32.2,37.6,1,19,5
2026-08-01 20:00:00,commercial,328.07,31.3,41.0,1,20,5
2026-08-01 21:00:00,commercial,294.46,29.5,30.8,1,21,5
2026-08-01 22:00:00,commercial,231.39,27.7,40.9,1,22,5
2026-08-01 23:00:00,commercial,234.13,24.4,53.2,1,23,5
2026-08-02 00:00:00,commercial,249.89,22.9,50.3,1,0,6
2026-08-02 01:00:00,commercial,223.04,23.3,41.7,1,1,6
2026-08-02 02:00:00,commercial,217.81,23.6,45.6,1,2,6
2026-08-02 03:00:00,commercial,243.87,21.6,45.6,1,3,6
2026-08-02 04:00:00,commercial,223.5,23.8,39.3,1,4,6
2026-08-02 05:00:00,commercial,272.41,25.0,45.4,1,5,6
2026-08-02 06:00:00,commercial,237.64,22.4,46.4,1,6,6
2026-08-02 07:00:00,commercial,303.97,23.7,51.2,1,7,6
2026-08-02 08:00:00,commercial,387.71,26.2,35.3,1,8,6
2026-08-02 09:00:00,commercial,417.09,28.4,39.6,1,9,6
2026-08-02 10:00:00,commercial,484.64,28.7,44.7,1,10,6
2026-08-02 11:00:00,commercial,463.71,33.0,44.8,1,11,6
2026-08-02 12:00:00,commercial,481.69,32.9,40.5,1,12,6
2026-08-02 13:00:00,commercial,489.57,33.2,43.2,1,13,6
2026-08-02 14:00:00,commercial,481.68,31.6,44.5,1,14,6
2026-08-02 15:00:00,commercial,497.87,32.0,41.7,1,15,6
2026-08-02 16:00:00,commercial,496.85,34.2,35.0,1,16,6
2026-08-02 17:00:00,commercial,455.36,30.0,38.2,1,17,6
2026-08-02 18:00:00,commercial,420.24,33.7,34.3,1,18,6
2026-08-02 19:00:00,commercial,353.23,30.7,42.3,1,19,6
2026-08-02 20:00:00,commercial,314.63,34.4,40.0,1,20,6
2026-08-02 21:00:00,commercial,269.2,31.4,36.8,1,21,6
2026-08-02 22:00:00,commercial,236.22,26.2,49.9,1,22,6
2026-08-02 23:00:00,commercial,246.78,24.8,52.6,1,23,6
2026-08-03 00:00:00,commercial,279.29,25.3,43.5,0,0,0
2026-08-03 01:00:00,commercial,272.13,25.4,47.4,0,1,0
2026-08-03 02:00:00,commercial,211.23,19.8,54.6,0,2,0
2026-08-03 03:00:00,commercial,234.23,19.4,58.3,0,3,0
2026-08-03 04:00:00,commercial,238.94,21.3,62.8,0,4,0
2026-08-03 05:00:00,commercial,282.71,23.7,59.2,0,5,0
2026-08-03 06:00:00,commercial,310.4,24.6,47.3,0,6,0
2026-08-03 07:00:00,commercial,470.32,26.7,50.2,0,7,0
2026-08-03 08:00:00,commercial,632.31,24.7,50.3,0,8,0
2026-08-03 09:00:00,commercial,771.76,24.6,53.3,0,9,0
2026-08-03 10:00:00,commercial,905.85,30.9,45.3,0,10,0
2026-08-03 11:00:00,commercial,911.12,29.8,44.4,0,11,0
2026-08-03 12:00:00,commercial,873.7,29.3,42.3,0,12,0
2026-08-03 13:00:00,commercial,969.33,33.5,39.1,0,13,0
2026-08-03 14:00:00,commercial,996.91,35.0,37.8,0,14,0
2026-08-03 15:00:00,commercial,981.19,33.9,42.2,0,15,0
2026-08-03 16:00:00,commercial,940.56,33.2,32.8,0,16,0
2026-08-03 17:00:00,commercial,918.5,33.0,39.4,0,17,0
2026-08-03 18:00:00,commercial,746.18,31.7,47.1,0,18,0
2026-08-03 19:00:00,commercial,540.59,29.0,46.4,0,19,0
2026-08-03 20:00:00,commercial,387.44,28.5,48.1,0,20,0
2026-08-03 21:00:00,commercial,353.24,28.8,51.0,0,21,0
2026-08-03 22:00:00,commercial,305.94,27.0,58.8,0,22,0
2026-08-03 23:00:00,commercial,267.99,25.3,45.3,0,23,0
2026-08-04 00:00:00,commercial,249.08,22.4,47.9,0,0,1
2026-08-04 01:00:00,commercial,281.15,22.7,57.5,0,1,1
2026-08-04 02:00:00,commercial,197.53,19.1,46.3,0,2,1
2026-08-04 03:00:00,commercial,226.35,22.4,51.1,0,3,1
2026-08-04 04:00:00,commercial,243.12,24.5,44.8,0,4,1
2026-08-04 05:00:00,commercial,228.47,20.7,53.3,0,5,1
2026-08-04 06:00:00,commercial,294.59,23.0,49.0,0,6,1
2026-08-04 07:00:00,commercial,614.71,25.6,55.3,0,7,1
2026-08-04 08:00:00,commercial,704.21,28.5,46.5,0,8,1
2026-08-04 09:00:00,commercial,822.33,27.5,43.9,0,9,1
2026-08-04 10:00:00,commercial,869.42,28.6,34.4,0,10,1
2026-08-04 11:00:00,commercial,858.53,28.2,45.9,0,11,1
2026-08-04 12:00:00,commercial,968.93,32.5,49.5,0,12,1
2026-08-04 13:00:00,commercial,989.21,36.4,31.4,0,13,1
2026-08-04 14:00:00,commercial,963.58,34.3,46.4,0,14,1
2026-08-04 15:00:00,commercial,941.85,34.1,37.0,0,15,1
2026-08-04 16:00:00,commercial,957.16,34.4,31.4,0,16,1
2026-08-04 17:00:00,commercial,890.52,33.3,39.5,0,17,1
2026-08-04 18:00:00,commercial,732.44,31.2,47.4,0,18,1
2026-08-04 19:00:00,commercial,566.51,32.4,44.0,0,19,1
2026-08-04 20:00:00,commercial,416.21,30.0,39.0,0,20,1
2026-08-04 21:00:00,commercial,328.5,28.2,43.1,0,21,1
2026-08-04 22:00:00,commercial,299.51,25.1,48.1,0,22,1
2026-08-04 23:00:00,commercial,305.22,27.1,43.0,0,23,1
2026-08-05 00:00:00,commercial,273.61,25.0,54.4,0,0,2
2026-08-05 01:00:00,commercial,252.51,22.2,47.0,0,1,2
2026-08-05 02:00:00,commercial,255.72,23.9,49.7,0,2,2
2026-08-05 03:00:00,commercial,211.59,21.5,57.2,0,3,2
2026-08-05 04:00:00,commercial,230.69,21.2,60.4,0,4,2
2026-08-05 05:00:00,commercial,238.05,21.9,59.7,0,5,2
2026-08-05 06:00:00,commercial,272.94,21.3,60.5,0,6,2
2026-08-05 07:00:00,commercial,443.98,25.9,46.3,0,7,2
2026-08-05 08:00:00,commercial,645.71,23.9,58.2,0,8,2
2026-08-05 09:00:00,commercial,852.45,26.4,44.9,0,9,2
2026-08-05 10:00:00,commercial,816.31,26.7,42.6,0,10,2
2026-08-05 11:00:00,commercial,895.13,31.1,41.7,0,11,2
2026-08-05 12:00:00,commercial,910.34,32.2,36.3,0,12,2
2026-08-05 13:00:00,commercial,951.94,32.9,36.4,0,13,2
2026-08-05 14:00:00,commercial,961.86,32.4,38.3,0,14,2
2026-08-05 15:00:00,commercial,932.06,32.5,35.9,0,15,2
2026-08-05 16:00:00,commercial,933.24,34.7,30.7,0,16,2
2026-08-05 17:00:00,commercial,873.66,32.6,44.0,0,17,2
2026-08-05 18:00:00,commercial,719.1,32.9,36.6,0,18,2
2026-08-05 19:00:00,commercial,530.5,29.9,37.5,0,19,2
2026-08-05 20:00:00,commercial,406.57,30.0,43.3,0,20,2
2026-08-05 21:00:00,commercial,375.98,30.2,42.6,0,21,2
2026-08-05 22:00:00,commercial,294.16,27.5,45.6,0,22,2
2026-08-05 23:00:00,commercial,246.31,24.6,52.3,0,23,2
2026-08-06 00:00:00,commercial,280.01,24.4,57.2,0,0,3
2026-08-06 01:00:00,commercial,260.04,22.7,45.4,0,1,3
2026-08-06 02:00:00,commercial,260.11,22.5,45.5,0,2,3
2026-08-06 03:00:00,commercial,251.2,21.8,49.8,0,3,3
2026-08-06 04:00:00,commercial,256.14,22.2,50.7,0,4,3
2026-08-06 05:00:00,commercial,267.47,23.4,61.9,0,5,3
2026-08-06 06:00:00,commercial,288.0,22.6,55.9,0,6,3
2026-08-06 07:00:00,commercial,438.82,23.8,50.6,0,7,3
2026-08-06 08:00:00,commercial,659.09,24.7,44.4,0,8,3
2026-08-06 09:00:00,commercial,776.38,25.9,47.2,0,9,3
2026-08-06 10:00:00,commercial,863.7,28.0,44.0,0,10,3
2026-08-06 11:00:00,commercial,901.03,31.5,40.9,0,11,3
2026-08-06 12:00:00,commercial,915.84,31.2,31.9,0,12,3
2026-08-06 13:00:00,commercial,960.98,34.3,46.6,0,13,3
2026-08-06 14:00:00,commercial,973.67,34.1,40.7,0,14,3
2026-08-06 15:00:00,commercial,935.31,31.3,40.2,0,15,3
2026-08-06 16:00:00,commercial,951.97,35.1,24.9,0,16,3
2026-08-06 17:00:00,commercial,903.17,34.7,39.5,0,17,3
2026-08-06 18:00:00,commercial,949.62,31.0,42.4,0,18,3
2026-08-06 19:00:00,commercial,538.29,31.9,49.7,0,19,3
2026-08-06 20:00:00,commercial,371.44,28.6,48.4,0,20,3
2026-08-06 21:00:00,commercial,347.2,28.4,54.3,0,21,3
2026-08-06 22:00:00,commercial,227.55,24.8,43.5,0,22,3
2026-08-06 23:00:00,commercial,270.81,22.6,55.0,0,23,3
2026-08-07 00:00:00,commercial,222.4,23.5,47.1,0,0,4
2026-08-07 01:00:00,commercial,240.48,23.0,50.4,0,1,4
2026-08-07 02:00:00,commercial,228.84,22.0,59.1,0,2,4
2026-08-07 03:00:00,commercial,214.11,20.6,57.2,0,3,4
2026-08-07 04:00:00,commercial,222.75,22.0,48.9,0,4,4
2026-08-07 05:00:00,commercial,251.36,23.6,51.9,0,5,4
2026-08-07 06:00:00,commercial,313.3,24.1,46.8,0,6,4
2026-08-07 07:00:00,commercial,469.8,25.6,47.4,0,7,4
2026-08-07 08:00:00,commercial,645.54,25.8,44.7,0,8,4
2026-08-07 09:00:00,commercial,850.36,30.1,40.7,0,9,4
2026-08-07 10:00:00,commercial,878.8,28.2,47.0,0,10,4
2026-08-07 11:00:00,commercial,906.1,32.1,39.2,0,11,4
2026-08-07 12:00:00,commercial,969.94,34.4,37.5,0,12,4
2026-08-07 13:00:00,commercial,952.11,34.3,32.4,0,13,4
2026-08-07 14:00:00,commercial,988.09,33.9,35.9,0,14,4
2026-08-07 15:00:00,commercial,963.13,33.6,33.4,0,15,4
2026-08-07 16:00:00,commercial,980.74,35.7,35.4,0,16,4
2026-08-07 17:00:00,commercial,853.56,31.4,32.0,0,17,4
2026-08-07 18:00:00,commercial,708.91,31.2,47.0,0,18,4
2026-08-07 19:00:00,commercial,538.32,30.8,45.0,0,19,4
2026-08-07 20:00:00,commercial,419.68,31.8,31.2,0,20,4
2026-08-07 21:00:00,commercial,366.08,28.9,48.7,0,21,4
2026-08-07 22:00:00,commercial,289.15,25.4,53.5,0,22,4
2026-08-07 23:00:00,commercial,273.34,24.9,50.5,0,23,4
2026-08-08 00:00:00,commercial,262.38,23.3,50.2,1,0,5
2026-08-08 01:00:00,commercial,249.52,22.2,62.9,1,1,5
2026-08-08 02:00:00,commercial,250.02,24.1,51.8,1,2,5
2026-08-08 03:00:00,commercial,201.42,20.4,53.2,1,3,5
2026-08-08 04:00:00,commercial,224.72,25.1,49.6,1,4,5
2026-08-08 05:00:00,commercial,263.78,24.5,55.4,1,5,5
2026-08-08 06:00:00,commercial,231.56,25.8,48.2,1,6,5
2026-08-08 07:00:00,commercial,307.4,24.8,52.5,1,7,5
2026-08-08 08:00:00,commercial,362.93,26.7,41.9,1,8,5
2026-08-08 09:00:00,commercial,397.55,26.3,50.4,1,9,5
2026-08-08 10:00:00,commercial,432.28,29.2,47.4,1,10,5
2026-08-08 11:00:00,commercial,469.43,32.2,39.8,1,11,5
2026-08-08 12:00:00,commercial,476.21,34.6,34.9,1,12,5
2026-08-08 13:00:00,commercial,469.92,32.0,50.9,1,13,5
2026-08-08 14:00:00,commercial,494.59,33.7,29.3,1,14,5
2026-08-08 15:00:00,commercial,434.99,34.2,35.4,1,15,5
2026-08-08 16:00:00,commercial,491.42,32.1,38.7,1,16,5
2026-08-08 17:00:00,commercial,458.65,34.5,34.3,1,17,5
2026-08-08 18:00:00,commercial,433.58,31.6,50.1,1,18,5
2026-08-08 19:00:00,commercial,343.39,31.2,43.4,1,19,5
2026-08-08 20:00:00,commercial,271.27,29.3,49.2,1,20,5
2026-08-08 21:00:00,commercial,289.49,27.3,49.6,1,21,5
2026-08-08 22:00:00,commercial,226.3,26.9,58.1,1,22,5
2026-08-08 23:00:00,commercial,250.34,25.1,52.4,1,23,5
2026-08-09 00:00:00,commercial,228.68,23.7,54.6,1,0,6
2026-08-09 01:00:00,commercial,205.98,22.2,54.8,1,1,6
2026-08-09 02:00:00,commercial,230.14,23.2,44.7,1,2,6
2026-08-09 03:00:00,commercial,213.22,25.0,54.7,1,3,6
2026-08-09 04:00:00,commercial,199.62,22.9,58.5,1,4,6
2026-08-09 05:00:00,commercial,246.63,24.8,45.7,1,5,6
2026-08-09 06:00:00,commercial,264.35,22.2,56.7,1,6,6
2026-08-09 07:00:00,commercial,284.58,25.8,43.1,1,7,6
2026-08-09 08:00:00,commercial,353.28,25.3,41.3,1,8,6
2026-08-09 09:00:00,commercial,429.06,26.3,50.4,1,9,6
2026-08-09 10:00:00,commercial,464.02,29.0,48.5,1,10,6
2026-08-09 11:00:00,commercial,453.68,33.3,34.3,1,11,6
2026-08-09 12:00:00,commercial,483.21,34.2,40.6,1,12,6
2026-08-09 13:00:00,commercial,487.82,34.1,43.1,1,13,6
2026-08-09 14:00:00,commercial,443.68,32.0,43.1,1,14,6
2026-08-09 15:00:00,commercial,496.65,34.2,38.6,1,15,6
2026-08-09 16:00:00,commercial,505.36,34.8,39.9,1,16,6
2026-08-09 17:00:00,commercial,456.98,34.0,33.9,1,17,6
2026-08-09 18:00:00,commercial,387.84,30.0,40.2,1,18,6
2026-08-09 19:00:00,commercial,358.29,30.2,47.4,1,19,6
2026-08-09 20:00:00,commercial,296.75,30.0,43.2,1,20,6
2026-08-09 21:00:00,commercial,265.92,29.3,46.2,1,21,6
2026-08-09 22:00:00,commercial,222.14,23.7,56.5,1,22,6
2026-08-09 23:00:00,commercial,228.19,25.3,50.7,1,23,6
2026-08-10 00:00:00,commercial,310.41,24.6,49.5,0,0,0
2026-08-10 01:00:00,commercial,306.21,24.7,54.0,0,1,0
2026-08-10 02:00:00,commercial,251.2,23.8,59.6,0,2,0
2026-08-10 03:00:00,commercial,245.69,23.5,39.1,0,3,0
2026-08-10 04:00:00,commercial,226.59,21.6,42.9,0,4,0
2026-08-10 05:00:00,commercial,232.36,20.5,59.2,0,5,0
2026-08-10 06:00:00,commercial,328.96,23.8,39.9,0,6,0
2026-08-10 07:00:00,commercial,492.25,27.1,49.2,0,7,0
2026-08-10 08:00:00,commercial,727.59,29.1,37.1,0,8,0
2026-08-10 09:00:00,commercial,850.0,29.7,49.0,0,9,0
2026-08-10 10:00:00,commercial,892.32,30.8,46.3,0,10,0
2026-08-10 11:00:00,commercial,920.5,32.2,43.1,0,11,0
2026-08-10 12:00:00,commercial,956.42,32.0,41.6,0,12,0
2026-08-10 13:00:00,commercial,965.72,33.6,40.8,0,13,0
2026-08-10 14:00:00,commercial,1001.33,36.9,35.3,0,14,0
2026-08-10 15:00:00,commercial,937.88,33.2,36.9,0,15,0
2026-08-10 16:00:00,commercial,1018.16,36.8,30.6,0,16,0
2026-08-10 17:00:00,commercial,1128.81,33.3,35.5,0,17,0
2026-08-10 18:00:00,commercial,801.1,34.8,44.7,0,18,0
2026-08-10 19:00:00,commercial,499.86,29.5,36.2,0,19,0
2026-08-10 20:00:00,commercial,400.94,31.0,41.9,0,20,0
2026-08-10 21:00:00,commercial,321.19,27.5,44.6,0,21,0
2026-08-10 22:00:00,commercial,275.61,24.9,48.6,0,22,0
2026-08-10 23:00:00,commercial,272.74,25.9,42.4,0,23,0
2026-08-11 00:00:00,commercial,286.6,25.9,50.1,0,0,1
2026-08-11 01:00:00,commercial,259.05,22.2,54.9,0,1,1
2026-08-11 02:00:00,commercial,233.73,20.6,57.0,0,2,1
2026-08-11 03:00:00,commercial,222.17,22.5,57.0,0,3,1
2026-08-11 04:00:00,commercial,227.7,22.8,51.4,0,4,1
2026-08-11 05:00:00,commercial,294.54,24.3,52.3,0,5,1
2026-08-11 06:00:00,commercial,380.25,25.9,46.3,0,6,1
2026-08-11 07:00:00,commercial,496.87,25.6,61.2,0,7,1
2026-08-11 08:00:00,commercial,708.93,29.9,53.3,0,8,1
2026-08-11 09:00:00,commercial,825.28,29.0,45.9,0,9,1
2026-08-11 10:00:00,commercial,878.52,29.7,44.6,0,10,1
2026-08-11 11:00:00,commercial,891.93,29.3,36.2,0,11,1
2026-08-11 12:00:00,commercial,908.96,32.5,48.6,0,12,1
2026-08-11 13:00:00,commercial,959.77,33.4,33.7,0,13,1
2026-08-11 14:00:00,commercial,1004.57,35.9,34.9,0,14,1
2026-08-11 15:00:00,commercial,1026.27,35.4,43.0,0,15,1
2026-08-11 16:00:00,commercial,895.25,32.7,38.3,0,16,1
2026-08-11 17:00:00,commercial,940.63,34.1,25.3,0,17,1
2026-08-11 18:00:00,commercial,825.6,33.9,39.2,0,18,1
2026-08-11 19:00:00,commercial,586.47,34.0,43.0,0,19,1
2026-08-11 20:00:00,commercial,446.17,31.6,34.9,0,20,1
2026-08-11 21:00:00,commercial,338.43,29.8,48.4,0,21,1
2026-08-11 22:00:00,commercial,284.71,27.2,39.6,0,22,1
2026-08-11 23:00:00,commercial,283.72,26.3,51.0,0,23,1
2026-08-12 00:00:00,commercial,315.84,26.4,46.2,0,0,2
2026-08-12 01:00:00,commercial,229.19,21.6,51.8,0,1,2
2026-08-12 02:00:00,commercial,235.47,22.4,49.9,0,2,2
2026-08-12 03:00:00,commercial,229.42,21.6,50.3,0,3,2
2026-08-12 04:00:00,commercial,259.38,23.5,50.9,0,4,2
2026-08-12 05:00:00,commercial,314.55,25.4,48.5,0,5,2
2026-08-12 06:00:00,commercial,320.38,23.6,45.8,0,6,2
2026-08-12 07:00:00,commercial,431.0,22.2,52.4,0,7,2
2026-08-12 08:00:00,commercial,638.77,26.6,42.9,0,8,2
2026-08-12 09:00:00,commercial,874.64,30.1,40.9,0,9,2
2026-08-12 10:00:00,commercial,902.02,31.1,44.7,0,10,2
2026-08-12 11:00:00,commercial,942.56,32.4,32.0,0,11,2
2026-08-12 12:00:00,commercial,948.04,32.6,43.8,0,12,2
2026-08-12 13:00:00,commercial,938.09,32.0,42.9,0,13,2
2026-08-12 14:00:00,commercial,986.99,35.3,41.6,0,14,2
2026-08-12 15:00:00,commercial,939.49,33.5,28.5,0,15,2
2026-08-12 16:00:00,commercial,1024.34,37.8,35.4,0,16,2
2026-08-12 17:00:00,commercial,944.62,34.8,32.4,0,17,2
2026-08-12 18:00:00,commercial,783.12,32.1,38.6,0,18,2
2026-08-12 19:00:00,commercial,533.65,30.8,45.7,0,19,2
2026-08-12 20:00:00,commercial,414.3,30.2,35.7,0,20,2
2026-08-12 21:00:00,commercial,324.01,28.4,45.8,0,21,2
2026-08-12 22:00:00,commercial,353.52,28.9,53.9,0,22,2
2026-08-12 23:00:00,commercial,308.04,26.0,47.9,0,23,2
2026-08-13 00:00:00,commercial,232.7,23.5,44.3,0,0,3
2026-08-13 01:00:00,commercial,297.41,26.5,44.3,0,1,3
2026-08-13 02:00:00,commercial,262.81,23.1,45.1,0,2,3
2026-08-13 03:00:00,commercial,255.07,24.0,49.5,0,3,3
2026-08-13 04:00:00,commercial,223.16,22.1,48.9,0,4,3
2026-08-13 05:00:00,commercial,291.53,24.2,57.8,0,5,3
2026-08-13 06:00:00,commercial,336.29,25.1,51.8,0,6,3
2026-08-13 07:00:00,commercial,431.73,23.0,45.5,0,7,3
2026-08-13 08:00:00,commercial,736.85,30.3,46.5,0,8,3
2026-08-13 09:00:00,commercial,864.55,30.8,41.0,0,9,3
2026-08-13 10:00:00,commercial,873.96,29.8,50.7,0,10,3
2026-08-13 11:00:00,commercial,926.63,30.2,49.1,0,11,3
2026-08-13 12:00:00,commercial,950.55,33.6,40.7,0,12,3
2026-08-13 13:00:00,commercial,972.19,34.2,33.9,0,13,3
2026-08-13 14:00:00,commercial,1008.78,35.2,42.1,0,14,3
2026-08-13 15:00:00,commercial,993.54,35.1,34.3,0,15,3
2026-08-13 16:00:00,commercial,979.16,35.4,36.5,0,16,3
2026-08-13 17:00:00,commercial,981.09,36.2,37.1,0,17,3
2026-08-13 18:00:00,commercial,807.56,33.9,35.6,0,18,3
2026-08-13 19:00:00,commercial,577.58,30.3,42.0,0,19,3
2026-08-13 20:00:00,commercial,455.18,32.4,42.2,0,20,3
2026-08-13 21:00:00,commercial,405.68,31.3,46.0,0,21,3
2026-08-13 22:00:00,commercial,405.77,32.0,34.6,0,22,3
2026-08-13 23:00:00,commercial,286.54,24.1,49.1,0,23,3
2026-08-14 00:00:00,commercial,259.14,25.0,52.3,0,0,4
2026-08-14 01:00:00,commercial,249.47,20.6,52.0,0,1,4
2026-08-14 02:00:00,commercial,259.08,23.9,47.6,0,2,4
2026-08-14 03:00:00,commercial,253.2,22.1,56.8,0,3,4
2026-08-14 04:00:00,commercial,291.51,26.0,44.5,0,4,4
2026-08-14 05:00:00,commercial,245.8,22.6,54.5,0,5,4
2026-08-14 06:00:00,commercial,292.28,22.1,52.8,0,6,4
2026-08-14 07:00:00,commercial,474.55,25.2,52.7,0,7,4
2026-08-14 08:00:00,commercial,643.23,24.4,52.8,0,8,4
2026-08-14 09:00:00,commercial,889.39,30.0,40.5,0,9,4
2026-08-14 10:00:00,commercial,851.08,27.4,51.5,0,10,4
2026-08-14 11:00:00,commercial,945.2,32.0,35.9,0,11,4
2026-08-14 12:00:00,commercial,875.83,30.0,39.2,0,12,4
2026-08-14 13:00:00,commercial,925.25,33.6,44.5,0,13,4
2026-08-14 14:00:00,commercial,1023.23,37.2,30.9,0,14,4
2026-08-14 15:00:00,commercial,962.44,35.5,32.5,0,15,4
2026-08-14 16:00:00,commercial,978.32,33.4,27.0,0,16,4
2026-08-14 17:00:00,commercial,918.0,34.1,42.1,0,17,4
2026-08-14 18:00:00,commercial,762.59,33.2,40.2,0,18,4
2026-08-14 19:00:00,commercial,590.47,32.6,38.1,0,19,4
2026-08-14 20:00:00,commercial,363.3,28.4,33.2,0,20,4
2026-08-14 21:00:00,commercial,342.71,29.8,42.0,0,21,4
2026-08-14 22:00:00,commercial,248.57,23.3,49.1,0,22,4
2026-08-14 23:00:00,commercial,294.13,25.0,58.2,0,23,4
2026-08-15 00:00:00,commercial,234.61,24.0,45.1,1,0,5
2026-08-15 01:00:00,commercial,245.01,24.7,48.7,1,1,5
2026-08-15 02:00:00,commercial,194.66,23.2,57.5,1,2,5
2026-08-15 03:00:00,commercial,198.09,20.9,53.7,1,3,5
2026-08-15 04:00:00,commercial,234.8,21.7,57.4,1,4,5
2026-08-15 05:00:00,commercial,239.35,24.1,41.5,1,5,5
2026-08-15 06:00:00,commercial,253.49,24.6,45.4,1,6,5
2026-08-15 07:00:00,commercial,301.95,25.1,53.3,1,7,5
2026-08-15 08:00:00,commercial,372.85,26.7,41.3,1,8,5
2026-08-15 09:00:00,commercial,445.8,30.0,40.1,1,9,5
2026-08-15 10:00:00,commercial,471.6,29.8,39.6,1,10,5
2026-08-15 11:00:00,commercial,452.06,31.9,40.6,1,11,5
2026-08-15 12:00:00,commercial,472.51,36.5,39.1,1,12,5
2026-08-15 13:00:00,commercial,501.15,32.0,34.6,1,13,5
2026-08-15 14:00:00,commercial,501.12,32.0,40.1,1,14,5
2026-08-15 15:00:00,commercial,479.91,36.2,26.7,1,15,5
2026-08-15 16:00:00,commercial,455.29,33.8,41.2,1,16,5
2026-08-15 17:00:00,commercial,452.92,33.7,40.2,1,17,5
2026-08-15 18:00:00,commercial,412.71,32.1,44.4,1,18,5
2026-08-15 19:00:00,commercial,369.67,31.6,40.2,1,19,5
2026-08-15 20:00:00,commercial,269.93,32.9,40.4,1,20,5
2026-08-15 21:00:00,commercial,273.1,30.2,42.7,1,21,5
2026-08-15 22:00:00,commercial,233.29,28.7,39.1,1,22,5
2026-08-15 23:00:00,commercial,238.26,23.9,50.3,1,23,5
2026-08-16 00:00:00,commercial,220.4,23.1,49.3,1,0,6
2026-08-16 01:00:00,commercial,205.53,19.6,58.1,1,1,6
2026-08-16 02:00:00,commercial,201.61,22.1,55.3,1,2,6
2026-08-16 03:00:00,commercial,241.03,24.5,47.9,1,3,6
2026-08-16 04:00:00,commercial,213.04,24.0,54.5,1,4,6
2026-08-16 05:00:00,commercial,249.03,23.5,55.2,1,5,6
2026-08-16 06:00:00,commercial,244.54,24.8,50.4,1,6,6
2026-08-16 07:00:00,commercial,311.35,25.0,56.1,1,7,6
2026-08-16 08:00:00,commercial,395.68,27.8,41.1,1,8,6
2026-08-16 09:00:00,commercial,420.62,30.2,50.3,1,9,6
2026-08-16 10:00:00,commercial,450.73,28.2,47.3,1,10,6
2026-08-16 11:00:00,commercial,489.63,32.5,35.5,1,11,6
2026-08-16 12:00:00,commercial,500.16,34.7,44.2,1,12,6
2026-08-16 13:00:00,commercial,486.49,33.6,41.8,1,13,6
2026-08-16 14:00:00,commercial,540.25,35.9,38.2,1,14,6
2026-08-16 15:00:00,commercial,519.06,39.3,34.0,1,15,6
2026-08-16 16:00:00,commercial,498.15,34.7,39.1,1,16,6
2026-08-16 17:00:00,commercial,504.7,34.9,32.3,1,17,6
2026-08-16 18:00:00,commercial,396.26,32.2,34.7,1,18,6
2026-08-16 19:00:00,commercial,358.01,32.3,41.3,1,19,6
2026-08-16 20:00:00,commercial,302.33,31.3,39.5,1,20,6
2026-08-16 21:00:00,commercial,257.65,29.4,37.6,1,21,6
2026-08-16 22:00:00,commercial,256.38,26.0,55.7,1,22,6
2026-08-16 23:00:00,commercial,237.48,26.4,52.2,1,23,6
2026-08-17 00:00:00,commercial,288.14,27.1,50.5,0,0,0
2026-08-17 01:00:00,commercial,267.36,24.6,46.8,0,1,0
2026-08-17 02:00:00,commercial,302.4,24.8,57.6,0,2,0
2026-08-17 03:00:00,commercial,267.61,22.8,54.1,0,3,0
2026-08-17 04:00:00,commercial,283.76,24.5,42.4,0,4,0
2026-08-17 05:00:00,commercial,289.67,24.4,45.6,0,5,0
2026-08-17 06:00:00,commercial,302.1,23.5,58.4,0,6,0
2026-08-17 07:00:00,commercial,469.61,26.6,42.9,0,7,0
2026-08-17 08:00:00,commercial,671.04,26.1,34.3,0,8,0
2026-08-17 09:00:00,commercial,844.09,28.2,47.2,0,9,0
2026-08-17 10:00:00,commercial,877.34,31.0,34.9,0,10,0
2026-08-17 11:00:00,commercial,959.02,32.6,47.4,0,11,0
2026-08-17 12:00:00,commercial,906.84,31.6,42.1,0,12,0
2026-08-17 13:00:00,commercial,987.04,35.9,36.1,0,13,0
2026-08-17 14:00:00,commercial,979.54,35.8,38.5,0,14,0
2026-08-17 15:00:00,commercial,970.54,34.1,43.6,0,15,0
2026-08-17 16:00:00,commercial,941.43,32.6,45.3,0,16,0
2026-08-17 17:00:00,commercial,895.11,34.1,36.2,0,17,0
2026-08-17 18:00:00,commercial,821.3,32.7,42.1,0,18,0
2026-08-17 19:00:00,commercial,587.78,32.3,47.4,0,19,0
2026-08-17 20:00:00,commercial,409.02,30.2,42.4,0,20,0
2026-08-17 21:00:00,commercial,322.62,26.1,56.2,0,21,0
2026-08-17 22:00:00,commercial,297.64,27.0,45.9,0,22,0
2026-08-17 23:00:00,commercial,302.84,25.7,55.0,0,23,0
2026-08-18 00:00:00,commercial,262.9,25.9,48.1,0,0,1
2026-08-18 01:00:00,commercial,236.43,23.0,51.8,0,1,1
2026-08-18 02:00:00,commercial,308.09,25.9,48.5,0,2,1
2026-08-18 03:00:00,commercial,240.86,20.4,55.9,0,3,1
2026-08-18 04:00:00,commercial,296.3,25.4,52.7,0,4,1
2026-08-18 05:00:00,commercial,265.57,23.7,51.1,0,5,1
2026-08-18 06:00:00,commercial,344.09,26.3,48.5,0,6,1
2026-08-18 07:00:00,commercial,492.45,26.3,47.7,0,7,1
2026-08-18 08:00:00,commercial,710.9,29.4,37.6,0,8,1
2026-08-18 09:00:00,commercial,831.97,28.6,52.4,0,9,1
2026-08-18 10:00:00,commercial,890.65,29.1,39.0,0,10,1
2026-08-18 11:00:00,commercial,958.65,34.4,38.7,0,11,1
2026-08-18 12:00:00,commercial,931.86,33.3,34.7,0,12,1
2026-08-18 13:00:00,commercial,1001.93,34.8,33.4,0,13,1
2026-08-18 14:00:00,commercial,997.55,36.9,28.4,0,14,1
2026-08-18 15:00:00,commercial,963.13,33.7,41.6,0,15,1
2026-08-18 16:00:00,commercial,991.38,35.9,30.0,0,16,1
2026-08-18 17:00:00,commercial,880.24,33.5,39.8,0,17,1
2026-08-18 18:00:00,commercial,795.11,33.3,36.5,0,18,1
2026-08-18 19:00:00,commercial,559.24,32.3,40.1,0,19,1
2026-08-18 20:00:00,commercial,362.6,28.5,47.0,0,20,1
2026-08-18 21:00:00,commercial,348.02,28.1,47.3,0,21,1
2026-08-18 22:00:00,commercial,365.09,29.7,43.0,0,22,1
2026-08-18 23:00:00,commercial,319.76,27.6,40.7,0,23,1
2026-08-19 00:00:00,commercial,301.79,25.0,47.9,0,0,2
2026-08-19 01:00:00,commercial,277.84,24.5,53.5,0,1,2
2026-08-19 02:00:00,commercial,225.89,23.1,59.0,0,2,2
2026-08-19 03:00:00,commercial,285.65,25.3,52.6,0,3,2
2026-08-19 04:00:00,commercial,250.7,23.2,50.2,0,4,2
2026-08-19 05:00:00,commercial,328.23,24.5,49.5,0,5,2
2026-08-19 06:00:00,commercial,342.18,26.8,50.5,0,6,2
2026-08-19 07:00:00,commercial,451.37,25.1,55.5,0,7,2
2026-08-19 08:00:00,commercial,726.06,30.1,41.6,0,8,2
2026-08-19 09:00:00,commercial,801.66,27.0,34.2,0,9,2
2026-08-19 10:00:00,commercial,918.73,33.3,43.9,0,10,2
2026-08-19 11:00:00,commercial,903.49,31.7,29.9,0,11,2
2026-08-19 12:00:00,commercial,968.16,33.2,35.3,0,12,2
2026-08-19 13:00:00,commercial,966.95,31.7,46.0,0,13,2
2026-08-19 14:00:00,commercial,977.62,34.4,43.4,0,14,2
2026-08-19 15:00:00,commercial,973.7,33.7,38.5,0,15,2
2026-08-19 16:00:00,commercial,930.91,34.2,34.9,0,16,2
2026-08-19 17:00:00,commercial,932.73,34.3,36.8,0,17,2
2026-08-19 18:00:00,commercial,812.9,35.0,36.6,0,18,2
2026-08-19 19:00:00,commercial,584.14,32.6,40.7,0,19,2
2026-08-19 20:00:00,commercial,429.14,31.3,42.0,0,20,2
2026-08-19 21:00:00,commercial,346.13,27.7,41.4,0,21,2
2026-08-19 22:00:00,commercial,273.27,26.4,48.2,0,22,2
2026-08-19 23:00:00,commercial,322.53,29.0,47.5,0,23,2
2026-08-20 00:00:00,commercial,296.85,24.0,57.1,0,0,3
2026-08-20 01:00:00,commercial,312.31,26.7,41.7,0,1,3
2026-08-20 02:00:00,commercial,230.38,23.2,46.1,0,2,3
2026-08-20 03:00:00,commercial,264.81,23.4,50.9,0,3,3
2026-08-20 04:00:00,commercial,286.21,25.2,54.7,0,4,3
2026-08-20 05:00:00,commercial,321.01,26.1,43.3,0,5,3
2026-08-20 06:00:00,commercial,322.19,25.0,56.6,0,6,3
2026-08-20 07:00:00,commercial,476.37,25.8,45.7,0,7,3
2026-08-20 08:00:00,commercial,698.58,27.7,45.1,0,8,3
2026-08-20 09:00:00,commercial,862.62,29.9,35.3,0,9,3
2026-08-20 10:00:00,commercial,938.45,32.3,38.3,0,10,3
2026-08-20 11:00:00,commercial,930.49,32.4,41.1,0,11,3
2026-08-20 12:00:00,commercial,985.52,34.5,37.8,0,12,3
2026-08-20 13:00:00,commercial,992.04,37.0,33.9,0,13,3
2026-08-20 14:00:00,commercial,997.58,35.7,32.3,0,14,3
2026-08-20 15:00:00,commercial,1006.64,35.8,44.8,0,15,3
2026-08-20 16:00:00,commercial,960.11,32.9,39.6,0,16,3
2026-08-20 17:00:00,commercial,861.04,30.6,46.5,0,17,3
2026-08-20 18:00:00,commercial,766.39,34.2,28.0,0,18,3
2026-08-20 19:00:00,commercial,567.26,32.2,35.6,0,19,3
2026-08-20 20:00:00,commercial,420.24,30.2,50.2,0,20,3
2026-08-20 21:00:00,commercial,370.29,29.7,42.2,0,21,3
2026-08-20 22:00:00,commercial,310.9,27.7,39.8,0,22,3
2026-08-20 23:00:00,commercial,323.15,28.1,44.8,0,23,3
2026-08-21 00:00:00,commercial,271.14,25.3,45.9,0,0,4
2026-08-21 01:00:00,commercial,243.09,23.1,58.5,0,1,4
2026-08-21 02:00:00,commercial,280.62,25.1,51.4,0,2,4
2026-08-21 03:00:00,commercial,237.85,23.1,43.3,0,3,4
2026-08-21 04:00:00,commercial,314.44,24.4,55.9,0,4,4
2026-08-21 05:00:00,commercial,269.83,23.5,58.1,0,5,4
2026-08-21 06:00:00,commercial,344.1,24.2,52.0,0,6,4
2026-08-21 07:00:00,commercial,477.28,26.6,49.8,0,7,4
2026-08-21 08:00:00,commercial,711.32,27.9,47.0,0,8,4
2026-08-21 09:00:00,commercial,835.96,30.2,43.1,0,9,4
2026-08-21 10:00:00,commercial,900.64,30.6,42.7,0,10,4
2026-08-21 11:00:00,commercial,925.24,29.7,36.5,0,11,4
2026-08-21 12:00:00,commercial,960.79,33.0,37.3,0,12,4
2026-08-21 13:00:00,commercial,1003.58,35.8,39.6,0,13,4
2026-08-21 14:00:00,commercial,963.27,34.8,44.6,0,14,4
2026-08-21 15:00:00,commercial,958.73,35.1,35.2,0,15,4
2026-08-21 16:00:00,commercial,1006.98,36.7,26.9,0,16,4
2026-08-21 17:00:00,commercial,908.56,33.6,48.1,0,17,4
2026-08-21 18:00:00,commercial,754.42,31.4,38.4,0,18,4
2026-08-21 19:00:00,commercial,561.94,32.2,42.8,0,19,4
2026-08-21 20:00:00,commercial,402.21,30.3,38.9,0,20,4
2026-08-21 21:00:00,commercial,328.52,28.0,49.4,0,21,4
2026-08-21 22:00:00,commercial,312.79,27.6,44.4,0,22,4
2026-08-21 23:00:00,commercial,306.72,27.2,50.1,0,23,4
2026-08-22 00:00:00,commercial,256.38,25.3,49.6,1,0,5
2026-08-22 01:00:00,commercial,263.49,24.8,46.9,1,1,5
2026-08-22 02:00:00,commercial,220.63,26.5,46.5,1,2,5
2026-08-22 03:00:00,commercial,214.65,23.0,47.1,1,3,5
2026-08-22 04:00:00,commercial,235.7,24.2,39.4,1,4,5
2026-08-22 05:00:00,commercial,249.94,23.6,56.3,1,5,5
2026-08-22 06:00:00,commercial,232.07,24.0,54.6,1,6,5
2026-08-22 07:00:00,commercial,295.12,25.7,49.0,1,7,5
2026-08-22 08:00:00,commercial,399.22,27.3,34.3,1,8,5
2026-08-22 09:00:00,commercial,437.97,30.1,51.9,1,9,5
2026-08-22 10:00:00,commercial,610.42,34.6,25.9,1,10,5
2026-08-22 11:00:00,commercial,480.63,31.5,39.2,1,11,5
2026-08-22 12:00:00,commercial,481.51,33.2,31.0,1,12,5
2026-08-22 13:00:00,commercial,449.67,34.6,39.0,1,13,5
2026-08-22 14:00:00,commercial,501.63,35.9,41.5,1,14,5
2026-08-22 15:00:00,commercial,516.21,35.9,38.1,1,15,5
2026-08-22 16:00:00,commercial,483.2,37.3,29.7,1,16,5
2026-08-22 17:00:00,commercial,455.31,31.1,39.3,1,17,5
2026-08-22 18:00:00,commercial,418.94,30.2,34.7,1,18,5
2026-08-22 19:00:00,commercial,329.48,31.8,30.1,1,19,5
2026-08-22 20:00:00,commercial,269.08,32.7,45.5,1,20,5
2026-08-22 21:00:00,commercial,290.76,27.2,40.9,1,21,5
2026-08-22 22:00:00,commercial,228.9,23.5,50.6,1,22,5
2026-08-22 23:00:00,commercial,259.39,27.4,48.3,1,23,5
2026-08-23 00:00:00,commercial,237.96,25.7,45.7,1,0,6
2026-08-23 01:00:00,commercial,200.94,22.8,48.0,1,1,6
2026-08-23 02:00:00,commercial,238.01,22.3,56.6,1,2,6
2026-08-23 03:00:00,commercial,239.37,22.2,48.3,1,3,6
2026-08-23 04:00:00,commercial,237.31,24.0,52.0,1,4,6
2026-08-23 05:00:00,commercial,229.98,23.5,55.0,1,5,6
2026-08-23 06:00:00,commercial,285.43,26.1,44.1,1,6,6
2026-08-23 07:00:00,commercial,282.25,22.3,51.8,1,7,6
2026-08-23 08:00:00,commercial,359.3,26.8,43.0,1,8,6
2026-08-23 09:00:00,commercial,446.59,27.9,48.5,1,9,6
2026-08-23 10:00:00,commercial,456.78,30.8,48.8,1,10,6
2026-08-23 11:00:00,commercial,471.13,31.8,46.8,1,11,6
2026-08-23 12:00:00,commercial,487.99,35.1,40.4,1,12,6
2026-08-23 13:00:00,commercial,463.05,32.0,44.0,1,13,6
2026-08-23 14:00:00,commercial,476.61,35.5,31.6,1,14,6
2026-08-23 15:00:00,commercial,527.35,36.4,29.9,1,15,6
2026-08-23 16:00:00,commercial,513.0,38.2,23.7,1,16,6
2026-08-23 17:00:00,commercial,468.88,34.1,47.0,1,17,6
2026-08-23 18:00:00,commercial,394.93,34.3,28.0,1,18,6
2026-08-23 19:00:00,commercial,315.59,29.9,45.0,1,19,6
2026-08-23 20:00:00,commercial,260.12,27.6,50.8,1,20,6
2026-08-23 21:00:00,commercial,294.54,30.9,46.5,1,21,6
2026-08-23 22:00:00,commercial,252.26,28.0,44.5,1,22,6
2026-08-23 23:00:00,commercial,274.9,28.4,40.1,1,23,6
2026-08-24 00:00:00,commercial,246.94,23.4,52.7,0,0,0
2026-08-24 01:00:00,commercial,295.35,25.3,48.9,0,1,0
2026-08-24 02:00:00,commercial,298.78,26.7,46.0,0,2,0
2026-08-24 03:00:00,commercial,286.07,24.3,61.7,0,3,0
2026-08-24 04:00:00,commercial,227.23,24.3,48.5,0,4,0
2026-08-24 05:00:00,commercial,304.34,24.5,52.0,0,5,0
2026-08-24 06:00:00,commercial,288.47,23.1,56.1,0,6,0
2026-08-24 07:00:00,commercial,529.7,28.7,46.5,0,7,0
2026-08-24 08:00:00,commercial,689.35,27.2,41.7,0,8,0
2026-08-24 09:00:00,commercial,835.11,30.4,45.1,0,9,0
2026-08-24 10:00:00,commercial,895.89,28.9,45.0,0,10,0
2026-08-24 11:00:00,commercial,905.3,30.9,45.8,0,11,0
2026-08-24 12:00:00,commercial,1014.2,36.1,33.9,0,12,0
2026-08-24 13:00:00,commercial,954.27,34.4,33.3,0,13,0
2026-08-24 14:00:00,commercial,1003.89,37.7,27.6,0,14,0
2026-08-24 15:00:00,commercial,1008.99,35.6,38.1,0,15,0
2026-08-24 16:00:00,commercial,929.09,32.7,42.4,0,16,0
2026-08-24 17:00:00,commercial,950.86,36.2,33.2,0,17,0
2026-08-24 18:00:00,commercial,761.8,33.0,38.3,0,18,0
2026-08-24 19:00:00,commercial,586.97,33.7,36.2,0,19,0
2026-08-24 20:00:00,commercial,411.56,31.3,35.7,0,20,0
2026-08-24 21:00:00,commercial,333.15,27.4,46.8,0,21,0
2026-08-24 22:00:00,commercial,345.82,28.4,41.5,0,22,0
2026-08-24 23:00:00,commercial,368.86,30.0,38.8,0,23,0
2026-08-25 00:00:00,commercial,308.49,26.3,50.2,0,0,1
2026-08-25 01:00:00,commercial,255.52,24.5,40.7,0,1,1
2026-08-25 02:00:00,commercial,301.87,25.6,49.1,0,2,1
2026-08-25 03:00:00,commercial,269.15,24.1,37.5,0,3,1
2026-08-25 04:00:00,commercial,302.05,24.3,49.1,0,4,1
2026-08-25 05:00:00,commercial,261.7,22.9,49.8,0,5,1
2026-08-25 06:00:00,commercial,329.14,25.9,48.1,0,6,1
2026-08-25 07:00:00,commercial,481.4,28.3,47.8,0,7,1
2026-08-25 08:00:00,commercial,656.35,27.0,47.0,0,8,1
2026-08-25 09:00:00,commercial,886.86,31.9,41.1,0,9,1
2026-08-25 10:00:00,commercial,896.6,31.2,38.4,0,10,1
2026-08-25 11:00:00,commercial,914.7,31.4,46.8,0,11,1
2026-08-25 12:00:00,commercial,970.37,35.5,37.2,0,12,1
2026-08-25 13:00:00,commercial,966.39,34.5,29.9,0,13,1
2026-08-25 14:00:00,commercial,1018.95,36.7,35.0,0,14,1
2026-08-25 15:00:00,commercial,1000.81,35.3,38.7,0,15,1
2026-08-25 16:00:00,commercial,988.22,35.5,46.6,0,16,1
2026-08-25 17:00:00,commercial,947.53,35.7,39.9,0,17,1
2026-08-25 18:00:00,commercial,779.88,34.4,41.8,0,18,1
2026-08-25 19:00:00,commercial,534.88,29.8,39.7,0,19,1
2026-08-25 20:00:00,commercial,379.24,29.6,44.8,0,20,1
2026-08-25 21:00:00,commercial,394.33,31.2,43.4,0,21,1
2026-08-25 22:00:00,commercial,330.66,28.0,40.4,0,22,1
2026-08-25 23:00:00,commercial,274.63,26.0,55.3,0,23,1
2026-08-26 00:00:00,commercial,251.85,23.6,45.7,0,0,2
2026-08-26 01:00:00,commercial,249.18,23.0,52.2,0,1,2
2026-08-26 02:00:00,commercial,216.06,21.0,47.2,0,2,2
2026-08-26 03:00:00,commercial,263.51,23.7,57.4,0,3,2
2026-08-26 04:00:00,commercial,241.82,23.2,57.3,0,4,2
2026-08-26 05:00:00,commercial,306.16,23.2,49.9,0,5,2
2026-08-26 06:00:00,commercial,294.96,25.5,44.0,0,6,2
2026-08-26 07:00:00,commercial,456.3,27.4,49.4,0,7,2
2026-08-26 08:00:00,commercial,759.51,31.4,34.4,0,8,2
2026-08-26 09:00:00,commercial,832.83,27.6,43.4,0,9,2
2026-08-26 10:00:00,commercial,945.8,33.1,41.0,0,10,2
2026-08-26 11:00:00,commercial,954.65,34.3,27.3,0,11,2
2026-08-26 12:00:00,commercial,970.59,32.9,36.5,0,12,2
2026-08-26 13:00:00,commercial,1000.61,35.3,38.1,0,13,2
2026-08-26 14:00:00,commercial,964.59,35.0,31.3,0,14,2
2026-08-26 15:00:00,commercial,996.77,36.1,34.9,0,15,2
2026-08-26 16:00:00,commercial,1012.43,37.9,35.9,0,16,2
2026-08-26 17:00:00,commercial,944.4,35.9,36.0,0,17,2
2026-08-26 18:00:00,commercial,814.23,34.8,31.9,0,18,2
2026-08-26 19:00:00,commercial,543.0,32.2,35.6,0,19,2
2026-08-26 20:00:00,commercial,395.95,29.2,48.4,0,20,2
2026-08-26 21:00:00,commercial,325.29,29.5,44.7,0,21,2
2026-08-26 22:00:00,commercial,388.84,30.1,41.4,0,22,2
2026-08-26 23:00:00,commercial,303.53,24.6,52.5,0,23,2
2026-08-27 00:00:00,commercial,298.26,24.1,49.9,0,0,3
2026-08-27 01:00:00,commercial,302.36,24.9,37.7,0,1,3
2026-08-27 02:00:00,commercial,269.83,22.6,58.5,0,2,3
2026-08-27 03:00:00,commercial,247.23,22.7,46.7,0,3,3
2026-08-27 04:00:00,commercial,235.34,23.5,46.1,0,4,3
2026-08-27 05:00:00,commercial,263.46,22.7,44.4,0,5,3
2026-08-27 06:00:00,commercial,353.42,24.2,57.1,0,6,3
2026-08-27 07:00:00,commercial,476.57,28.0,42.2,0,7,3
2026-08-27 08:00:00,commercial,644.78,26.4,47.3,0,8,3
2026-08-27 09:00:00,commercial,796.69,27.5,50.6,0,9,3
2026-08-27 10:00:00,commercial,906.26,30.5,41.9,0,10,3
2026-08-27 11:00:00,commercial,961.11,34.0,38.8,0,11,3
2026-08-27 12:00:00,commercial,989.81,33.9,34.9,0,12,3
2026-08-27 13:00:00,commercial,973.57,34.4,37.8,0,13,3
2026-08-27 14:00:00,commercial,994.0,35.8,51.1,0,14,3
2026-08-27 15:00:00,commercial,938.03,33.3,36.4,0,15,3
2026-08-27 16:00:00,commercial,1004.36,36.5,34.4,0,16,3
2026-08-27 17:00:00,commercial,924.7,35.7,36.7,0,17,3
2026-08-27 18:00:00,commercial,801.48,33.6,45.7,0,18,3
2026-08-27 19:00:00,commercial,594.83,34.4,39.5,0,19,3
2026-08-27 20:00:00,commercial,416.6,29.8,42.6,0,20,3
2026-08-27 21:00:00,commercial,396.32,31.6,38.1,0,21,3
2026-08-27 22:00:00,commercial,348.96,28.6,43.0,0,22,3
2026-08-27 23:00:00,commercial,314.63,26.4,47.7,0,23,3
2026-03-01 00:00:00,municipal,475.91,12.5,61.5,1,0,6
2026-03-01 01:00:00,municipal,555.68,10.6,68.2,1,1,6
2026-03-01 02:00:00,municipal,527.17,11.2,64.0,1,2,6
2026-03-01 03:00:00,municipal,523.76,12.3,61.0,1,3,6
2026-03-01 04:00:00,municipal,517.34,9.9,53.6,1,4,6
2026-03-01 05:00:00,municipal,545.64,10.5,66.9,1,5,6
2026-03-01 06:00:00,municipal,650.81,14.1,61.6,1,6,6
2026-03-01 07:00:00,municipal,782.26,14.2,64.4,1,7,6
2026-03-01 08:00:00,municipal,801.4,13.7,62.1,1,8,6
2026-03-01 09:00:00,municipal,804.04,16.8,58.7,1,9,6
2026-03-01 10:00:00,municipal,701.26,16.9,50.8,1,10,6
2026-03-01 11:00:00,municipal,598.33,18.3,58.2,1,11,6
2026-03-01 12:00:00,municipal,517.79,20.6,62.7,1,12,6
2026-03-01 13:00:00,municipal,528.55,18.3,60.0,1,13,6
2026-03-01 14:00:00,municipal,522.97,19.2,58.1,1,14,6
2026-03-01 15:00:00,municipal,576.11,21.2,44.2,1,15,6
2026-03-01 16:00:00,municipal,600.4,20.3,53.4,1,16,6
2026-03-01 17:00:00,municipal,697.31,21.7,46.9,1,17,6
2026-03-01 18:00:00,municipal,866.76,18.9,56.7,1,18,6
2026-03-01 19:00:00,municipal,985.39,16.9,62.1,1,19,6
2026-03-01 20:00:00,municipal,1034.75,19.8,55.2,1,20,6
2026-03-01 21:00:00,municipal,971.65,15.7,58.0,1,21,6
2026-03-01 22:00:00,municipal,858.12,14.5,61.4,1,22,6
2026-03-01 23:00:00,municipal,703.59,10.9,58.9,1,23,6
2026-03-02 00:00:00,municipal,491.67,11.0,66.3,0,0,0
2026-03-02 01:00:00,municipal,507.71,11.0,68.9,0,1,0
2026-03-02 02:00:00,municipal,494.38,8.6,69.2,0,2,0
2026-03-02 03:00:00,municipal,507.02,10.6,61.3,0,3,0
2026-03-02 04:00:00,municipal,499.85,9.4,66.1,0,4,0
2026-03-02 05:00:00,municipal,542.29,10.4,59.8,0,5,0
2026-03-02 06:00:00,municipal,662.45,10.9,70.8,0,6,0
2026-03-02 07:00:00,municipal,776.41,15.9,69.9,0,7,0
2026-03-02 08:00:00,municipal,776.88,14.5,56.6,0,8,0
2026-03-02 09:00:00,municipal,768.96,14.5,67.7,0,9,0
2026-03-02 10:00:00,municipal,675.15,18.9,51.7,0,10,0
2026-03-02 11:00:00,municipal,549.25,17.2,62.8,0,11,0
2026-03-02 12:00:00,municipal,547.7,20.6,52.7,0,12,0
2026-03-02 13:00:00,municipal,494.08,18.3,54.4,0,13,0
2026-03-02 14:00:00,municipal,554.8,19.9,64.2,0,14,0
2026-03-02 15:00:00,municipal,538.16,22.4,55.0,0,15,0
2026-03-02 16:00:00,municipal,608.62,23.0,51.9,0,16,0
2026-03-02 17:00:00,municipal,677.56,21.5,51.4,0,17,0
2026-03-02 18:00:00,municipal,755.38,20.1,49.4,0,18,0
2026-03-02 19:00:00,municipal,932.68,18.6,54.8,0,19,0
2026-03-02 20:00:00,municipal,959.25,15.4,61.4,0,20,0
2026-03-02 21:00:00,municipal,919.32,15.0,63.2,0,21,0
2026-03-02 22:00:00,municipal,822.64,13.8,62.3,0,22,0
2026-03-02 23:00:00,municipal,698.24,14.7,70.1,0,23,0
2026-03-03 00:00:00,municipal,502.12,12.4,63.8,0,0,1
2026-03-03 01:00:00,municipal,494.58,8.3,64.3,0,1,1
2026-03-03 02:00:00,municipal,492.23,10.8,64.6,0,2,1
2026-03-03 03:00:00,municipal,522.95,9.6,73.2,0,3,1
2026-03-03 04:00:00,municipal,511.99,9.3,63.6,0,4,1
2026-03-03 05:00:00,municipal,557.38,11.9,62.7,0,5,1
2026-03-03 06:00:00,municipal,662.89,13.5,61.8,0,6,1
2026-03-03 07:00:00,municipal,743.04,14.6,60.2,0,7,1
2026-03-03 08:00:00,municipal,755.87,13.3,61.1,0,8,1
2026-03-03 09:00:00,municipal,762.66,15.7,58.0,0,9,1
2026-03-03 10:00:00,municipal,675.93,18.2,50.4,0,10,1
2026-03-03 11:00:00,municipal,562.2,20.6,54.0,0,11,1
2026-03-03 12:00:00,municipal,515.8,19.7,53.5,0,12,1
2026-03-03 13:00:00,municipal,488.47,21.1,51.2,0,13,1
2026-03-03 14:00:00,municipal,494.15,20.3,50.3,0,14,1
2026-03-03 15:00:00,municipal,549.31,20.4,58.9,0,15,1
2026-03-03 16:00:00,municipal,640.58,23.2,50.0,0,16,1
2026-03-03 17:00:00,municipal,716.22,23.4,46.3,0,17,1
2026-03-03 18:00:00,municipal,785.63,20.3,59.0,0,18,1
2026-03-03 19:00:00,municipal,925.59,20.7,58.7,0,19,1
2026-03-03 20:00:00,municipal,978.25,18.3,54.6,0,20,1
2026-03-03 21:00:00,municipal,936.61,15.2,65.3,0,21,1
2026-03-03 22:00:00,municipal,769.77,15.1,67.1,0,22,1
2026-03-03 23:00:00,municipal,652.41,15.5,63.1,0,23,1
2026-03-04 00:00:00,municipal,496.25,11.9,65.5,0,0,2
2026-03-04 01:00:00,municipal,506.28,13.4,55.4,0,1,2
2026-03-04 02:00:00,municipal,458.43,6.5,71.4,0,2,2
2026-03-04 03:00:00,municipal,542.08,11.5,64.9,0,3,2
2026-03-04 04:00:00,municipal,486.12,10.6,66.0,0,4,2
2026-03-04 05:00:00,municipal,559.69,10.6,76.0,0,5,2
2026-03-04 06:00:00,municipal,650.72,12.1,58.6,0,6,2
2026-03-04 07:00:00,municipal,760.31,10.3,73.4,0,7,2
2026-03-04 08:00:00,municipal,797.54,14.4,53.7,0,8,2
2026-03-04 09:00:00,municipal,742.97,16.8,57.0,0,9,2
2026-03-04 10:00:00,municipal,657.88,20.0,52.7,0,10,2
2026-03-04 11:00:00,municipal,542.14,18.5,63.6,0,11,2
2026-03-04 12:00:00,municipal,538.38,19.3,57.6,0,12,2
2026-03-04 13:00:00,municipal,482.64,20.7,63.2,0,13,2
2026-03-04 14:00:00,municipal,574.82,23.4,52.7,0,14,2
2026-03-04 15:00:00,municipal,550.23,22.7,50.4,0,15,2
2026-03-04 16:00:00,municipal,593.09,21.2,56.6,0,16,2
2026-03-04 17:00:00,municipal,654.39,22.2,52.0,0,17,2
2026-03-04 18:00:00,municipal,834.46,20.6,57.3,0,18,2
2026-03-04 19:00:00,municipal,951.82,20.7,58.5,0,19,2
2026-03-04 20:00:00,municipal,984.44,16.7,51.6,0,20,2
2026-03-04 21:00:00,municipal,871.75,15.7,52.1,0,21,2
2026-03-04 22:00:00,municipal,789.97,14.1,57.7,0,22,2
2026-03-04 23:00:00,municipal,691.64,11.0,61.6,0,23,2
2026-03-05 00:00:00,municipal,473.43,12.5,58.6,0,0,3
2026-03-05 01:00:00,municipal,467.84,11.5,69.6,0,1,3
2026-03-05 02:00:00,municipal,522.53,10.5,57.5,0,2,3
2026-03-05 03:00:00,municipal,514.03,10.0,66.0,0,3,3
2026-03-05 04:00:00,municipal,475.81,8.4,79.4,0,4,3
2026-03-05 05:00:00,municipal,572.84,10.5,63.5,0,5,3
2026-03-05 06:00:00,municipal,637.93,11.6,64.7,0,6,3
2026-03-05 07:00:00,municipal,777.44,12.1,66.0,0,7,3
2026-03-05 08:00:00,municipal,777.12,14.5,63.3,0,8,3
2026-03-05 09:00:00,municipal,789.5,16.9,52.3,0,9,3
2026-03-05 10:00:00,municipal,648.07,20.7,56.7,0,10,3
2026-03-05 11:00:00,municipal,558.24,19.6,50.5,0,11,3
2026-03-05 12:00:00,municipal,538.63,20.9,53.9,0,12,3
2026-03-05 13:00:00,municipal,480.52,21.4,47.6,0,13,3
2026-03-05 14:00:00,municipal,506.26,19.2,59.0,0,14,3
2026-03-05 15:00:00,municipal,512.88,22.3,49.8,0,15,3
2026-03-05 16:00:00,municipal,589.93,22.2,58.5,0,16,3
2026-03-05 17:00:00,municipal,731.44,25.2,37.2,0,17,3
2026-03-05 18:00:00,municipal,841.01,20.3,54.7,0,18,3
2026-03-05 19:00:00,municipal,945.75,19.8,59.1,0,19,3
2026-03-05 20:00:00,municipal,989.41,17.8,60.6,0,20,3
2026-03-05 21:00:00,municipal,962.3,14.6,63.9,0,21,3
2026-03-05 22:00:00,municipal,764.68,16.5,60.7,0,22,3
2026-03-05 23:00:00,municipal,652.41,14.4,60.9,0,23,3
2026-03-06 00:00:00,municipal,484.4,13.3,60.4,0,0,4
2026-03-06 01:00:00,municipal,479.79,9.8,67.6,0,1,4
2026-03-06 02:00:00,municipal,504.97,12.7,65.5,0,2,4
2026-03-06 03:00:00,municipal,523.65,8.3,64.7,0,3,4
2026-03-06 04:00:00,municipal,518.85,11.5,59.1,0,4,4
2026-03-06 05:00:00,municipal,544.15,14.5,53.0,0,5,4
2026-03-06 06:00:00,municipal,658.02,10.7,57.6,0,6,4
2026-03-06 07:00:00,municipal,787.11,12.5,63.6,0,7,4
2026-03-06 08:00:00,municipal,769.48,15.0,58.3,0,8,4
2026-03-06 09:00:00,municipal,785.27,15.6,53.7,0,9,4
2026-03-06 10:00:00,municipal,662.89,15.6,66.7,0,10,4
2026-03-06 11:00:00,municipal,540.13,19.5,53.9,0,11,4
2026-03-06 12:00:00,municipal,540.3,19.0,62.4,0,12,4
2026-03-06 13:00:00,municipal,526.19,22.3,48.5,0,13,4
2026-03-06 14:00:00,municipal,488.13,20.8,59.7,0,14,4
2026-03-06 15:00:00,municipal,582.96,24.7,49.5,0,15,4
2026-03-06 16:00:00,municipal,555.74,21.0,58.1,0,16,4
2026-03-06 17:00:00,municipal,682.57,21.1,58.5,0,17,4
2026-03-06 18:00:00,municipal,798.4,21.9,52.1,0,18,4
2026-03-06 19:00:00,municipal,939.52,17.5,55.3,0,19,4
2026-03-06 20:00:00,municipal,984.87,18.3,53.3,0,20,4
2026-03-06 21:00:00,municipal,931.91,18.3,66.7,0,21,4
2026-03-06 22:00:00,municipal,803.58,12.4,68.9,0,22,4
2026-03-06 23:00:00,municipal,689.86,13.7,65.3,0,23,4
2026-03-07 00:00:00,municipal,489.41,12.6,63.9,1,0,5
2026-03-07 01:00:00,municipal,505.89,12.4,66.2,1,1,5
2026-03-07 02:00:00,municipal,504.73,8.8,60.8,1,2,5
2026-03-07 03:00:00,municipal,569.88,8.5,67.2,1,3,5
2026-03-07 04:00:00,municipal,541.65,11.5,60.2,1,4,5
2026-03-07 05:00:00,municipal,543.42,11.7,67.4,1,5,5
2026-03-07 06:00:00,municipal,689.41,12.6,57.9,1,6,5
2026-03-07 07:00:00,municipal,794.27,14.0,68.9,1,7,5
2026-03-07 08:00:00,municipal,840.28,13.9,60.1,1,8,5
2026-03-07 09:00:00,municipal,767.77,16.8,57.4,1,9,5
2026-03-07 10:00:00,municipal,718.6,18.5,59.7,1,10,5
2026-03-07 11:00:00,municipal,562.42,18.4,59.8,1,11,5
2026-03-07 12:00:00,municipal,574.1,23.5,56.9,1,12,5
2026-03-07 13:00:00,municipal,518.84,22.4,49.9,1,13,5
2026-03-07 14:00:00,municipal,496.17,20.5,58.3,1,14,5
2026-03-07 15:00:00,municipal,563.99,23.5,46.4,1,15,5
2026-03-07 16:00:00,municipal,580.91,20.8,47.9,1,16,5
2026-03-07 17:00:00,municipal,713.81,22.8,59.3,1,17,5
2026-03-07 18:00:00,municipal,872.41,22.4,43.0,1,18,5
2026-03-07 19:00:00,municipal,995.88,18.2,58.7,1,19,5
2026-03-07 20:00:00,municipal,1028.57,19.5,61.9,1,20,5
2026-03-07 21:00:00,municipal,976.01,17.1,54.0,1,21,5
2026-03-07 22:00:00,municipal,894.76,16.1,53.4,1,22,5
2026-03-07 23:00:00,municipal,702.75,16.3,55.0,1,23,5
2026-03-08 00:00:00,municipal,486.24,11.9,68.8,1,0,6
2026-03-08 01:00:00,municipal,495.22,10.2,71.0,1,1,6
2026-03-08 02:00:00,municipal,481.26,9.4,71.4,1,2,6
2026-03-08 03:00:00,municipal,512.56,9.3,72.8,1,3,6
2026-03-08 04:00:00,municipal,516.84,10.6,61.7,1,4,6
2026-03-08 05:00:00,municipal,571.99,11.9,67.4,1,5,6
2026-03-08 06:00:00,municipal,691.66,12.7,61.2,1,6,6
2026-03-08 07:00:00,municipal,799.36,14.8,57.6,1,7,6
2026-03-08 08:00:00,municipal,851.36,15.0,60.0,1,8,6
2026-03-08 09:00:00,municipal,795.96,18.7,60.8,1,9,6
2026-03-08 10:00:00,municipal,709.08,17.7,62.9,1,10,6
2026-03-08 11:00:00,municipal,600.43,23.6,54.5,1,11,6
2026-03-08 12:00:00,municipal,534.7,21.7,47.4,1,12,6
2026-03-08 13:00:00,municipal,500.39,20.5,47.8,1,13,6
2026-03-08 14:00:00,municipal,547.27,20.7,55.2,1,14,6
2026-03-08 15:00:00,municipal,557.38,23.3,49.0,1,15,6
2026-03-08 16:00:00,municipal,628.2,22.0,53.2,1,16,6
2026-03-08 17:00:00,municipal,721.5,22.8,51.7,1,17,6
2026-03-08 18:00:00,municipal,865.56,21.5,50.6,1,18,6
2026-03-08 19:00:00,municipal,1002.42,19.4,49.3,1,19,6
2026-03-08 20:00:00,municipal,1057.33,16.8,55.3,1,20,6
2026-03-08 21:00:00,municipal,1015.78,14.3,56.2,1,21,6
2026-03-08 22:00:00,municipal,860.39,14.3,62.8,1,22,6
2026-03-08 23:00:00,municipal,690.56,14.8,54.0,1,23,6
2026-03-09 00:00:00,municipal,520.18,12.7,69.9,0,0,0
2026-03-09 01:00:00,municipal,512.1,9.6,68.5,0,1,0
2026-03-09 02:00:00,municipal,535.71,11.1,62.8,0,2,0
2026-03-09 03:00:00,municipal,491.95,11.2,63.2,0,3,0
2026-03-09 04:00:00,municipal,523.74,9.5,69.8,0,4,0
2026-03-09 05:00:00,municipal,581.97,11.7,66.3,0,5,0
2026-03-09 06:00:00,municipal,648.03,12.5,66.6,0,6,0
2026-03-09 07:00:00,municipal,718.45,11.9,65.7,0,7,0
2026-03-09 08:00:00,municipal,778.2,15.6,57.1,0,8,0
2026-03-09 09:00:00,municipal,816.47,17.5,59.8,0,9,0
2026-03-09 10:00:00,municipal,634.32,19.8,53.3,0,10,0
2026-03-09 11:00:00,municipal,568.87,21.2,51.1,0,11,0
2026-03-09 12:00:00,municipal,506.12,18.8,61.7,0,12,0
2026-03-09 13:00:00,municipal,525.52,20.4,54.8,0,13,0
2026-03-09 14:00:00,municipal,555.56,23.2,46.4,0,14,0
2026-03-09 15:00:00,municipal,559.9,23.4,45.4,0,15,0
2026-03-09 16:00:00,municipal,650.59,23.2,42.0,0,16,0
2026-03-09 17:00:00,municipal,765.35,27.6,49.9,0,17,0
2026-03-09 18:00:00,municipal,802.39,21.7,56.0,0,18,0
2026-03-09 19:00:00,municipal,933.54,21.3,53.0,0,19,0
2026-03-09 20:00:00,municipal,1018.38,19.6,49.5,0,20,0
2026-03-09 21:00:00,municipal,939.28,17.6,64.7,0,21,0
2026-03-09 22:00:00,municipal,809.37,14.6,61.9,0,22,0
2026-03-09 23:00:00,municipal,646.26,14.8,65.6,0,23,0
2026-03-10 00:00:00,municipal,528.41,11.3,59.7,0,0,1
2026-03-10 01:00:00,municipal,504.05,11.1,69.0,0,1,1
2026-03-10 02:00:00,municipal,479.97,10.2,72.1,0,2,1
2026-03-10 03:00:00,municipal,504.09,10.8,66.0,0,3,1
2026-03-10 04:00:00,municipal,555.28,14.4,62.6,0,4,1
2026-03-10 05:00:00,municipal,578.64,8.7,76.5,0,5,1
2026-03-10 06:00:00,municipal,659.02,13.5,65.3,0,6,1
2026-03-10 07:00:00,municipal,768.78,11.3,67.6,0,7,1
2026-03-10 08:00:00,municipal,809.29,14.4,66.4,0,8,1
2026-03-10 09:00:00,municipal,795.18,18.3,49.7,0,9,1
2026-03-10 10:00:00,municipal,667.76,18.3,56.6,0,10,1
2026-03-10 11:00:00,municipal,548.87,18.1,49.1,0,11,1
2026-03-10 12:00:00,municipal,570.51,19.9,61.6,0,12,1
2026-03-10 13:00:00,municipal,532.1,22.9,52.8,0,13,1
2026-03-10 14:00:00,municipal,516.67,21.4,52.6,0,14,1
2026-03-10 15:00:00,municipal,543.99,23.0,48.0,0,15,1
2026-03-10 16:00:00,municipal,644.16,22.6,59.5,0,16,1
2026-03-10 17:00:00,municipal,704.98,20.9,57.0,0,17,1
2026-03-10 18:00:00,municipal,859.06,24.2,57.9,0,18,1
2026-03-10 19:00:00,municipal,895.4,20.7,53.7,0,19,1
2026-03-10 20:00:00,municipal,1032.79,15.2,64.9,0,20,1
2026-03-10 21:00:00,municipal,930.46,17.0,59.8,0,21,1
2026-03-10 22:00:00,municipal,821.74,14.2,61.2,0,22,1
2026-03-10 23:00:00,municipal,690.24,15.0,74.7,0,23,1
2026-03-11 00:00:00,municipal,503.09,11.3,68.1,0,0,2
2026-03-11 01:00:00,municipal,532.56,11.4,61.5,0,1,2
2026-03-11 02:00:00,municipal,486.1,11.7,62.7,0,2,2
2026-03-11 03:00:00,municipal,502.81,12.1,63.8,0,3,2
2026-03-11 04:00:00,municipal,552.35,9.2,71.4,0,4,2
2026-03-11 05:00:00,municipal,575.97,11.1,77.1,0,5,2
2026-03-11 06:00:00,municipal,646.26,11.8,70.4,0,6,2
2026-03-11 07:00:00,municipal,749.63,12.8,54.5,0,7,2
2026-03-11 08:00:00,municipal,830.13,17.9,58.8,0,8,2
2026-03-11 09:00:00,municipal,793.2,17.4,56.9,0,9,2
2026-03-11 10:00:00,municipal,687.44,16.4,51.1,0,10,2
2026-03-11 11:00:00,municipal,556.51,21.2,47.0,0,11,2
2026-03-11 12:00:00,municipal,560.22,24.2,43.6,0,12,2
2026-03-11 13:00:00,municipal,565.41,23.5,47.5,0,13,2
2026-03-11 14:00:00,municipal,531.78,20.3,56.7,0,14,2
2026-03-11 15:00:00,municipal,538.36,22.1,54.0,0,15,2
2026-03-11 16:00:00,municipal,609.71,24.5,48.0,0,16,2
2026-03-11 17:00:00,municipal,681.88,20.9,54.7,0,17,2
2026-03-11 18:00:00,municipal,824.25,21.7,58.9,0,18,2
2026-03-11 19:00:00,municipal,936.28,20.9,53.9,0,19,2
2026-03-11 20:00:00,municipal,991.36,16.9,64.4,0,20,2
2026-03-11 21:00:00,municipal,946.02,16.7,61.4,0,21,2
2026-03-11 22:00:00,municipal,797.42,10.4,64.0,0,22,2
2026-03-11 23:00:00,municipal,667.89,12.2,61.3,0,23,2
2026-03-12 00:00:00,municipal,535.53,12.2,63.6,0,0,3
2026-03-12 01:00:00,municipal,478.7,9.8,67.9,0,1,3
2026-03-12 02:00:00,municipal,483.32,13.5,68.1,0,2,3
2026-03-12 03:00:00,municipal,518.43,8.7,65.8,0,3,3
2026-03-12 04:00:00,municipal,490.92,10.4,69.4,0,4,3
2026-03-12 05:00:00,municipal,524.59,11.9,68.7,0,5,3
2026-03-12 06:00:00,municipal,696.94,14.8,66.3,0,6,3
2026-03-12 07:00:00,municipal,779.66,11.7,61.9,0,7,3
2026-03-12 08:00:00,municipal,797.37,17.0,63.2,0,8,3
2026-03-12 09:00:00,municipal,772.54,16.9,56.9,0,9,3
2026-03-12 10:00:00,municipal,648.25,16.9,56.9,0,10,3
2026-03-12 11:00:00,municipal,593.32,20.5,47.3,0,11,3
2026-03-12 12:00:00,municipal,529.35,21.4,58.4,0,12,3
2026-03-12 13:00:00,municipal,531.29,21.2,51.5,0,13,3
2026-03-12 14:00:00,municipal,538.21,22.8,42.2,0,14,3
2026-03-12 15:00:00,municipal,548.51,22.3,57.7,0,15,3
2026-03-12 16:00:00,municipal,638.33,22.8,53.3,0,16,3
2026-03-12 17:00:00,municipal,687.92,23.0,63.0,0,17,3
2026-03-12 18:00:00,municipal,854.26,23.5,51.0,0,18,3
2026-03-12 19:00:00,municipal,889.79,18.0,62.6,0,19,3
2026-03-12 20:00:00,municipal,996.87,21.6,60.3,0,20,3
2026-03-12 21:00:00,municipal,959.36,13.9,66.3,0,21,3
2026-03-12 22:00:00,municipal,798.9,15.1,53.5,0,22,3
2026-03-12 23:00:00,municipal,680.05,14.7,61.3,0,23,3
2026-03-13 00:00:00,municipal,512.0,13.1,59.3,0,0,4
2026-03-13 01:00:00,municipal,511.63,10.8,68.0,0,1,4
2026-03-13 02:00:00,municipal,521.43,10.8,74.0,0,2,4
2026-03-13 03:00:00,municipal,491.23,10.2,66.3,0,3,4
2026-03-13 04:00:00,municipal,504.45,10.3,61.2,0,4,4
2026-03-13 05:00:00,municipal,544.42,13.0,59.6,0,5,4
2026-03-13 06:00:00,municipal,620.74,13.2,57.6,0,6,4
2026-03-13 07:00:00,municipal,756.07,12.9,59.5,0,7,4
2026-03-13 08:00:00,municipal,846.97,16.7,50.6,0,8,4
2026-03-13 09:00:00,municipal,736.34,17.4,51.4,0,9,4
2026-03-13 10:00:00,municipal,681.21,19.7,59.4,0,10,4
2026-03-13 11:00:00,municipal,565.33,20.9,55.3,0,11,4
2026-03-13 12:00:00,municipal,559.21,19.9,50.9,0,12,4
2026-03-13 13:00:00,municipal,487.2,21.3,54.0,0,13,4
2026-03-13 14:00:00,municipal,538.09,23.8,42.5,0,14,4
2026-03-13 15:00:00,municipal,559.6,23.8,54.8,0,15,4
2026-03-13 16:00:00,municipal,627.33,22.7,52.0,0,16,4
2026-03-13 17:00:00,municipal,649.32,22.3,52.7,0,17,4
2026-03-13 18:00:00,municipal,823.35,23.1,57.4,0,18,4
2026-03-13 19:00:00,municipal,939.03,19.0,55.1,0,19,4
2026-03-13 20:00:00,municipal,951.05,19.3,50.7,0,20,4
2026-03-13 21:00:00,municipal,946.3,16.6,59.9,0,21,4
2026-03-13 22:00:00,municipal,824.85,15.1,61.2,0,22,4
2026-03-13 23:00:00,municipal,681.29,15.6,61.4,0,23,4
2026-03-14 00:00:00,municipal,502.99,14.0,58.7,1,0,5
2026-03-14 01:00:00,municipal,432.44,13.0,59.8,1,1,5
2026-03-14 02:00:00,municipal,492.07,13.2,53.4,1,2,5
2026-03-14 03:00:00,municipal,522.84,11.0,59.7,1,3,5
2026-03-14 04:00:00,municipal,527.46,12.2,57.6,1,4,5
2026-03-14 05:00:00,municipal,570.18,11.3,70.3,1,5,5
2026-03-14 06:00:00,municipal,722.86,13.3,70.5,1,6,5
2026-03-14 07:00:00,municipal,798.69,13.8,64.6,1,7,5
2026-03-14 08:00:00,municipal,859.32,15.6,60.5,1,8,5
2026-03-14 09:00:00,municipal,821.23,17.9,59.6,1,9,5
2026-03-14 10:00:00,municipal,692.98,17.3,52.7,1,10,5
2026-03-14 11:00:00,municipal,637.63,23.1,57.1,1,11,5
2026-03-14 12:00:00,municipal,513.06,19.7,65.3,1,12,5
2026-03-14 13:00:00,municipal,526.18,20.4,45.7,1,13,5
2026-03-14 14:00:00,municipal,529.63,24.5,50.5,1,14,5
2026-03-14 15:00:00,municipal,605.12,24.2,46.2,1,15,5
2026-03-14 16:00:00,municipal,632.32,23.7,54.3,1,16,5
2026-03-14 17:00:00,municipal,728.97,23.1,58.8,1,17,5
2026-03-14 18:00:00,municipal,843.73,21.2,55.5,1,18,5
2026-03-14 19:00:00,municipal,1011.07,18.7,60.3,1,19,5
2026-03-14 20:00:00,municipal,1067.91,18.7,54.5,1,20,5
2026-03-14 21:00:00,municipal,1005.34,16.0,63.9,1,21,5
2026-03-14 22:00:00,municipal,861.14,16.9,55.7,1,22,5
2026-03-14 23:00:00,municipal,727.58,13.8,58.0,1,23,5
2026-03-15 00:00:00,municipal,455.36,11.6,69.6,1,0,6
2026-03-15 01:00:00,municipal,515.17,11.4,61.7,1,1,6
2026-03-15 02:00:00,municipal,514.38,11.9,59.0,1,2,6
2026-03-15 03:00:00,municipal,533.88,10.2,68.9,1,3,6
2026-03-15 04:00:00,municipal,528.69,10.1,72.4,1,4,6
2026-03-15 05:00:00,municipal,606.6,12.3,63.9,1,5,6
2026-03-15 06:00:00,municipal,689.88,13.2,68.7,1,6,6
2026-03-15 07:00:00,municipal,784.56,13.3,67.7,1,7,6
2026-03-15 08:00:00,municipal,854.91,14.8,64.7,1,8,6
2026-03-15 09:00:00,municipal,817.11,17.4,59.7,1,9,6
2026-03-15 10:00:00,municipal,698.07,16.5,56.4,1,10,6
2026-03-15 11:00:00,municipal,542.91,18.0,54.6,1,11,6
2026-03-15 12:00:00,municipal,570.7,20.3,50.4,1,12,6
2026-03-15 13:00:00,municipal,483.79,22.0,56.0,1,13,6
2026-03-15 14:00:00,municipal,511.9,23.4,48.4,1,14,6
2026-03-15 15:00:00,municipal,605.82,25.3,45.9,1,15,6
2026-03-15 16:00:00,municipal,648.62,24.2,49.2,1,16,6
2026-03-15 17:00:00,municipal,681.18,22.0,58.3,1,17,6
2026-03-15 18:00:00,municipal,869.95,21.3,47.2,1,18,6
2026-03-15 19:00:00,municipal,1005.38,18.6,57.2,1,19,6
2026-03-15 20:00:00,municipal,1032.18,18.6,54.8,1,20,6
2026-03-15 21:00:00,municipal,1001.76,16.7,58.6,1,21,6
2026-03-15 22:00:00,municipal,829.74,16.0,58.4,1,22,6
2026-03-15 23:00:00,municipal,704.3,12.8,70.9,1,23,6
2026-03-16 00:00:00,municipal,520.01,13.7,62.0,0,0,0
2026-03-16 01:00:00,municipal,500.1,14.3,66.0,0,1,0
2026-03-16 02:00:00,municipal,515.74,11.2,58.9,0,2,0
2026-03-16 03:00:00,municipal,505.04,11.8,60.4,0,3,0
2026-03-16 04:00:00,municipal,479.62,12.4,53.4,0,4,0
2026-03-16 05:00:00,municipal,544.91,11.4,65.7,0,5,0
2026-03-16 06:00:00,municipal,668.64,13.3,59.0,0,6,0
2026-03-16 07:00:00,municipal,792.38,14.2,60.4,0,7,0
2026-03-16 08:00:00,municipal,793.26,15.8,60.6,0,8,0
2026-03-16 09:00:00,municipal,783.61,16.0,62.9,0,9,0
2026-03-16 10:00:00,municipal,672.8,18.8,58.8,0,10,0
2026-03-16 11:00:00,municipal,579.35,20.9,53.1,0,11,0
2026-03-16 12:00:00,municipal,508.03,23.6,54.5,0,12,0
2026-03-16 13:00:00,municipal,522.22,23.8,48.2,0,13,0
2026-03-16 14:00:00,municipal,571.92,26.2,45.3,0,14,0
2026-03-16 15:00:00,municipal,550.97,22.0,51.7,0,15,0
2026-03-16 16:00:00,municipal,677.62,24.3,55.4,0,16,0
2026-03-16 17:00:00,municipal,639.79,22.6,50.9,0,17,0
2026-03-16 18:00:00,municipal,880.96,24.7,53.2,0,18,0
2026-03-16 19:00:00,municipal,947.65,19.0,62.0,0,19,0
2026-03-16 20:00:00,municipal,987.47,17.5,55.8,0,20,0
2026-03-16 21:00:00,municipal,932.77,16.3,59.7,0,21,0
2026-03-16 22:00:00,municipal,809.71,12.4,60.8,0,22,0
2026-03-16 23:00:00,municipal,661.76,13.4,52.0,0,23,0
2026-03-17 00:00:00,municipal,424.6,11.9,66.7,0,0,1
2026-03-17 01:00:00,municipal,464.4,12.3,65.5,0,1,1
2026-03-17 02:00:00,municipal,484.44,12.0,70.7,0,2,1
2026-03-17 03:00:00,municipal,532.07,14.1,55.1,0,3,1
2026-03-17 04:00:00,municipal,483.24,12.9,60.4,0,4,1
2026-03-17 05:00:00,municipal,573.13,11.2,77.2,0,5,1
2026-03-17 06:00:00,municipal,642.59,11.7,59.3,0,6,1
2026-03-17 07:00:00,municipal,751.11,15.0,63.3,0,7,1
2026-03-17 08:00:00,municipal,811.54,13.7,59.4,0,8,1
2026-03-17 09:00:00,municipal,733.86,20.0,48.6,0,9,1
2026-03-17 10:00:00,municipal,656.01,20.6,53.8,0,10,1
2026-03-17 11:00:00,municipal,544.34,19.5,60.8,0,11,1
2026-03-17 12:00:00,municipal,507.49,18.9,62.3,0,12,1
2026-03-17 13:00:00,municipal,563.69,24.5,57.5,0,13,1
2026-03-17 14:00:00,municipal,554.94,22.9,55.4,0,14,1
2026-03-17 15:00:00,municipal,544.77,25.1,45.4,0,15,1
2026-03-17 16:00:00,municipal,620.21,20.6,47.6,0,16,1
2026-03-17 17:00:00,municipal,704.76,21.5,46.2,0,17,1
2026-03-17 18:00:00,municipal,820.81,21.5,55.2,0,18,1
2026-03-17 19:00:00,municipal,965.23,20.3,58.6,0,19,1
2026-03-17 20:00:00,municipal,990.97,18.1,61.2,0,20,1
2026-03-17 21:00:00,municipal,942.99,18.2,55.3,0,21,1
2026-03-17 22:00:00,municipal,804.01,14.1,62.9,0,22,1
2026-03-17 23:00:00,municipal,702.59,14.0,60.9,0,23,1
2026-03-18 00:00:00,municipal,521.64,13.3,57.4,0,0,2
2026-03-18 01:00:00,municipal,491.72,12.9,50.6,0,1,2
2026-03-18 02:00:00,municipal,493.94,12.6,67.6,0,2,2
2026-03-18 03:00:00,municipal,475.09,9.6,73.3,0,3,2
2026-03-18 04:00:00,municipal,513.24,9.2,71.4,0,4,2
2026-03-18 05:00:00,municipal,571.03,14.0,54.4,0,5,2
2026-03-18 06:00:00,municipal,661.53,13.6,62.8,0,6,2
2026-03-18 07:00:00,municipal,772.65,13.2,65.8,0,7,2
2026-03-18 08:00:00,municipal,827.06,18.1,55.6,0,8,2
2026-03-18 09:00:00,municipal,780.58,17.5,57.0,0,9,2
2026-03-18 10:00:00,municipal,706.1,20.6,52.4,0,10,2
2026-03-18 11:00:00,municipal,578.89,20.4,46.3,0,11,2
2026-03-18 12:00:00,municipal,606.12,24.7,53.3,0,12,2
2026-03-18 13:00:00,municipal,555.24,25.2,55.0,0,13,2
2026-03-18 14:00:00,municipal,529.41,22.7,50.5,0,14,2
2026-03-18 15:00:00,municipal,542.94,24.8,50.9,0,15,2
2026-03-18 16:00:00,municipal,614.38,24.1,51.7,0,16,2
2026-03-18 17:00:00,municipal,714.38,24.6,53.9,0,17,2
2026-03-18 18:00:00,municipal,799.34,20.1,47.7,0,18,2
2026-03-18 19:00:00,municipal,934.21,21.4,63.8,0,19,2
2026-03-18 20:00:00,municipal,981.3,20.5,44.5,0,20,2
2026-03-18 21:00:00,municipal,930.35,14.7,65.1,0,21,2
2026-03-18 22:00:00,municipal,799.01,14.0,61.1,0,22,2
2026-03-18 23:00:00,municipal,630.82,11.3,67.1,0,23,2
2026-03-19 00:00:00,municipal,510.41,12.8,61.0,0,0,3
2026-03-19 01:00:00,municipal,511.35,13.3,69.0,0,1,3
2026-03-19 02:00:00,municipal,527.46,13.9,68.7,0,2,3
2026-03-19 03:00:00,municipal,549.48,11.5,68.7,0,3,3
2026-03-19 04:00:00,municipal,523.13,14.0,64.9,0,4,3
2026-03-19 05:00:00,municipal,558.36,10.1,59.5,0,5,3
2026-03-19 06:00:00,municipal,637.83,10.6,69.6,0,6,3
2026-03-19 07:00:00,municipal,771.15,14.3,66.9,0,7,3
2026-03-19 08:00:00,municipal,797.7,16.4,62.5,0,8,3
2026-03-19 09:00:00,municipal,796.34,17.4,58.7,0,9,3
2026-03-19 10:00:00,municipal,663.89,15.9,68.5,0,10,3
2026-03-19 11:00:00,municipal,568.08,20.3,64.2,0,11,3
2026-03-19 12:00:00,municipal,511.71,19.7,59.7,0,12,3
2026-03-19 13:00:00,municipal,537.46,23.6,43.7,0,13,3
2026-03-19 14:00:00,municipal,542.97,23.7,48.4,0,14,3
2026-03-19 15:00:00,municipal,512.04,22.0,50.8,0,15,3
2026-03-19 16:00:00,municipal,582.22,22.4,54.8,0,16,3
2026-03-19 17:00:00,municipal,673.92,21.0,48.5,0,17,3
2026-03-19 18:00:00,municipal,808.67,21.5,50.5,0,18,3
2026-03-19 19:00:00,municipal,939.68,21.8,53.1,0,19,3
2026-03-19 20:00:00,municipal,1016.32,17.5,55.3,0,20,3
2026-03-19 21:00:00,municipal,927.46,18.2,61.5,0,21,3
2026-03-19 22:00:00,municipal,826.56,15.1,55.5,0,22,3
2026-03-19 23:00:00,municipal,674.82,13.2,61.0,0,23,3
2026-03-20 00:00:00,municipal,492.69,13.1,61.4,0,0,4
2026-03-20 01:00:00,municipal,483.89,10.7,56.4,0,1,4
2026-03-20 02:00:00,municipal,495.0,10.9,64.4,0,2,4
2026-03-20 03:00:00,municipal,515.18,9.7,62.6,0,3,4
2026-03-20 04:00:00,municipal,520.81,14.6,67.9,0,4,4
2026-03-20 05:00:00,municipal,555.99,12.3,56.6,0,5,4
2026-03-20 06:00:00,municipal,674.26,12.2,63.2,0,6,4
2026-03-20 07:00:00,municipal,795.05,14.8,58.9,0,7,4
2026-03-20 08:00:00,municipal,815.35,15.8,57.6,0,8,4
2026-03-20 09:00:00,municipal,753.55,17.1,55.3,0,9,4
2026-03-20 10:00:00,municipal,630.23,20.0,51.2,0,10,4
2026-03-20 11:00:00,municipal,611.77,21.6,55.8,0,11,4
2026-03-20 12:00:00,municipal,539.89,20.9,55.9,0,12,4
2026-03-20 13:00:00,municipal,517.22,21.8,44.5,0,13,4
2026-03-20 14:00:00,municipal,524.46,22.9,48.0,0,14,4
2026-03-20 15:00:00,municipal,508.73,20.0,45.9,0,15,4
2026-03-20 16:00:00,municipal,567.15,21.0,61.9,0,16,4
2026-03-20 17:00:00,municipal,757.81,24.7,46.0,0,17,4
2026-03-20 18:00:00,municipal,843.27,24.2,44.9,0,18,4
2026-03-20 19:00:00,municipal,964.73,20.1,41.5,0,19,4
2026-03-20 20:00:00,municipal,1014.75,19.9,60.8,0,20,4
2026-03-20 21:00:00,municipal,961.9,17.9,58.6,0,21,4
2026-03-20 22:00:00,municipal,769.48,20.5,50.0,0,22,4
2026-03-20 23:00:00,municipal,664.12,16.2,54.7,0,23,4
2026-03-21 00:00:00,municipal,508.28,13.1,53.1,1,0,5
2026-03-21 01:00:00,municipal,487.85,10.9,66.8,1,1,5
2026-03-21 02:00:00,municipal,461.82,9.4,69.6,1,2,5
2026-03-21 03:00:00,municipal,530.5,11.9,66.4,1,3,5
2026-03-21 04:00:00,municipal,556.23,10.6,68.3,1,4,5
2026-03-21 05:00:00,municipal,576.35,10.2,67.4,1,5,5
2026-03-21 06:00:00,municipal,679.41,12.3,66.4,1,6,5
2026-03-21 07:00:00,municipal,806.84,12.9,60.1,1,7,5
2026-03-21 08:00:00,municipal,811.41,18.5,66.7,1,8,5
2026-03-21 09:00:00,municipal,838.47,18.9,50.9,1,9,5
2026-03-21 10:00:00,municipal,667.03,19.1,55.0,1,10,5
2026-03-21 11:00:00,municipal,586.71,22.8,38.3,1,11,5
2026-03-21 12:00:00,municipal,500.86,21.9,49.6,1,12,5
2026-03-21 13:00:00,municipal,507.79,21.5,52.3,1,13,5
2026-03-21 14:00:00,municipal,583.29,25.6,45.0,1,14,5
2026-03-21 15:00:00,municipal,564.17,24.4,50.5,1,15,5
2026-03-21 16:00:00,municipal,621.06,21.8,64.1,1,16,5
2026-03-21 17:00:00,municipal,685.47,22.5,62.0,1,17,5
2026-03-21 18:00:00,municipal,847.98,20.5,49.3,1,18,5
2026-03-21 19:00:00,municipal,984.76,18.5,50.1,1,19,5
2026-03-21 20:00:00,municipal,1040.9,20.5,67.4,1,20,5
2026-03-21 21:00:00,municipal,944.08,20.4,59.3,1,21,5
2026-03-21 22:00:00,municipal,854.76,13.9,60.1,1,22,5
2026-03-21 23:00:00,municipal,733.98,15.4,59.0,1,23,5
2026-03-22 00:00:00,municipal,507.34,12.4,65.4,1,0,6
2026-03-22 01:00:00,municipal,531.46,11.7,64.3,1,1,6
2026-03-22 02:00:00,municipal,460.24,10.9,69.2,1,2,6
2026-03-22 03:00:00,municipal,528.77,10.3,67.8,1,3,6
2026-03-22 04:00:00,municipal,544.92,11.9,56.0,1,4,6
2026-03-22 05:00:00,municipal,570.98,11.2,70.6,1,5,6
2026-03-22 06:00:00,municipal,736.83,13.8,58.0,1,6,6
2026-03-22 07:00:00,municipal,801.08,14.6,57.0,1,7,6
2026-03-22 08:00:00,municipal,838.49,15.7,61.5,1,8,6
2026-03-22 09:00:00,municipal,796.41,16.3,62.3,1,9,6
2026-03-22 10:00:00,municipal,698.48,18.3,57.0,1,10,6
2026-03-22 11:00:00,municipal,615.29,21.8,49.6,1,11,6
2026-03-22 12:00:00,municipal,559.79,22.6,54.0,1,12,6
2026-03-22 13:00:00,municipal,498.65,21.4,64.1,1,13,6
2026-03-22 14:00:00,municipal,581.29,23.6,44.0,1,14,6
2026-03-22 15:00:00,municipal,579.04,24.8,44.5,1,15,6
2026-03-22 16:00:00,municipal,572.45,20.9,52.8,1,16,6
2026-03-22 17:00:00,municipal,749.37,23.6,54.3,1,17,6
2026-03-22 18:00:00,municipal,876.91,20.9,61.9,1,18,6
2026-03-22 19:00:00,municipal,961.82,21.5,52.2,1,19,6
2026-03-22 20:00:00,municipal,1024.25,18.0,54.5,1,20,6
2026-03-22 21:00:00,municipal,990.74,14.9,69.1,1,21,6
2026-03-22 22:00:00,municipal,810.36,13.6,57.4,1,22,6
2026-03-22 23:00:00,municipal,706.45,14.7,59.6,1,23,6
2026-03-23 00:00:00,municipal,474.06,13.9,60.5,0,0,0
2026-03-23 01:00:00,municipal,470.28,11.2,69.6,0,1,0
2026-03-23 02:00:00,municipal,475.41,12.9,61.5,0,2,0
2026-03-23 03:00:00,municipal,553.29,9.2,64.4,0,3,0
2026-03-23 04:00:00,municipal,534.72,11.8,62.1,0,4,0
2026-03-23 05:00:00,municipal,559.53,10.7,67.7,0,5,0
2026-03-23 06:00:00,municipal,683.3,12.5,65.2,0,6,0
2026-03-23 07:00:00,municipal,759.79,14.8,58.1,0,7,0
2026-03-23 08:00:00,municipal,812.17,14.9,53.2,0,8,0
2026-03-23 09:00:00,municipal,705.83,17.1,56.2,0,9,0
2026-03-23 10:00:00,municipal,647.6,20.8,53.6,0,10,0
2026-03-23 11:00:00,municipal,561.77,19.8,47.2,0,11,0
2026-03-23 12:00:00,municipal,531.45,23.2,50.8,0,12,0
2026-03-23 13:00:00,municipal,499.29,21.2,57.4,0,13,0
2026-03-23 14:00:00,municipal,517.1,24.3,50.1,0,14,0
2026-03-23 15:00:00,municipal,586.79,25.9,45.1,0,15,0
2026-03-23 16:00:00,municipal,596.31,19.8,49.4,0,16,0
2026-03-23 17:00:00,municipal,725.59,21.7,52.3,0,17,0
2026-03-23 18:00:00,municipal,837.29,22.8,56.2,0,18,0
2026-03-23 19:00:00,municipal,935.41,20.4,53.9,0,19,0
2026-03-23 20:00:00,municipal,989.18,19.8,56.5,0,20,0
2026-03-23 21:00:00,municipal,932.35,16.8,64.4,0,21,0
2026-03-23 22:00:00,municipal,782.7,16.3,58.6,0,22,0
2026-03-23 23:00:00,municipal,693.06,14.5,68.1,0,23,0
2026-03-24 00:00:00,municipal,489.08,15.3,57.7,0,0,1
2026-03-24 01:00:00,municipal,522.42,13.0,66.2,0,1,1
2026-03-24 02:00:00,municipal,494.89,12.5,60.7,0,2,1
2026-03-24 03:00:00,municipal,468.0,11.2,63.8,0,3,1
2026-03-24 04:00:00,municipal,515.62,11.3,68.8,0,4,1
2026-03-24 05:00:00,municipal,536.37,11.9,70.5,0,5,1
2026-03-24 06:00:00,municipal,659.58,14.1,61.9,0,6,1
2026-03-24 07:00:00,municipal,738.72,14.2,60.5,0,7,1
2026-03-24 08:00:00,municipal,821.27,16.7,61.3,0,8,1
2026-03-24 09:00:00,municipal,770.7,20.9,53.0,0,9,1
2026-03-24 10:00:00,municipal,682.64,20.6,53.6,0,10,1
2026-03-24 11:00:00,municipal,588.6,20.3,61.0,0,11,1
2026-03-24 12:00:00,municipal,548.82,23.8,51.7,0,12,1
2026-03-24 13:00:00,municipal,527.95,22.4,59.2,0,13,1
2026-03-24 14:00:00,municipal,514.23,20.5,50.1,0,14,1
2026-03-24 15:00:00,municipal,545.68,22.3,56.7,0,15,1
2026-03-24 16:00:00,municipal,604.6,20.8,52.4,0,16,1
2026-03-24 17:00:00,municipal,701.31,22.5,50.1,0,17,1
2026-03-24 18:00:00,municipal,852.35,22.1,54.6,0,18,1
2026-03-24 19:00:00,municipal,914.83,23.3,52.7,0,19,1
2026-03-24 20:00:00,municipal,961.25,19.8,56.5,0,20,1
2026-03-24 21:00:00,municipal,948.26,17.5,58.9,0,21,1
2026-03-24 22:00:00,municipal,791.74,17.5,65.3,0,22,1
2026-03-24 23:00:00,municipal,657.48,11.5,62.8,0,23,1
2026-03-25 00:00:00,municipal,495.41,14.0,56.5,0,0,2
2026-03-25 01:00:00,municipal,531.07,13.8,59.3,0,1,2
2026-03-25 02:00:00,municipal,453.21,9.9,76.3,0,2,2
2026-03-25 03:00:00,municipal,555.63,13.6,60.8,0,3,2
2026-03-25 04:00:00,municipal,525.95,12.6,69.6,0,4,2
2026-03-25 05:00:00,municipal,540.89,12.0,71.6,0,5,2
2026-03-25 06:00:00,municipal,645.7,14.6,66.0,0,6,2
2026-03-25 07:00:00,municipal,726.92,18.3,63.0,0,7,2
2026-03-25 08:00:00,municipal,839.72,16.6,63.8,0,8,2
2026-03-25 09:00:00,municipal,785.71,18.2,55.9,0,9,2
2026-03-25 10:00:00,municipal,660.65,18.7,54.4,0,10,2
2026-03-25 11:00:00,municipal,577.87,19.6,48.5,0,11,2
2026-03-25 12:00:00,municipal,536.85,23.4,49.7,0,12,2
2026-03-25 13:00:00,municipal,529.63,21.8,49.1,0,13,2
2026-03-25 14:00:00,municipal,544.43,23.8,55.6,0,14,2
2026-03-25 15:00:00,municipal,561.84,23.2,54.9,0,15,2
2026-03-25 16:00:00,municipal,627.37,24.4,49.8,0,16,2
2026-03-25 17:00:00,municipal,711.19,23.6,49.4,0,17,2
2026-03-25 18:00:00,municipal,854.82,23.7,51.8,0,18,2
2026-03-25 19:00:00,municipal,946.25,20.1,54.1,0,19,2
2026-03-25 20:00:00,municipal,974.69,19.0,53.1,0,20,2
2026-03-25 21:00:00,municipal,945.63,16.4,63.8,0,21,2
2026-03-25 22:00:00,municipal,817.38,15.6,65.5,0,22,2
2026-03-25 23:00:00,municipal,640.31,15.4,62.4,0,23,2
2026-03-26 00:00:00,municipal,528.57,14.8,56.6,0,0,3
2026-03-26 01:00:00,municipal,525.1,11.4,66.0,0,1,3
2026-03-26 02:00:00,municipal,491.96,13.5,67.9,0,2,3
2026-03-26 03:00:00,municipal,502.28,14.0,46.7,0,3,3
2026-03-26 04:00:00,municipal,527.68,12.8,70.3,0,4,3
2026-03-26 05:00:00,municipal,535.26,15.6,60.7,0,5,3
2026-03-26 06:00:00,municipal,682.35,12.5,51.7,0,6,3
2026-03-26 07:00:00,municipal,708.42,13.1,65.1,0,7,3
2026-03-26 08:00:00,municipal,821.36,13.7,67.2,0,8,3
2026-03-26 09:00:00,municipal,773.65,20.2,52.7,0,9,3
2026-03-26 10:00:00,municipal,674.02,20.5,53.2,0,10,3
2026-03-26 11:00:00,municipal,578.03,20.9,57.5,0,11,3
2026-03-26 12:00:00,municipal,540.44,22.6,43.8,0,12,3
2026-03-26 13:00:00,municipal,515.17,21.5,56.1,0,13,3
2026-03-26 14:00:00,municipal,561.49,27.4,55.4,0,14,3
2026-03-26 15:00:00,municipal,576.0,24.1,62.9,0,15,3
2026-03-26 16:00:00,municipal,600.81,23.9,50.9,0,16,3
2026-03-26 17:00:00,municipal,707.66,24.2,49.0,0,17,3
2026-03-26 18:00:00,municipal,865.88,22.9,48.8,0,18,3
2026-03-26 19:00:00,municipal,949.71,21.3,52.9,0,19,3
2026-03-26 20:00:00,municipal,969.36,18.3,59.1,0,20,3
2026-03-26 21:00:00,municipal,895.39,18.7,55.3,0,21,3
2026-03-26 22:00:00,municipal,810.47,19.2,53.1,0,22,3
2026-03-26 23:00:00,municipal,679.16,17.0,57.5,0,23,3
2026-03-27 00:00:00,municipal,517.58,16.2,62.3,0,0,4
2026-03-27 01:00:00,municipal,462.44,12.1,63.9,0,1,4
2026-03-27 02:00:00,municipal,494.72,10.7,66.0,0,2,4
2026-03-27 03:00:00,municipal,491.78,11.8,64.0,0,3,4
2026-03-27 04:00:00,municipal,535.97,12.3,65.6,0,4,4
2026-03-27 05:00:00,municipal,581.95,14.5,64.2,0,5,4
2026-03-27 06:00:00,municipal,676.84,11.2,59.0,0,6,4
2026-03-27 07:00:00,municipal,762.21,17.3,57.3,0,7,4
2026-03-27 08:00:00,municipal,788.39,16.2,61.8,0,8,4
2026-03-27 09:00:00,municipal,723.61,17.4,52.9,0,9,4
2026-03-27 10:00:00,municipal,647.68,18.1,62.7,0,10,4
2026-03-27 11:00:00,municipal,607.0,18.5,62.4,0,11,4
2026-03-27 12:00:00,municipal,577.01,23.5,55.0,0,12,4
2026-03-27 13:00:00,municipal,567.93,23.3,51.1,0,13,4
2026-03-27 14:00:00,municipal,496.54,21.9,56.5,0,14,4
2026-03-27 15:00:00,municipal,543.39,22.1,52.9,0,15,4
2026-03-27 16:00:00,municipal,600.32,23.3,48.6,0,16,4
2026-03-27 17:00:00,municipal,763.8,25.7,41.4,0,17,4
2026-03-27 18:00:00,municipal,812.69,21.9,59.3,0,18,4
2026-03-27 19:00:00,municipal,955.38,18.8,51.3,0,19,4
2026-03-27 20:00:00,municipal,946.38,19.2,52.4,0,20,4
2026-03-27 21:00:00,municipal,933.96,17.6,64.9,0,21,4
2026-03-27 22:00:00,municipal,810.05,12.4,66.4,0,22,4
2026-03-27 23:00:00,municipal,640.07,14.9,61.6,0,23,4
2026-03-28 00:00:00,municipal,486.53,13.5,57.8,1,0,5
2026-03-28 01:00:00,municipal,470.92,13.9,63.9,1,1,5
2026-03-28 02:00:00,municipal,518.6,15.1,65.4,1,2,5
2026-03-28 03:00:00,municipal,501.37,13.8,64.6,1,3,5
2026-03-28 04:00:00,municipal,531.5,11.9,65.3,1,4,5
2026-03-28 05:00:00,municipal,599.88,11.2,60.4,1,5,5
2026-03-28 06:00:00,municipal,695.21,17.7,61.7,1,6,5
2026-03-28 07:00:00,municipal,821.19,15.2,64.0,1,7,5
2026-03-28 08:00:00,municipal,849.63,16.6,59.7,1,8,5
2026-03-28 09:00:00,municipal,814.11,18.1,57.1,1,9,5
2026-03-28 10:00:00,municipal,677.23,20.0,52.6,1,10,5
2026-03-28 11:00:00,municipal,555.52,20.9,47.3,1,11,5
2026-03-28 12:00:00,municipal,511.66,21.5,54.1,1,12,5
2026-03-28 13:00:00,municipal,528.95,22.5,48.1,1,13,5
2026-03-28 14:00:00,municipal,551.21,23.8,55.9,1,14,5
2026-03-28 15:00:00,municipal,582.7,23.3,43.4,1,15,5
2026-03-28 16:00:00,municipal,635.45,22.8,51.8,1,16,5
2026-03-28 17:00:00,municipal,756.81,23.5,48.2,1,17,5
2026-03-28 18:00:00,municipal,872.82,22.0,45.1,1,18,5
2026-03-28 19:00:00,municipal,1001.89,23.4,53.7,1,19,5
2026-03-28 20:00:00,municipal,1040.51,15.7,65.0,1,20,5
2026-03-28 21:00:00,municipal,1004.94,19.7,58.5,1,21,5
2026-03-28 22:00:00,municipal,853.42,18.4,61.3,1,22,5
2026-03-28 23:00:00,municipal,699.24,12.0,62.5,1,23,5
2026-03-29 00:00:00,municipal,492.83,13.4,63.0,1,0,6
2026-03-29 01:00:00,municipal,490.04,12.4,58.5,1,1,6
2026-03-29 02:00:00,municipal,471.64,10.3,60.4,1,2,6
2026-03-29 03:00:00,municipal,508.05,11.0,74.9,1,3,6
2026-03-29 04:00:00,municipal,518.83,10.7,66.5,1,4,6
2026-03-29 05:00:00,municipal,551.35,15.6,67.3,1,5,6
2026-03-29 06:00:00,municipal,667.09,15.3,58.7,1,6,6
2026-03-29 07:00:00,municipal,792.52,17.1,56.7,1,7,6
2026-03-29 08:00:00,municipal,913.92,17.7,61.5,1,8,6
2026-03-29 09:00:00,municipal,834.97,16.5,58.3,1,9,6
2026-03-29 10:00:00,municipal,693.83,18.9,55.8,1,10,6
2026-03-29 11:00:00,municipal,570.89,21.9,49.7,1,11,6
2026-03-29 12:00:00,municipal,516.36,20.6,49.2,1,12,6
2026-03-29 13:00:00,municipal,567.16,24.4,53.0,1,13,6
2026-03-29 14:00:00,municipal,526.53,23.6,53.7,1,14,6
2026-03-29 15:00:00,municipal,591.25,23.6,54.9,1,15,6
2026-03-29 16:00:00,municipal,622.94,25.0,48.7,1,16,6
2026-03-29 17:00:00,municipal,742.66,24.0,46.7,1,17,6
2026-03-29 18:00:00,municipal,867.06,21.9,56.9,1,18,6
2026-03-29 19:00:00,municipal,1055.43,22.9,50.8,1,19,6
2026-03-29 20:00:00,municipal,1006.98,18.1,56.6,1,20,6
2026-03-29 21:00:00,municipal,995.54,19.1,63.8,1,21,6
2026-03-29 22:00:00,municipal,1060.92,17.5,64.8,1,22,6
2026-03-29 23:00:00,municipal,712.13,14.7,63.5,1,23,6
2026-03-30 00:00:00,municipal,487.41,14.5,61.4,0,0,0
2026-03-30 01:00:00,municipal,480.34,11.2,69.5,0,1,0
2026-03-30 02:00:00,municipal,570.25,13.8,65.5,0,2,0
2026-03-30 03:00:00,municipal,522.23,12.0,69.8,0,3,0
2026-03-30 04:00:00,municipal,529.58,11.7,57.7,0,4,0
2026-03-30 05:00:00,municipal,567.67,14.6,64.1,0,5,0
2026-03-30 06:00:00,municipal,675.95,13.0,68.1,0,6,0
2026-03-30 07:00:00,municipal,789.34,13.1,50.2,0,7,0
2026-03-30 08:00:00,municipal,803.38,14.4,68.5,0,8,0
2026-03-30 09:00:00,municipal,739.98,19.2,63.4,0,9,0
2026-03-30 10:00:00,municipal,648.21,17.9,59.5,0,10,0
2026-03-30 11:00:00,municipal,619.4,23.9,59.2,0,11,0
2026-03-30 12:00:00,municipal,505.82,19.4,51.9,0,12,0
2026-03-30 13:00:00,municipal,585.49,26.0,48.0,0,13,0
2026-03-30 14:00:00,municipal,531.34,24.4,58.5,0,14,0
2026-03-30 15:00:00,municipal,566.5,24.1,49.7,0,15,0
2026-03-30 16:00:00,municipal,594.97,23.2,55.1,0,16,0
2026-03-30 17:00:00,municipal,734.57,24.1,50.7,0,17,0
2026-03-30 18:00:00,municipal,829.23,22.4,51.6,0,18,0
2026-03-30 19:00:00,municipal,980.63,22.9,58.5,0,19,0
2026-03-30 20:00:00,municipal,1005.51,20.0,54.5,0,20,0
2026-03-30 21:00:00,municipal,931.12,18.5,48.9,0,21,0
2026-03-30 22:00:00,municipal,824.93,16.2,60.2,0,22,0
2026-03-30 23:00:00,municipal,660.11,15.2,55.7,0,23,0
2026-03-31 00:00:00,municipal,496.35,14.6,65.0,0,0,1
2026-03-31 01:00:00,municipal,501.42,10.6,73.4,0,1,1
2026-03-31 02:00:00,municipal,545.02,10.5,61.6,0,2,1
2026-03-31 03:00:00,municipal,486.23,13.4,64.5,0,3,1
2026-03-31 04:00:00,municipal,534.19,12.8,65.4,0,4,1
2026-03-31 05:00:00,municipal,571.85,12.9,61.6,0,5,1
2026-03-31 06:00:00,municipal,662.83,14.1,56.1,0,6,1
2026-03-31 07:00:00,municipal,744.45,15.9,70.4,0,7,1
2026-03-31 08:00:00,municipal,801.0,16.0,52.9,0,8,1
2026-03-31 09:00:00,municipal,780.66,17.2,58.4,0,9,1
2026-03-31 10:00:00,municipal,647.11,20.2,48.4,0,10,1
2026-03-31 11:00:00,municipal,569.93,19.9,57.3,0,11,1
2026-03-31 12:00:00,municipal,558.58,23.2,51.5,0,12,1
2026-03-31 13:00:00,municipal,516.63,21.0,51.4,0,13,1
2026-03-31 14:00:00,municipal,591.81,25.7,54.6,0,14,1
2026-03-31 15:00:00,municipal,609.01,25.0,52.9,0,15,1
2026-03-31 16:00:00,municipal,607.74,24.5,46.5,0,16,1
2026-03-31 17:00:00,municipal,715.06,25.0,58.6,0,17,1
2026-03-31 18:00:00,municipal,869.21,25.1,50.1,0,18,1
2026-03-31 19:00:00,municipal,994.56,22.9,51.9,0,19,1
2026-03-31 20:00:00,municipal,961.68,17.1,49.6,0,20,1
2026-03-31 21:00:00,municipal,864.53,16.4,46.0,0,21,1
2026-03-31 22:00:00,municipal,822.62,15.8,50.9,0,22,1
2026-03-31 23:00:00,municipal,696.03,15.4,59.8,0,23,1
2026-04-01 00:00:00,municipal,477.85,14.9,59.1,0,0,2
2026-04-01 01:00:00,municipal,525.3,12.1,57.6,0,1,2
2026-04-01 02:00:00,municipal,517.44,12.9,68.6,0,2,2
2026-04-01 03:00:00,municipal,515.99,11.3,67.5,0,3,2
2026-04-01 04:00:00,municipal,539.76,11.7,65.9,0,4,2
2026-04-01 05:00:00,municipal,520.78,11.1,67.3,0,5,2
2026-04-01 06:00:00,municipal,657.53,12.8,58.4,0,6,2
2026-04-01 07:00:00,municipal,806.42,13.4,66.5,0,7,2
2026-04-01 08:00:00,municipal,823.91,15.4,58.4,0,8,2
2026-04-01 09:00:00,municipal,752.83,20.0,58.5,0,9,2
2026-04-01 10:00:00,municipal,641.34,18.5,64.2,0,10,2
2026-04-01 11:00:00,municipal,639.31,25.4,60.0,0,11,2
2026-04-01 12:00:00,municipal,563.09,23.4,46.4,0,12,2
2026-04-01 13:00:00,municipal,499.64,23.9,47.5,0,13,2
2026-04-01 14:00:00,municipal,557.09,22.9,53.5,0,14,2
2026-04-01 15:00:00,municipal,583.13,25.5,38.2,0,15,2
2026-04-01 16:00:00,municipal,587.92,23.3,42.1,0,16,2
2026-04-01 17:00:00,municipal,690.69,23.8,47.1,0,17,2
2026-04-01 18:00:00,municipal,867.06,26.5,46.5,0,18,2
2026-04-01 19:00:00,municipal,923.85,21.3,47.8,0,19,2
2026-04-01 20:00:00,municipal,1010.99,21.7,54.8,0,20,2
2026-04-01 21:00:00,municipal,973.32,17.4,60.6,0,21,2
2026-04-01 22:00:00,municipal,801.95,16.8,56.6,0,22,2
2026-04-01 23:00:00,municipal,708.98,18.1,58.0,0,23,2
2026-04-02 00:00:00,municipal,500.65,13.3,61.0,0,0,3
2026-04-02 01:00:00,municipal,492.07,16.0,63.4,0,1,3
2026-04-02 02:00:00,municipal,532.9,13.8,58.9,0,2,3
2026-04-02 03:00:00,municipal,514.6,11.6,61.9,0,3,3
2026-04-02 04:00:00,municipal,514.32,13.6,75.8,0,4,3
2026-04-02 05:00:00,municipal,617.62,14.8,61.6,0,5,3
2026-04-02 06:00:00,municipal,693.87,15.2,66.4,0,6,3
2026-04-02 07:00:00,municipal,734.12,13.1,63.9,0,7,3
2026-04-02 08:00:00,municipal,795.12,15.8,68.8,0,8,3
2026-04-02 09:00:00,municipal,759.73,18.1,67.4,0,9,3
2026-04-02 10:00:00,municipal,636.87,19.9,52.7,0,10,3
2026-04-02 11:00:00,municipal,560.89,22.4,41.9,0,11,3
2026-04-02 12:00:00,municipal,578.01,23.0,50.3,0,12,3
2026-04-02 13:00:00,municipal,502.32,21.7,48.7,0,13,3
2026-04-02 14:00:00,municipal,561.5,24.9,45.1,0,14,3
2026-04-02 15:00:00,municipal,583.71,25.4,56.9,0,15,3
2026-04-02 16:00:00,municipal,653.59,25.1,44.4,0,16,3
2026-04-02 17:00:00,municipal,707.36,25.3,49.0,0,17,3
2026-04-02 18:00:00,municipal,843.29,24.0,50.6,0,18,3
2026-04-02 19:00:00,municipal,905.07,22.2,53.9,0,19,3
2026-04-02 20:00:00,municipal,988.1,19.9,58.9,0,20,3
2026-04-02 21:00:00,municipal,935.29,16.0,64.8,0,21,3
2026-04-02 22:00:00,municipal,809.32,17.6,41.2,0,22,3
2026-04-02 23:00:00,municipal,702.87,15.8,50.1,0,23,3
2026-04-03 00:00:00,municipal,476.42,14.7,62.9,0,0,4
2026-04-03 01:00:00,municipal,491.63,11.5,70.2,0,1,4
2026-04-03 02:00:00,municipal,485.14,11.1,68.4,0,2,4
2026-04-03 03:00:00,municipal,511.79,14.1,63.1,0,3,4
2026-04-03 04:00:00,municipal,550.63,12.7,64.0,0,4,4
2026-04-03 05:00:00,municipal,550.31,14.4,54.6,0,5,4
2026-04-03 06:00:00,municipal,654.82,14.4,63.9,0,6,4
2026-04-03 07:00:00,municipal,782.62,15.6,64.6,0,7,4
2026-04-03 08:00:00,municipal,813.9,18.4,58.4,0,8,4
2026-04-03 09:00:00,municipal,755.3,17.8,59.0,0,9,4
2026-04-03 10:00:00,municipal,658.42,20.3,58.7,0,10,4
2026-04-03 11:00:00,municipal,535.71,20.9,55.0,0,11,4
2026-04-03 12:00:00,municipal,534.21,22.2,47.7,0,12,4
2026-04-03 13:00:00,municipal,538.31,23.3,52.1,0,13,4
2026-04-03 14:00:00,municipal,570.75,24.7,47.7,0,14,4
2026-04-03 15:00:00,municipal,601.15,23.8,56.4,0,15,4
2026-04-03 16:00:00,municipal,644.28,26.2,40.0,0,16,4
2026-04-03 17:00:00,municipal,691.66,22.4,56.0,0,17,4
2026-04-03 18:00:00,municipal,811.1,22.5,53.1,0,18,4
2026-04-03 19:00:00,municipal,926.19,20.9,61.7,0,19,4
2026-04-03 20:00:00,municipal,1034.14,22.3,55.7,0,20,4
2026-04-03 21:00:00,municipal,912.65,18.9,65.7,0,21,4
2026-04-03 22:00:00,municipal,761.96,18.6,54.7,0,22,4
2026-04-03 23:00:00,municipal,653.65,13.3,63.6,0,23,4
2026-04-04 00:00:00,municipal,500.53,14.8,55.6,1,0,5
2026-04-04 01:00:00,municipal,462.54,14.8,65.4,1,1,5
2026-04-04 02:00:00,municipal,482.74,13.0,62.8,1,2,5
2026-04-04 03:00:00,municipal,540.24,14.2,70.3,1,3,5
2026-04-04 04:00:00,municipal,554.21,12.1,51.8,1,4,5
2026-04-04 05:00:00,municipal,564.84,15.6,57.9,1,5,5
2026-04-04 06:00:00,municipal,675.03,17.9,60.6,1,6,5
2026-04-04 07:00:00,municipal,843.99,15.1,55.8,1,7,5
2026-04-04 08:00:00,municipal,852.85,16.4,65.3,1,8,5
2026-04-04 09:00:00,municipal,809.62,20.8,54.7,1,9,5
2026-04-04 10:00:00,municipal,687.6,22.6,55.1,1,10,5
2026-04-04 11:00:00,municipal,582.46,20.9,59.2,1,11,5
2026-04-04 12:00:00,municipal,573.96,22.3,52.4,1,12,5
2026-04-04 13:00:00,municipal,533.42,23.4,44.7,1,13,5
2026-04-04 14:00:00,municipal,556.17,22.4,56.4,1,14,5
2026-04-04 15:00:00,municipal,566.83,23.3,46.9,1,15,5
2026-04-04 16:00:00,municipal,609.8,22.9,49.5,1,16,5
2026-04-04 17:00:00,municipal,713.53,22.7,47.3,1,17,5
2026-04-04 18:00:00,municipal,875.28,22.8,48.5,1,18,5
2026-04-04 19:00:00,municipal,1021.23,22.0,60.5,1,19,5
2026-04-04 20:00:00,municipal,1085.73,22.5,49.0,1,20,5
2026-04-04 21:00:00,municipal,976.52,17.1,59.6,1,21,5
2026-04-04 22:00:00,municipal,838.23,18.6,60.2,1,22,5
2026-04-04 23:00:00,municipal,727.13,15.3,71.7,1,23,5
2026-04-05 00:00:00,municipal,500.1,14.4,73.7,1,0,6
2026-04-05 01:00:00,municipal,501.51,14.5,65.6,1,1,6
2026-04-05 02:00:00,municipal,514.42,11.2,63.6,1,2,6
2026-04-05 03:00:00,municipal,459.65,13.3,68.2,1,3,6
2026-04-05 04:00:00,municipal,554.82,13.2,58.8,1,4,6
2026-04-05 05:00:00,municipal,605.39,14.3,60.2,1,5,6
2026-04-05 06:00:00,municipal,682.92,14.9,57.8,1,6,6
2026-04-05 07:00:00,municipal,769.24,19.4,58.5,1,7,6
2026-04-05 08:00:00,municipal,846.59,16.2,62.0,1,8,6
2026-04-05 09:00:00,municipal,821.97,17.9,57.6,1,9,6
2026-04-05 10:00:00,municipal,740.52,19.3,53.5,1,10,6
2026-04-05 11:00:00,municipal,555.8,20.9,50.3,1,11,6
2026-04-05 12:00:00,municipal,545.1,22.0,58.3,1,12,6
2026-04-05 13:00:00,municipal,586.22,25.7,45.7,1,13,6
2026-04-05 14:00:00,municipal,552.34,26.6,53.2,1,14,6
2026-04-05 15:00:00,municipal,563.7,23.9,49.6,1,15,6
2026-04-05 16:00:00,municipal,614.77,23.3,43.5,1,16,6
2026-04-05 17:00:00,municipal,737.26,24.6,48.9,1,17,6
2026-04-05 18:00:00,municipal,844.78,22.1,59.2,1,18,6
2026-04-05 19:00:00,municipal,998.23,22.7,47.4,1,19,6
2026-04-05 20:00:00,municipal,1038.72,20.6,57.4,1,20,6
2026-04-05 21:00:00,municipal,979.79,16.4,54.8,1,21,6
2026-04-05 22:00:00,municipal,862.75,19.5,66.5,1,22,6
2026-04-05 23:00:00,municipal,687.05,18.4,58.6,1,23,6
2026-04-06 00:00:00,municipal,523.58,13.6,58.5,0,0,0
2026-04-06 01:00:00,municipal,508.47,13.0,57.3,0,1,0
2026-04-06 02:00:00,municipal,469.81,13.4,59.8,0,2,0
2026-04-06 03:00:00,municipal,489.11,13.3,64.0,0,3,0
2026-04-06 04:00:00,municipal,557.75,14.0,61.8,0,4,0
2026-04-06 05:00:00,municipal,575.71,16.6,50.8,0,5,0
2026-04-06 06:00:00,municipal,690.42,14.3,58.6,0,6,0
2026-04-06 07:00:00,municipal,745.19,14.6,63.9,0,7,0
2026-04-06 08:00:00,municipal,798.69,15.2,60.5,0,8,0
2026-04-06 09:00:00,municipal,761.53,17.7,55.6,0,9,0
2026-04-06 10:00:00,municipal,659.27,20.3,61.2,0,10,0
2026-04-06 11:00:00,municipal,622.45,24.5,41.3,0,11,0
2026-04-06 12:00:00,municipal,518.37,22.3,52.9,0,12,0
2026-04-06 13:00:00,municipal,585.49,24.3,48.8,0,13,0
2026-04-06 14:00:00,municipal,541.42,24.6,49.0,0,14,0
2026-04-06 15:00:00,municipal,607.3,26.6,46.3,0,15,0
2026-04-06 16:00:00,municipal,644.6,28.4,49.5,0,16,0
2026-04-06 17:00:00,municipal,637.45,23.2,62.4,0,17,0
2026-04-06 18:00:00,municipal,816.06,22.3,56.8,0,18,0
2026-04-06 19:00:00,municipal,915.46,23.4,49.2,0,19,0
2026-04-06 20:00:00,municipal,1004.02,21.4,53.6,0,20,0
2026-04-06 21:00:00,municipal,925.31,21.6,50.8,0,21,0
2026-04-06 22:00:00,municipal,784.64,18.1,48.6,0,22,0
2026-04-06 23:00:00,municipal,639.98,15.3,56.6,0,23,0
2026-04-07 00:00:00,municipal,555.75,15.5,60.2,0,0,1
2026-04-07 01:00:00,municipal,522.81,15.3,62.6,0,1,1
2026-04-07 02:00:00,municipal,493.7,14.3,62.7,0,2,1
2026-04-07 03:00:00,municipal,506.7,13.6,63.6,0,3,1
2026-04-07 04:00:00,municipal,539.8,14.7,57.3,0,4,1
2026-04-07 05:00:00,municipal,594.43,15.4,67.9,0,5,1
2026-04-07 06:00:00,municipal,688.76,16.7,54.7,0,6,1
2026-04-07 07:00:00,municipal,790.04,16.9,62.0,0,7,1
2026-04-07 08:00:00,municipal,802.21,17.1,53.6,0,8,1
2026-04-07 09:00:00,municipal,768.85,19.1,57.4,0,9,1
2026-04-07 10:00:00,municipal,700.47,22.2,51.9,0,10,1
2026-04-07 11:00:00,municipal,533.64,20.7,63.8,0,11,1
2026-04-07 12:00:00,municipal,506.07,23.7,48.9,0,12,1
2026-04-07 13:00:00,municipal,521.12,23.5,44.4,0,13,1
2026-04-07 14:00:00,municipal,558.66,24.7,50.0,0,14,1
2026-04-07 15:00:00,municipal,597.04,26.8,39.0,0,15,1
2026-04-07 16:00:00,municipal,665.08,25.0,43.0,0,16,1
2026-04-07 17:00:00,municipal,682.42,24.1,57.5,0,17,1
2026-04-07 18:00:00,municipal,833.86,21.1,50.9,0,18,1
2026-04-07 19:00:00,municipal,918.79,23.0,51.0,0,19,1
2026-04-07 20:00:00,municipal,978.94,21.4,62.0,0,20,1
2026-04-07 21:00:00,municipal,907.87,22.1,54.4,0,21,1
2026-04-07 22:00:00,municipal,776.15,16.9,63.2,0,22,1
2026-04-07 23:00:00,municipal,698.33,16.2,64.7,0,23,1
2026-04-08 00:00:00,municipal,532.08,15.1,68.9,0,0,2
2026-04-08 01:00:00,municipal,499.33,16.1,63.3,0,1,2
2026-04-08 02:00:00,municipal,481.5,13.0,61.6,0,2,2
2026-04-08 03:00:00,municipal,498.54,13.4,63.2,0,3,2
2026-04-08 04:00:00,municipal,487.65,14.1,66.2,0,4,2
2026-04-08 05:00:00,municipal,666.65,14.0,61.1,0,5,2
2026-04-08 06:00:00,municipal,657.81,14.0,61.2,0,6,2
2026-04-08 07:00:00,municipal,762.95,16.2,50.6,0,7,2
2026-04-08 08:00:00,municipal,805.36,19.0,56.4,0,8,2
2026-04-08 09:00:00,municipal,925.61,17.4,52.3,0,9,2
2026-04-08 10:00:00,municipal,659.6,20.7,56.9,0,10,2
2026-04-08 11:00:00,municipal,593.02,20.9,56.9,0,11,2
2026-04-08 12:00:00,municipal,565.25,25.0,56.8,0,12,2
2026-04-08 13:00:00,municipal,523.33,21.9,53.8,0,13,2
2026-04-08 14:00:00,municipal,588.14,23.9,52.6,0,14,2
2026-04-08 15:00:00,municipal,586.98,25.5,52.3,0,15,2
2026-04-08 16:00:00,municipal,645.02,27.1,42.6,0,16,2
2026-04-08 17:00:00,municipal,714.11,24.1,41.4,0,17,2
2026-04-08 18:00:00,municipal,789.76,22.4,53.2,0,18,2
2026-04-08 19:00:00,municipal,950.27,24.8,58.5,0,19,2
2026-04-08 20:00:00,municipal,993.94,18.3,59.9,0,20,2
2026-04-08 21:00:00,municipal,915.28,15.7,63.1,0,21,2
2026-04-08 22:00:00,municipal,854.38,18.1,49.5,0,22,2
2026-04-08 23:00:00,municipal,664.79,15.2,60.5,0,23,2
2026-04-09 00:00:00,municipal,508.73,13.3,63.7,0,0,3
2026-04-09 01:00:00,municipal,485.13,14.9,60.9,0,1,3
2026-04-09 02:00:00,municipal,525.16,13.6,61.0,0,2,3
2026-04-09 03:00:00,municipal,517.16,12.2,65.0,0,3,3
2026-04-09 04:00:00,municipal,545.77,11.3,64.8,0,4,3
2026-04-09 05:00:00,municipal,552.3,15.1,57.5,0,5,3
2026-04-09 06:00:00,municipal,659.66,15.8,59.6,0,6,3
2026-04-09 07:00:00,municipal,744.04,15.9,72.7,0,7,3
2026-04-09 08:00:00,municipal,835.25,20.3,57.9,0,8,3
2026-04-09 09:00:00,municipal,771.78,17.4,53.6,0,9,3
2026-04-09 10:00:00,municipal,642.93,18.3,60.1,0,10,3
2026-04-09 11:00:00,municipal,581.6,21.0,55.1,0,11,3
2026-04-09 12:00:00,municipal,551.75,23.2,55.1,0,12,3
2026-04-09 13:00:00,municipal,562.61,24.6,47.5,0,13,3
2026-04-09 14:00:00,municipal,514.87,24.5,45.1,0,14,3
2026-04-09 15:00:00,municipal,773.84,25.6,54.2,0,15,3
2026-04-09 16:00:00,municipal,597.18,23.0,55.4,0,16,3
2026-04-09 17:00:00,municipal,769.81,26.4,46.5,0,17,3
2026-04-09 18:00:00,municipal,843.07,23.2,47.5,0,18,3
2026-04-09 19:00:00,municipal,934.36,23.7,54.5,0,19,3
2026-04-09 20:00:00,municipal,981.83,21.1,55.9,0,20,3
2026-04-09 21:00:00,municipal,937.84,19.7,54.9,0,21,3
2026-04-09 22:00:00,municipal,784.25,18.3,60.8,0,22,3
2026-04-09 23:00:00,municipal,648.74,16.7,55.5,0,23,3
2026-04-10 00:00:00,municipal,467.43,15.8,56.1,0,0,4
2026-04-10 01:00:00,municipal,513.93,15.9,56.0,0,1,4
2026-04-10 02:00:00,municipal,478.08,13.6,68.4,0,2,4
2026-04-10 03:00:00,municipal,490.31,14.2,65.9,0,3,4
2026-04-10 04:00:00,municipal,561.64,13.2,64.1,0,4,4
2026-04-10 05:00:00,municipal,578.0,16.1,61.5,0,5,4
2026-04-10 06:00:00,municipal,706.63,13.9,59.1,0,6,4
2026-04-10 07:00:00,municipal,777.01,18.8,58.0,0,7,4
2026-04-10 08:00:00,municipal,830.11,17.5,59.0,0,8,4
2026-04-10 09:00:00,municipal,790.76,17.0,55.8,0,9,4
2026-04-10 10:00:00,municipal,678.49,20.9,46.1,0,10,4
2026-04-10 11:00:00,municipal,640.55,21.1,54.7,0,11,4
2026-04-10 12:00:00,municipal,537.08,24.6,48.5,0,12,4
2026-04-10 13:00:00,municipal,516.31,23.3,55.1,0,13,4
2026-04-10 14:00:00,municipal,519.47,24.2,52.9,0,14,4
2026-04-10 15:00:00,municipal,529.16,22.3,47.9,0,15,4
2026-04-10 16:00:00,municipal,618.66,24.2,51.0,0,16,4
2026-04-10 17:00:00,municipal,666.56,20.7,52.6,0,17,4
2026-04-10 18:00:00,municipal,794.24,21.0,46.9,0,18,4
2026-04-10 19:00:00,municipal,943.29,23.3,44.5,0,19,4
2026-04-10 20:00:00,municipal,1013.51,21.8,47.1,0,20,4
2026-04-10 21:00:00,municipal,943.37,19.7,51.3,0,21,4
2026-04-10 22:00:00,municipal,787.07,16.1,52.9,0,22,4
2026-04-10 23:00:00,municipal,666.91,16.0,69.5,0,23,4
2026-04-11 00:00:00,municipal,462.42,14.9,67.6,1,0,5
2026-04-11 01:00:00,municipal,502.25,12.3,67.0,1,1,5
2026-04-11 02:00:00,municipal,471.06,15.6,60.1,1,2,5
2026-04-11 03:00:00,municipal,518.61,14.5,57.1,1,3,5
2026-04-11 04:00:00,municipal,538.54,13.1,64.5,1,4,5
2026-04-11 05:00:00,municipal,575.94,14.0,65.4,1,5,5
2026-04-11 06:00:00,municipal,673.46,15.3,63.0,1,6,5
2026-04-11 07:00:00,municipal,784.06,13.1,73.8,1,7,5
2026-04-11 08:00:00,municipal,859.23,17.3,58.0,1,8,5
2026-04-11 09:00:00,municipal,805.37,18.2,55.4,1,9,5
2026-04-11 10:00:00,municipal,681.94,19.2,63.2,1,10,5
2026-04-11 11:00:00,municipal,589.75,21.8,51.2,1,11,5
2026-04-11 12:00:00,municipal,609.22,26.1,38.5,1,12,5
2026-04-11 13:00:00,municipal,538.5,25.3,53.1,1,13,5
2026-04-11 14:00:00,municipal,564.76,24.1,55.1,1,14,5
2026-04-11 15:00:00,municipal,579.87,26.0,46.3,1,15,5
2026-04-11 16:00:00,municipal,668.69,27.1,39.8,1,16,5
2026-04-11 17:00:00,municipal,785.72,25.8,40.1,1,17,5
2026-04-11 18:00:00,municipal,853.66,23.5,57.6,1,18,5
2026-04-11 19:00:00,municipal,998.68,21.2,46.7,1,19,5
2026-04-11 20:00:00,municipal,1045.46,21.8,50.2,1,20,5
2026-04-11 21:00:00,municipal,986.5,19.8,54.0,1,21,5
2026-04-11 22:00:00,municipal,876.44,19.0,57.5,1,22,5
2026-04-11 23:00:00,municipal,715.74,17.1,65.8,1,23,5
2026-04-12 00:00:00,municipal,503.57,16.6,55.5,1,0,6
2026-04-12 01:00:00,municipal,490.04,13.3,67.5,1,1,6
2026-04-12 02:00:00,municipal,510.65,15.4,60.2,1,2,6
2026-04-12 03:00:00,municipal,456.69,13.6,60.4,1,3,6
2026-04-12 04:00:00,municipal,541.86,16.6,71.2,1,4,6
2026-04-12 05:00:00,municipal,555.23,13.0,64.5,1,5,6
2026-04-12 06:00:00,municipal,693.08,17.6,62.6,1,6,6
2026-04-12 07:00:00,municipal,794.29,16.6,58.4,1,7,6
2026-04-12 08:00:00,municipal,844.13,16.7,63.2,1,8,6
2026-04-12 09:00:00,municipal,786.42,18.5,58.7,1,9,6
2026-04-12 10:00:00,municipal,692.35,20.3,49.9,1,10,6
2026-04-12 11:00:00,municipal,630.53,22.9,41.6,1,11,6
2026-04-12 12:00:00,municipal,556.41,24.3,45.4,1,12,6
2026-04-12 13:00:00,municipal,533.96,23.6,52.4,1,13,6
2026-04-12 14:00:00,municipal,519.81,25.0,47.9,1,14,6
2026-04-12 15:00:00,municipal,646.56,28.5,41.1,1,15,6
2026-04-12 16:00:00,municipal,681.96,27.7,42.1,1,16,6
2026-04-12 17:00:00,municipal,745.3,25.1,42.4,1,17,6
2026-04-12 18:00:00,municipal,923.26,23.6,53.7,1,18,6
2026-04-12 19:00:00,municipal,1041.26,22.4,57.4,1,19,6
2026-04-12 20:00:00,municipal,1047.5,21.7,51.1,1,20,6
2026-04-12 21:00:00,municipal,988.06,17.7,55.4,1,21,6
2026-04-12 22:00:00,municipal,839.55,17.3,65.4,1,22,6
2026-04-12 23:00:00,municipal,677.34,13.8,65.2,1,23,6
2026-04-13 00:00:00,municipal,497.36,15.7,50.7,0,0,0
2026-04-13 01:00:00,municipal,494.14,15.1,63.5,0,1,0
2026-04-13 02:00:00,municipal,497.94,12.8,68.8,0,2,0
2026-04-13 03:00:00,municipal,505.2,15.7,52.0,0,3,0
2026-04-13 04:00:00,municipal,533.52,11.7,63.4,0,4,0
2026-04-13 05:00:00,municipal,606.12,12.0,70.1,0,5,0
2026-04-13 06:00:00,municipal,642.55,15.4,53.3,0,6,0
2026-04-13 07:00:00,municipal,779.68,17.9,53.1,0,7,0
2026-04-13 08:00:00,municipal,800.29,20.3,58.2,0,8,0
2026-04-13 09:00:00,municipal,751.43,18.7,61.3,0,9,0
2026-04-13 10:00:00,municipal,690.09,22.5,58.0,0,10,0
2026-04-13 11:00:00,municipal,603.5,22.3,48.4,0,11,0
2026-04-13 12:00:00,municipal,543.45,23.3,57.7,0,12,0
2026-04-13 13:00:00,municipal,537.98,25.9,45.5,0,13,0
2026-04-13 14:00:00,municipal,584.88,26.1,45.8,0,14,0
2026-04-13 15:00:00,municipal,574.97,23.0,53.4,0,15,0
2026-04-13 16:00:00,municipal,670.82,27.4,42.2,0,16,0
2026-04-13 17:00:00,municipal,775.31,26.6,42.9,0,17,0
2026-04-13 18:00:00,municipal,812.03,22.6,50.1,0,18,0
2026-04-13 19:00:00,municipal,961.56,22.9,59.0,0,19,0
2026-04-13 20:00:00,municipal,974.29,21.6,63.4,0,20,0
2026-04-13 21:00:00,municipal,904.93,19.7,58.2,0,21,0
2026-04-13 22:00:00,municipal,843.55,17.0,58.5,0,22,0
2026-04-13 23:00:00,municipal,720.79,15.3,61.5,0,23,0
2026-04-14 00:00:00,municipal,484.97,15.1,64.2,0,0,1
2026-04-14 01:00:00,municipal,463.97,16.0,66.0,0,1,1
2026-04-14 02:00:00,municipal,531.94,14.4,69.2,0,2,1
2026-04-14 03:00:00,municipal,511.69,12.9,59.8,0,3,1
2026-04-14 04:00:00,municipal,476.43,14.8,57.8,0,4,1
2026-04-14 05:00:00,municipal,603.27,10.0,66.7,0,5,1
2026-04-14 06:00:00,municipal,657.38,16.9,63.4,0,6,1
2026-04-14 07:00:00,municipal,739.84,13.8,65.2,0,7,1
2026-04-14 08:00:00,municipal,818.08,17.3,55.8,0,8,1
2026-04-14 09:00:00,municipal,807.11,17.7,60.8,0,9,1
2026-04-14 10:00:00,municipal,644.18,19.0,50.5,0,10,1
2026-04-14 11:00:00,municipal,633.26,24.2,51.4,0,11,1
2026-04-14 12:00:00,municipal,582.98,23.0,50.5,0,12,1
2026-04-14 13:00:00,municipal,532.49,25.1,49.1,0,13,1
2026-04-14 14:00:00,municipal,544.3,25.1,52.7,0,14,1
2026-04-14 15:00:00,municipal,570.56,26.1,44.9,0,15,1
2026-04-14 16:00:00,municipal,660.59,25.3,42.1,0,16,1
2026-04-14 17:00:00,municipal,693.26,22.7,49.1,0,17,1
2026-04-14 18:00:00,municipal,839.88,25.2,49.6,0,18,1
2026-04-14 19:00:00,municipal,940.99,21.7,52.7,0,19,1
2026-04-14 20:00:00,municipal,984.76,18.6,50.7,0,20,1
2026-04-14 21:00:00,municipal,946.85,18.8,56.0,0,21,1
2026-04-14 22:00:00,municipal,790.56,20.1,59.4,0,22,1
2026-04-14 23:00:00,municipal,634.72,17.7,57.2,0,23,1
2026-04-15 00:00:00,municipal,496.27,14.7,60.4,0,0,2
2026-04-15 01:00:00,municipal,482.39,13.8,58.2,0,1,2
2026-04-15 02:00:00,municipal,457.7,13.2,63.7,0,2,2
2026-04-15 03:00:00,municipal,536.5,16.6,60.4,0,3,2
2026-04-15 04:00:00,municipal,515.92,14.3,55.9,0,4,2
2026-04-15 05:00:00,municipal,544.04,14.9,62.4,0,5,2
2026-04-15 06:00:00,municipal,639.8,16.8,54.6,0,6,2
2026-04-15 07:00:00,municipal,742.87,16.9,48.0,0,7,2
2026-04-15 08:00:00,municipal,814.03,17.6,53.9,0,8,2
2026-04-15 09:00:00,municipal,789.25,19.2,54.6,0,9,2
2026-04-15 10:00:00,municipal,608.07,20.9,44.7,0,10,2
2026-04-15 11:00:00,municipal,606.93,22.4,58.2,0,11,2
2026-04-15 12:00:00,municipal,586.44,24.8,42.6,0,12,2
2026-04-15 13:00:00,municipal,575.46,24.8,42.2,0,13,2
2026-04-15 14:00:00,municipal,608.41,26.4,35.4,0,14,2
2026-04-15 15:00:00,municipal,581.43,25.4,43.4,0,15,2
2026-04-15 16:00:00,municipal,659.11,25.4,45.0,0,16,2
2026-04-15 17:00:00,municipal,701.73,21.7,55.9,0,17,2
2026-04-15 18:00:00,municipal,826.36,25.1,54.5,0,18,2
2026-04-15 19:00:00,municipal,969.56,23.0,51.1,0,19,2
2026-04-15 20:00:00,municipal,1005.23,22.5,55.2,0,20,2
2026-04-15 21:00:00,municipal,927.91,15.2,61.8,0,21,2
2026-04-15 22:00:00,municipal,822.7,21.1,59.2,0,22,2
2026-04-15 23:00:00,municipal,639.74,16.3,52.9,0,23,2
2026-04-16 00:00:00,municipal,538.56,17.0,57.1,0,0,3
2026-04-16 01:00:00,municipal,467.19,12.8,62.6,0,1,3
2026-04-16 02:00:00,municipal,504.01,14.7,59.8,0,2,3
2026-04-16 03:00:00,municipal,560.19,12.0,63.0,0,3,3
2026-04-16 04:00:00,municipal,549.51,12.8,67.9,0,4,3
2026-04-16 05:00:00,municipal,530.17,17.3,64.1,0,5,3
2026-04-16 06:00:00,municipal,641.1,15.0,59.5,0,6,3
2026-04-16 07:00:00,municipal,740.9,16.9,61.3,0,7,3
2026-04-16 08:00:00,municipal,802.36,19.3,56.8,0,8,3
2026-04-16 09:00:00,municipal,764.56,20.3,54.9,0,9,3
2026-04-16 10:00:00,municipal,662.4,21.4,47.9,0,10,3
2026-04-16 11:00:00,municipal,609.05,23.1,49.9,0,11,3
2026-04-16 12:00:00,municipal,617.05,27.4,42.4,0,12,3
2026-04-16 13:00:00,municipal,561.65,24.7,55.4,0,13,3
2026-04-16 14:00:00,municipal,567.04,25.7,42.0,0,14,3
2026-04-16 15:00:00,municipal,576.41,27.2,49.8,0,15,3
2026-04-16 16:00:00,municipal,671.41,27.0,41.1,0,16,3
2026-04-16 17:00:00,municipal,763.59,26.6,45.2,0,17,3
2026-04-16 18:00:00,municipal,857.25,24.8,39.5,0,18,3
2026-04-16 19:00:00,municipal,928.07,20.9,58.2,0,19,3
2026-04-16 20:00:00,municipal,984.6,23.6,54.4,0,20,3
2026-04-16 21:00:00,municipal,971.65,17.9,56.8,0,21,3
2026-04-16 22:00:00,municipal,802.58,18.5,50.6,0,22,3
2026-04-16 23:00:00,municipal,657.74,15.4,55.2,0,23,3
2026-04-17 00:00:00,municipal,498.97,15.3,59.4,0,0,4
2026-04-17 01:00:00,municipal,501.85,15.0,63.3,0,1,4
2026-04-17 02:00:00,municipal,512.54,14.3,59.2,0,2,4
2026-04-17 03:00:00,municipal,516.77,14.3,58.5,0,3,4
2026-04-17 04:00:00,municipal,512.07,16.3,55.1,0,4,4
2026-04-17 05:00:00,municipal,575.68,15.1,59.0,0,5,4
2026-04-17 06:00:00,municipal,661.87,15.0,64.1,0,6,4
2026-04-17 07:00:00,municipal,790.62,18.1,55.5,0,7,4
2026-04-17 08:00:00,municipal,760.16,19.9,60.7,0,8,4
2026-04-17 09:00:00,municipal,762.03,17.8,48.9,0,9,4
2026-04-17 10:00:00,municipal,676.88,22.1,50.9,0,10,4
2026-04-17 11:00:00,municipal,598.73,23.7,55.5,0,11,4
2026-04-17 12:00:00,municipal,528.58,23.5,50.2,0,12,4
2026-04-17 13:00:00,municipal,577.7,26.9,44.3,0,13,4
2026-04-17 14:00:00,municipal,562.25,25.2,49.2,0,14,4
2026-04-17 15:00:00,municipal,593.1,25.8,53.8,0,15,4
2026-04-17 16:00:00,municipal,629.7,25.2,53.9,0,16,4
2026-04-17 17:00:00,municipal,750.15,24.9,51.8,0,17,4
2026-04-17 18:00:00,municipal,794.41,22.3,55.1,0,18,4
2026-04-17 19:00:00,municipal,948.35,20.5,57.6,0,19,4
2026-04-17 20:00:00,municipal,1025.05,23.6,45.7,0,20,4
2026-04-17 21:00:00,municipal,974.1,18.4,62.5,0,21,4
2026-04-17 22:00:00,municipal,794.09,16.6,63.4,0,22,4
2026-04-17 23:00:00,municipal,666.11,13.4,67.0,0,23,4
2026-04-18 00:00:00,municipal,502.8,14.5,58.0,1,0,5
2026-04-18 01:00:00,municipal,525.55,12.6,69.7,1,1,5
2026-04-18 02:00:00,municipal,494.34,16.4,63.9,1,2,5
2026-04-18 03:00:00,municipal,542.99,15.2,52.8,1,3,5
2026-04-18 04:00:00,municipal,485.46,12.9,66.6,1,4,5
2026-04-18 05:00:00,municipal,632.74,17.9,62.1,1,5,5
2026-04-18 06:00:00,municipal,675.2,17.0,66.2,1,6,5
2026-04-18 07:00:00,municipal,776.74,16.2,62.4,1,7,5
2026-04-18 08:00:00,municipal,879.43,14.4,58.2,1,8,5
2026-04-18 09:00:00,municipal,821.99,23.2,49.0,1,9,5
2026-04-18 10:00:00,municipal,717.14,19.2,60.6,1,10,5
2026-04-18 11:00:00,municipal,577.18,20.3,59.2,1,11,5
2026-04-18 12:00:00,municipal,591.17,25.5,49.2,1,12,5
2026-04-18 13:00:00,municipal,578.79,28.6,39.0,1,13,5
2026-04-18 14:00:00,municipal,567.38,27.6,56.2,1,14,5
2026-04-18 15:00:00,municipal,568.37,26.6,44.4,1,15,5
2026-04-18 16:00:00,municipal,685.59,26.4,49.3,1,16,5
2026-04-18 17:00:00,municipal,764.3,26.2,50.8,1,17,5
2026-04-18 18:00:00,municipal,900.11,25.1,33.5,1,18,5
2026-04-18 19:00:00,municipal,1026.93,23.2,41.9,1,19,5
2026-04-18 20:00:00,municipal,1056.55,21.4,54.0,1,20,5
2026-04-18 21:00:00,municipal,972.96,19.6,60.6,1,21,5
2026-04-18 22:00:00,municipal,853.12,17.0,58.5,1,22,5
2026-04-18 23:00:00,municipal,680.86,16.3,55.9,1,23,5
2026-04-19 00:00:00,municipal,495.42,13.0,73.4,1,0,6
2026-04-19 01:00:00,municipal,515.34,14.5,63.2,1,1,6
2026-04-19 02:00:00,municipal,487.49,12.5,62.4,1,2,6
2026-04-19 03:00:00,municipal,508.38,12.2,72.4,1,3,6
2026-04-19 04:00:00,municipal,523.21,14.3,61.9,1,4,6
2026-04-19 05:00:00,municipal,546.22,16.7,62.2,1,5,6
2026-04-19 06:00:00,municipal,700.21,16.9,51.6,1,6,6
2026-04-19 07:00:00,municipal,789.06,14.5,69.8,1,7,6
2026-04-19 08:00:00,municipal,857.11,16.8,65.8,1,8,6
2026-04-19 09:00:00,municipal,797.45,21.2,58.0,1,9,6
2026-04-19 10:00:00,municipal,650.78,19.9,55.2,1,10,6
2026-04-19 11:00:00,municipal,581.93,22.5,49.7,1,11,6
2026-04-19 12:00:00,municipal,591.7,24.9,44.7,1,12,6
2026-04-19 13:00:00,municipal,531.15,23.6,54.0,1,13,6
2026-04-19 14:00:00,municipal,584.18,25.8,41.5,1,14,6
2026-04-19 15:00:00,municipal,580.99,23.8,53.7,1,15,6
2026-04-19 16:00:00,municipal,624.82,24.7,55.5,1,16,6
2026-04-19 17:00:00,municipal,762.23,25.5,48.2,1,17,6
2026-04-19 18:00:00,municipal,894.33,21.7,54.7,1,18,6
2026-04-19 19:00:00,municipal,1035.48,23.5,43.3,1,19,6
2026-04-19 20:00:00,municipal,1042.85,21.3,60.0,1,20,6
2026-04-19 21:00:00,municipal,973.88,20.6,53.1,1,21,6
2026-04-19 22:00:00,municipal,898.2,18.6,58.6,1,22,6
2026-04-19 23:00:00,municipal,734.97,18.9,64.6,1,23,6
2026-04-20 00:00:00,municipal,532.09,15.8,57.3,0,0,0
2026-04-20 01:00:00,municipal,494.31,14.0,70.8,0,1,0
2026-04-20 02:00:00,municipal,505.82,14.3,63.0,0,2,0
2026-04-20 03:00:00,municipal,554.58,14.7,60.6,0,3,0
2026-04-20 04:00:00,municipal,519.43,14.2,65.1,0,4,0
2026-04-20 05:00:00,municipal,570.55,14.8,60.5,0,5,0
2026-04-20 06:00:00,municipal,629.34,14.6,58.5,0,6,0
2026-04-20 07:00:00,municipal,757.24,15.9,52.3,0,7,0
2026-04-20 08:00:00,municipal,815.06,16.2,61.7,0,8,0
2026-04-20 09:00:00,municipal,820.23,22.5,55.4,0,9,0
2026-04-20 10:00:00,municipal,651.01,19.6,57.1,0,10,0
2026-04-20 11:00:00,municipal,583.61,21.8,53.7,0,11,0
2026-04-20 12:00:00,municipal,595.67,23.1,51.9,0,12,0
2026-04-20 13:00:00,municipal,553.62,26.4,60.1,0,13,0
2026-04-20 14:00:00,municipal,562.35,25.2,48.8,0,14,0
2026-04-20 15:00:00,municipal,650.68,27.8,41.6,0,15,0
2026-04-20 16:00:00,municipal,636.58,24.7,47.9,0,16,0
2026-04-20 17:00:00,municipal,735.2,25.5,45.4,0,17,0
2026-04-20 18:00:00,municipal,823.01,22.9,59.3,0,18,0
2026-04-20 19:00:00,municipal,951.88,26.1,43.1,0,19,0
2026-04-20 20:00:00,municipal,967.53,19.7,44.7,0,20,0
2026-04-20 21:00:00,municipal,881.87,20.4,50.5,0,21,0
2026-04-20 22:00:00,municipal,840.77,19.3,53.5,0,22,0
2026-04-20 23:00:00,municipal,704.64,17.5,57.8,0,23,0
2026-04-21 00:00:00,municipal,519.82,15.4,51.8,0,0,1
2026-04-21 01:00:00,municipal,498.61,14.6,59.9,0,1,1
2026-04-21 02:00:00,municipal,469.65,14.2,67.8,0,2,1
2026-04-21 03:00:00,municipal,494.94,13.7,55.9,0,3,1
2026-04-21 04:00:00,municipal,513.85,15.6,55.6,0,4,1
2026-04-21 05:00:00,municipal,572.96,18.1,50.5,0,5,1
2026-04-21 06:00:00,municipal,679.88,14.9,58.6,0,6,1
2026-04-21 07:00:00,municipal,756.49,14.9,58.4,0,7,1
2026-04-21 08:00:00,municipal,809.64,18.3,50.7,0,8,1
2026-04-21 09:00:00,municipal,815.04,23.8,38.2,0,9,1
2026-04-21 10:00:00,municipal,663.08,20.3,49.8,0,10,1
2026-04-21 11:00:00,municipal,633.51,25.4,44.8,0,11,1
2026-04-21 12:00:00,municipal,610.23,26.7,44.7,0,12,1
2026-04-21 13:00:00,municipal,516.72,24.3,60.3,0,13,1
2026-04-21 14:00:00,municipal,545.88,26.6,56.0,0,14,1
2026-04-21 15:00:00,municipal,620.94,28.4,45.0,0,15,1
2026-04-21 16:00:00,municipal,643.48,25.2,49.5,0,16,1
2026-04-21 17:00:00,municipal,761.56,24.9,40.1,0,17,1
2026-04-21 18:00:00,municipal,806.76,23.3,59.5,0,18,1
2026-04-21 19:00:00,municipal,939.28,21.4,51.5,0,19,1
2026-04-21 20:00:00,municipal,990.24,20.5,57.7,0,20,1
2026-04-21 21:00:00,municipal,915.36,18.1,52.7,0,21,1
2026-04-21 22:00:00,municipal,792.89,18.5,50.0,0,22,1
2026-04-21 23:00:00,municipal,647.46,15.8,73.7,0,23,1
2026-04-22 00:00:00,municipal,451.41,16.2,60.9,0,0,2
2026-04-22 01:00:00,municipal,506.53,12.5,55.5,0,1,2
2026-04-22 02:00:00,municipal,468.58,14.7,59.5,0,2,2
2026-04-22 03:00:00,municipal,514.62,15.3,50.6,0,3,2
2026-04-22 04:00:00,municipal,505.62,11.3,65.3,0,4,2
2026-04-22 05:00:00,municipal,561.12,15.4,53.5,0,5,2
2026-04-22 06:00:00,municipal,675.52,17.6,56.2,0,6,2
2026-04-22 07:00:00,municipal,766.47,15.2,61.6,0,7,2
2026-04-22 08:00:00,municipal,802.82,21.0,50.1,0,8,2
2026-04-22 09:00:00,municipal,744.02,20.7,50.1,0,9,2
2026-04-22 10:00:00,municipal,653.42,20.5,50.6,0,10,2
2026-04-22 11:00:00,municipal,595.34,23.0,57.4,0,11,2
2026-04-22 12:00:00,municipal,599.19,25.1,43.8,0,12,2
2026-04-22 13:00:00,municipal,618.04,25.4,63.2,0,13,2
2026-04-22 14:00:00,municipal,602.7,26.6,45.4,0,14,2
2026-04-22 15:00:00,municipal,581.51,24.7,52.4,0,15,2
2026-04-22 16:00:00,municipal,619.11,26.1,48.5,0,16,2
2026-04-22 17:00:00,municipal,685.08,23.1,43.8,0,17,2
2026-04-22 18:00:00,municipal,855.45,24.1,38.8,0,18,2
2026-04-22 19:00:00,municipal,947.51,21.7,61.2,0,19,2
2026-04-22 20:00:00,municipal,993.22,20.5,55.5,0,20,2
2026-04-22 21:00:00,municipal,933.46,21.9,58.7,0,21,2
2026-04-22 22:00:00,municipal,792.84,20.1,52.4,0,22,2
2026-04-22 23:00:00,municipal,693.18,18.0,49.5,0,23,2
2026-04-23 00:00:00,municipal,519.69,14.2,63.6,0,0,3
2026-04-23 01:00:00,municipal,478.03,14.5,59.2,0,1,3
2026-04-23 02:00:00,municipal,491.85,16.1,51.3,0,2,3
2026-04-23 03:00:00,municipal,520.96,14.3,62.3,0,3,3
2026-04-23 04:00:00,municipal,573.61,17.8,52.1,0,4,3
2026-04-23 05:00:00,municipal,554.09,15.5,65.6,0,5,3
2026-04-23 06:00:00,municipal,662.26,16.2,54.9,0,6,3
2026-04-23 07:00:00,municipal,753.22,16.7,56.3,0,7,3
2026-04-23 08:00:00,municipal,756.56,18.8,56.9,0,8,3
2026-04-23 09:00:00,municipal,794.63,19.9,56.0,0,9,3
2026-04-23 10:00:00,municipal,680.94,22.7,58.4,0,10,3
2026-04-23 11:00:00,municipal,569.5,24.6,50.6,0,11,3
2026-04-23 12:00:00,municipal,539.65,23.2,51.8,0,12,3
2026-04-23 13:00:00,municipal,516.83,23.3,57.7,0,13,3
2026-04-23 14:00:00,municipal,536.14,23.2,43.7,0,14,3
2026-04-23 15:00:00,municipal,548.03,26.9,47.2,0,15,3
2026-04-23 16:00:00,municipal,631.43,24.3,51.9,0,16,3
2026-04-23 17:00:00,municipal,698.12,22.1,51.2,0,17,3
2026-04-23 18:00:00,municipal,876.0,24.9,50.1,0,18,3
2026-04-23 19:00:00,municipal,984.21,26.9,53.2,0,19,3
2026-04-23 20:00:00,municipal,1013.73,21.7,54.9,0,20,3
2026-04-23 21:00:00,municipal,909.9,21.4,44.1,0,21,3
2026-04-23 22:00:00,municipal,830.29,18.7,57.7,0,22,3
2026-04-23 23:00:00,municipal,689.01,17.0,61.4,0,23,3
2026-04-24 00:00:00,municipal,537.21,17.3,54.4,0,0,4
2026-04-24 01:00:00,municipal,549.72,14.6,66.9,0,1,4
2026-04-24 02:00:00,municipal,491.96,14.8,60.9,0,2,4
2026-04-24 03:00:00,municipal,564.67,14.7,63.6,0,3,4
2026-04-24 04:00:00,municipal,506.88,13.4,69.6,0,4,4
2026-04-24 05:00:00,municipal,545.95,16.5,57.5,0,5,4
2026-04-24 06:00:00,municipal,615.59,15.7,66.1,0,6,4
2026-04-24 07:00:00,municipal,753.02,16.1,55.0,0,7,4
2026-04-24 08:00:00,municipal,831.16,19.5,55.6,0,8,4
2026-04-24 09:00:00,municipal,732.62,18.9,55.3,0,9,4
2026-04-24 10:00:00,municipal,643.93,21.8,48.7,0,10,4
2026-04-24 11:00:00,municipal,576.76,23.2,51.0,0,11,4
2026-04-24 12:00:00,municipal,662.18,26.1,40.6,0,12,4
2026-04-24 13:00:00,municipal,569.96,26.1,54.4,0,13,4
2026-04-24 14:00:00,municipal,595.69,26.0,38.3,0,14,4
2026-04-24 15:00:00,municipal,597.43,27.4,41.6,0,15,4
2026-04-24 16:00:00,municipal,681.8,28.1,42.8,0,16,4
2026-04-24 17:00:00,municipal,781.46,26.2,37.2,0,17,4
2026-04-24 18:00:00,municipal,841.58,24.5,50.0,0,18,4
2026-04-24 19:00:00,municipal,918.38,21.2,49.0,0,19,4
2026-04-24 20:00:00,municipal,990.02,20.2,62.0,0,20,4
2026-04-24 21:00:00,municipal,912.93,19.7,56.8,0,21,4
2026-04-24 22:00:00,municipal,765.12,17.7,58.1,0,22,4
2026-04-24 23:00:00,municipal,684.93,16.9,61.6,0,23,4
2026-04-25 00:00:00,municipal,642.39,16.1,66.2,1,0,5
2026-04-25 01:00:00,municipal,467.5,15.9,55.7,1,1,5
2026-04-25 02:00:00,municipal,527.35,14.4,61.5,1,2,5
2026-04-25 03:00:00,municipal,526.87,15.0,60.9,1,3,5
2026-04-25 04:00:00,municipal,521.24,14.6,65.4,1,4,5
2026-04-25 05:00:00,municipal,602.0,12.1,67.6,1,5,5
2026-04-25 06:00:00,municipal,663.69,14.6,59.2,1,6,5
2026-04-25 07:00:00,municipal,801.07,17.1,50.9,1,7,5
2026-04-25 08:00:00,municipal,839.64,16.9,68.3,1,8,5
2026-04-25 09:00:00,municipal,823.45,21.2,46.9,1,9,5
2026-04-25 10:00:00,municipal,718.93,24.1,54.2,1,10,5
2026-04-25 11:00:00,municipal,624.73,25.1,49.1,1,11,5
2026-04-25 12:00:00,municipal,512.47,24.2,47.1,1,12,5
2026-04-25 13:00:00,municipal,602.73,27.7,50.5,1,13,5
2026-04-25 14:00:00,municipal,539.99,26.3,45.4,1,14,5
2026-04-25 15:00:00,municipal,614.75,25.8,50.4,1,15,5
2026-04-25 16:00:00,municipal,647.4,25.2,54.0,1,16,5
2026-04-25 17:00:00,municipal,759.89,25.0,60.0,1,17,5
2026-04-25 18:00:00,municipal,919.63,23.9,48.0,1,18,5
2026-04-25 19:00:00,municipal,1032.95,23.5,49.9,1,19,5
2026-04-25 20:00:00,municipal,1049.13,22.1,46.1,1,20,5
2026-04-25 21:00:00,municipal,1038.1,20.3,55.1,1,21,5
2026-04-25 22:00:00,municipal,841.31,19.4,58.2,1,22,5
2026-04-25 23:00:00,municipal,684.98,19.1,59.9,1,23,5
2026-04-26 00:00:00,municipal,478.34,17.5,62.0,1,0,6
2026-04-26 01:00:00,municipal,514.99,12.9,65.3,1,1,6
2026-04-26 02:00:00,municipal,547.8,10.7,60.8,1,2,6
2026-04-26 03:00:00,municipal,461.63,15.8,64.3,1,3,6
2026-04-26 04:00:00,municipal,548.55,12.5,58.0,1,4,6
2026-04-26 05:00:00,municipal,581.5,14.8,56.7,1,5,6
2026-04-26 06:00:00,municipal,695.83,14.4,71.6,1,6,6
2026-04-26 07:00:00,municipal,800.98,14.7,58.6,1,7,6
2026-04-26 08:00:00,municipal,882.06,19.6,56.1,1,8,6
2026-04-26 09:00:00,municipal,835.18,21.5,51.2,1,9,6
2026-04-26 10:00:00,municipal,655.46,21.0,46.2,1,10,6
2026-04-26 11:00:00,municipal,571.39,19.5,61.8,1,11,6
2026-04-26 12:00:00,municipal,562.08,23.8,41.8,1,12,6
2026-04-26 13:00:00,municipal,575.81,26.1,47.5,1,13,6
2026-04-26 14:00:00,municipal,551.74,23.9,48.9,1,14,6
2026-04-26 15:00:00,municipal,606.55,26.6,51.6,1,15,6
2026-04-26 16:00:00,municipal,674.04,26.1,53.0,1,16,6
2026-04-26 17:00:00,municipal,744.03,26.4,61.1,1,17,6
2026-04-26 18:00:00,municipal,887.14,24.8,48.0,1,18,6
2026-04-26 19:00:00,municipal,1008.91,21.9,45.3,1,19,6
2026-04-26 20:00:00,municipal,1098.06,23.7,51.3,1,20,6
2026-04-26 21:00:00,municipal,980.91,20.1,45.9,1,21,6
2026-04-26 22:00:00,municipal,832.3,18.8,63.4,1,22,6
2026-04-26 23:00:00,municipal,706.13,16.0,63.2,1,23,6
2026-04-27 00:00:00,municipal,517.26,15.5,56.5,0,0,0
2026-04-27 01:00:00,municipal,540.35,13.9,53.5,0,1,0
2026-04-27 02:00:00,municipal,496.66,14.4,67.6,0,2,0
2026-04-27 03:00:00,municipal,510.12,17.0,58.8,0,3,0
2026-04-27 04:00:00,municipal,536.79,12.6,58.4,0,4,0
2026-04-27 05:00:00,municipal,536.68,12.8,57.4,0,5,0
2026-04-27 06:00:00,municipal,668.05,18.4,56.3,0,6,0
2026-04-27 07:00:00,municipal,764.52,17.1,48.5,0,7,0
2026-04-27 08:00:00,municipal,769.03,17.9,63.4,0,8,0
2026-04-27 09:00:00,municipal,768.61,22.0,55.2,0,9,0
2026-04-27 10:00:00,municipal,645.62,21.1,54.7,0,10,0
2026-04-27 11:00:00,municipal,663.07,26.2,56.3,0,11,0
2026-04-27 12:00:00,municipal,529.14,25.7,41.0,0,12,0
2026-04-27 13:00:00,municipal,535.95,24.9,54.0,0,13,0
2026-04-27 14:00:00,municipal,614.57,29.5,48.5,0,14,0
2026-04-27 15:00:00,municipal,610.27,25.5,48.8,0,15,0
2026-04-27 16:00:00,municipal,640.37,27.3,43.8,0,16,0
2026-04-27 17:00:00,municipal,742.87,26.1,47.4,0,17,0
2026-04-27 18:00:00,municipal,873.08,26.6,45.2,0,18,0
2026-04-27 19:00:00,municipal,952.33,25.8,52.7,0,19,0
2026-04-27 20:00:00,municipal,999.78,22.0,45.9,0,20,0
2026-04-27 21:00:00,municipal,923.59,19.3,61.4,0,21,0
2026-04-27 22:00:00,municipal,786.24,19.6,56.7,0,22,0
2026-04-27 23:00:00,municipal,661.61,16.4,63.7,0,23,0
2026-04-28 00:00:00,municipal,435.61,19.3,57.3,0,0,1
2026-04-28 01:00:00,municipal,473.82,15.5,68.1,0,1,1
2026-04-28 02:00:00,municipal,516.69,14.2,58.8,0,2,1
2026-04-28 03:00:00,municipal,465.19,14.8,64.2,0,3,1
2026-04-28 04:00:00,municipal,542.57,12.7,63.8,0,4,1
2026-04-28 05:00:00,municipal,579.34,13.9,68.9,0,5,1
2026-04-28 06:00:00,municipal,675.86,18.1,56.7,0,6,1
2026-04-28 07:00:00,municipal,790.52,16.5,72.4,0,7,1
2026-04-28 08:00:00,municipal,788.39,17.4,63.2,0,8,1
2026-04-28 09:00:00,municipal,768.93,21.3,57.4,0,9,1
2026-04-28 10:00:00,municipal,680.06,23.8,54.4,0,10,1
2026-04-28 11:00:00,municipal,578.9,24.6,49.8,0,11,1
2026-04-28 12:00:00,municipal,583.53,26.2,47.0,0,12,1
2026-04-28 13:00:00,municipal,555.15,24.6,55.0,0,13,1
2026-04-28 14:00:00,municipal,538.87,24.2,46.3,0,14,1
2026-04-28 15:00:00,municipal,613.01,28.8,44.5,0,15,1
2026-04-28 16:00:00,municipal,671.09,25.8,51.6,0,16,1
2026-04-28 17:00:00,municipal,727.84,25.3,42.3,0,17,1
2026-04-28 18:00:00,municipal,857.96,26.7,37.5,0,18,1
2026-04-28 19:00:00,municipal,989.47,24.3,44.7,0,19,1
2026-04-28 20:00:00,municipal,988.9,22.7,52.5,0,20,1
2026-04-28 21:00:00,municipal,981.5,23.8,44.6,0,21,1
2026-04-28 22:00:00,municipal,763.09,18.0,59.9,0,22,1
2026-04-28 23:00:00,municipal,668.89,18.9,50.9,0,23,1
2026-04-29 00:00:00,municipal,515.17,16.4,53.7,0,0,2
2026-04-29 01:00:00,municipal,500.5,15.8,66.4,0,1,2
2026-04-29 02:00:00,municipal,538.29,17.1,64.5,0,2,2
2026-04-29 03:00:00,municipal,493.72,15.4,59.8,0,3,2
2026-04-29 04:00:00,municipal,556.29,15.6,59.0,0,4,2
2026-04-29 05:00:00,municipal,540.89,17.0,57.3,0,5,2
2026-04-29 06:00:00,municipal,668.89,15.8,62.9,0,6,2
2026-04-29 07:00:00,municipal,741.69,16.3,55.9,0,7,2
2026-04-29 08:00:00,municipal,844.0,17.5,53.4,0,8,2
2026-04-29 09:00:00,municipal,769.88,17.6,59.7,0,9,2
2026-04-29 10:00:00,municipal,690.32,25.2,57.2,0,10,2
2026-04-29 11:00:00,municipal,570.62,21.9,57.8,0,11,2
2026-04-29 12:00:00,municipal,580.15,24.5,39.6,0,12,2
2026-04-29 13:00:00,municipal,551.36,25.4,50.4,0,13,2
2026-04-29 14:00:00,municipal,589.51,26.8,40.2,0,14,2
2026-04-29 15:00:00,municipal,628.4,27.8,44.7,0,15,2
2026-04-29 16:00:00,municipal,670.3,27.7,51.3,0,16,2
2026-04-29 17:00:00,municipal,695.95,24.9,58.7,0,17,2
2026-04-29 18:00:00,municipal,872.71,24.6,53.5,0,18,2
2026-04-29 19:00:00,municipal,989.25,24.0,49.8,0,19,2
2026-04-29 20:00:00,municipal,980.31,21.8,53.8,0,20,2
2026-04-29 21:00:00,municipal,959.52,23.0,46.2,0,21,2
2026-04-29 22:00:00,municipal,811.0,19.8,56.9,0,22,2
2026-04-29 23:00:00,municipal,681.8,18.7,55.4,0,23,2
2026-04-30 00:00:00,municipal,518.02,17.4,67.8,0,0,3
2026-04-30 01:00:00,municipal,496.68,17.2,55.6,0,1,3
2026-04-30 02:00:00,municipal,525.01,15.1,68.1,0,2,3
2026-04-30 03:00:00,municipal,504.56,12.7,69.5,0,3,3
2026-04-30 04:00:00,municipal,505.18,15.5,62.1,0,4,3
2026-04-30 05:00:00,municipal,588.71,14.5,61.8,0,5,3
2026-04-30 06:00:00,municipal,639.37,15.6,61.2,0,6,3
2026-04-30 07:00:00,municipal,791.7,18.5,59.0,0,7,3
2026-04-30 08:00:00,municipal,827.8,21.0,53.5,0,8,3
2026-04-30 09:00:00,municipal,768.83,20.7,52.9,0,9,3
2026-04-30 10:00:00,municipal,669.53,22.7,55.5,0,10,3
2026-04-30 11:00:00,municipal,615.95,26.2,55.6,0,11,3
2026-04-30 12:00:00,municipal,592.22,25.3,43.1,0,12,3
2026-04-30 13:00:00,municipal,631.42,29.8,45.8,0,13,3
2026-04-30 14:00:00,municipal,602.12,27.3,43.1,0,14,3
2026-04-30 15:00:00,municipal,545.48,24.0,46.2,0,15,3
2026-04-30 16:00:00,municipal,640.74,27.6,40.6,0,16,3
2026-04-30 17:00:00,municipal,733.48,26.4,39.8,0,17,3
2026-04-30 18:00:00,municipal,902.28,26.8,43.3,0,18,3
2026-04-30 19:00:00,municipal,953.35,24.7,43.9,0,19,3
2026-04-30 20:00:00,municipal,1013.47,22.0,45.4,0,20,3
2026-04-30 21:00:00,municipal,924.83,18.8,50.0,0,21,3
2026-04-30 22:00:00,municipal,824.89,18.8,56.2,0,22,3
2026-04-30 23:00:00,municipal,705.08,16.4,56.0,0,23,3
2026-05-01 00:00:00,municipal,504.57,15.6,56.9,0,0,4
2026-05-01 01:00:00,municipal,537.45,16.4,60.2,0,1,4
2026-05-01 02:00:00,municipal,510.6,17.5,61.9,0,2,4
2026-05-01 03:00:00,municipal,526.62,15.3,65.8,0,3,4
2026-05-01 04:00:00,municipal,543.57,13.2,61.7,0,4,4
2026-05-01 05:00:00,municipal,576.11,16.2,58.1,0,5,4
2026-05-01 06:00:00,municipal,677.05,18.3,48.9,0,6,4
2026-05-01 07:00:00,municipal,765.18,16.8,55.9,0,7,4
2026-05-01 08:00:00,municipal,817.84,19.0,52.3,0,8,4
2026-05-01 09:00:00,municipal,752.31,20.8,51.3,0,9,4
2026-05-01 10:00:00,municipal,732.23,21.1,60.2,0,10,4
2026-05-01 11:00:00,municipal,598.44,24.7,53.1,0,11,4
2026-05-01 12:00:00,municipal,566.93,24.8,44.9,0,12,4
2026-05-01 13:00:00,municipal,570.66,26.6,44.6,0,13,4
2026-05-01 14:00:00,municipal,567.55,25.2,46.9,0,14,4
2026-05-01 15:00:00,municipal,600.15,26.1,53.6,0,15,4
2026-05-01 16:00:00,municipal,681.76,27.6,39.6,0,16,4
2026-05-01 17:00:00,municipal,725.95,25.4,52.2,0,17,4
2026-05-01 18:00:00,municipal,900.24,27.6,49.4,0,18,4
2026-05-01 19:00:00,municipal,973.15,23.1,48.7,0,19,4
2026-05-01 20:00:00,municipal,1023.97,22.6,51.1,0,20,4
2026-05-01 21:00:00,municipal,933.05,22.1,63.0,0,21,4
2026-05-01 22:00:00,municipal,806.71,17.1,55.6,0,22,4
2026-05-01 23:00:00,municipal,703.12,15.1,60.8,0,23,4
2026-05-02 00:00:00,municipal,494.83,14.3,66.5,1,0,5
2026-05-02 01:00:00,municipal,500.92,17.5,62.7,1,1,5
2026-05-02 02:00:00,municipal,495.91,14.2,58.5,1,2,5
2026-05-02 03:00:00,municipal,563.27,18.7,63.3,1,3,5
2026-05-02 04:00:00,municipal,522.84,14.2,67.2,1,4,5
2026-05-02 05:00:00,municipal,599.84,15.9,57.7,1,5,5
2026-05-02 06:00:00,municipal,694.71,18.9,48.9,1,6,5
2026-05-02 07:00:00,municipal,848.61,20.8,53.6,1,7,5
2026-05-02 08:00:00,municipal,895.14,22.4,46.4,1,8,5
2026-05-02 09:00:00,municipal,806.4,22.6,52.9,1,9,5
2026-05-02 10:00:00,municipal,687.53,23.9,50.9,1,10,5
2026-05-02 11:00:00,municipal,642.42,24.7,50.2,1,11,5
2026-05-02 12:00:00,municipal,575.07,26.2,45.8,1,12,5
2026-05-02 13:00:00,municipal,553.53,25.2,50.4,1,13,5
2026-05-02 14:00:00,municipal,588.23,25.4,53.3,1,14,5
2026-05-02 15:00:00,municipal,580.08,26.8,51.5,1,15,5
2026-05-02 16:00:00,municipal,665.99,26.4,37.2,1,16,5
2026-05-02 17:00:00,municipal,714.93,25.3,48.6,1,17,5
2026-05-02 18:00:00,municipal,902.32,26.1,51.7,1,18,5
2026-05-02 19:00:00,municipal,1051.29,25.3,53.8,1,19,5
2026-05-02 20:00:00,municipal,1064.08,22.5,55.9,1,20,5
2026-05-02 21:00:00,municipal,1049.11,23.0,57.5,1,21,5
2026-05-02 22:00:00,municipal,857.58,17.6,52.2,1,22,5
2026-05-02 23:00:00,municipal,701.98,17.5,63.7,1,23,5
2026-05-03 00:00:00,municipal,524.4,15.6,53.0,1,0,6
2026-05-03 01:00:00,municipal,511.19,12.9,69.2,1,1,6
2026-05-03 02:00:00,municipal,536.18,15.0,66.6,1,2,6
2026-05-03 03:00:00,municipal,464.01,14.7,59.9,1,3,6
2026-05-03 04:00:00,municipal,504.51,17.4,60.2,1,4,6
2026-05-03 05:00:00,municipal,543.65,16.7,54.2,1,5,6
2026-05-03 06:00:00,municipal,687.04,15.1,62.8,1,6,6
2026-05-03 07:00:00,municipal,811.17,20.7,48.4,1,7,6
2026-05-03 08:00:00,municipal,826.34,21.2,53.1,1,8,6
2026-05-03 09:00:00,municipal,804.96,21.8,44.4,1,9,6
2026-05-03 10:00:00,municipal,690.87,22.1,57.9,1,10,6
2026-05-03 11:00:00,municipal,608.08,22.5,53.2,1,11,6
2026-05-03 12:00:00,municipal,603.11,24.6,49.2,1,12,6
2026-05-03 13:00:00,municipal,611.86,27.7,34.4,1,13,6
2026-05-03 14:00:00,municipal,609.0,29.5,42.2,1,14,6
2026-05-03 15:00:00,municipal,629.56,29.2,39.8,1,15,6
2026-05-03 16:00:00,municipal,671.23,26.0,49.7,1,16,6
2026-05-03 17:00:00,municipal,726.41,24.4,43.0,1,17,6
2026-05-03 18:00:00,municipal,889.2,25.4,44.2,1,18,6
2026-05-03 19:00:00,municipal,1031.79,21.2,47.3,1,19,6
2026-05-03 20:00:00,municipal,1086.45,22.9,49.0,1,20,6
2026-05-03 21:00:00,municipal,987.93,20.7,52.7,1,21,6
2026-05-03 22:00:00,municipal,855.27,18.6,66.2,1,22,6
2026-05-03 23:00:00,municipal,750.48,15.5,57.3,1,23,6
2026-05-04 00:00:00,municipal,462.41,17.5,60.1,0,0,0
2026-05-04 01:00:00,municipal,510.79,15.0,55.7,0,1,0
2026-05-04 02:00:00,municipal,542.73,13.4,62.0,0,2,0
2026-05-04 03:00:00,municipal,523.64,10.7,75.1,0,3,0
2026-05-04 04:00:00,municipal,528.31,15.1,64.1,0,4,0
2026-05-04 05:00:00,municipal,582.94,18.4,60.9,0,5,0
2026-05-04 06:00:00,municipal,630.67,19.2,63.5,0,6,0
2026-05-04 07:00:00,municipal,743.23,17.3,60.1,0,7,0
2026-05-04 08:00:00,municipal,841.2,18.5,49.7,0,8,0
2026-05-04 09:00:00,municipal,808.86,21.7,53.7,0,9,0
2026-05-04 10:00:00,municipal,654.85,21.0,53.2,0,10,0
2026-05-04 11:00:00,municipal,587.24,24.4,44.8,0,11,0
2026-05-04 12:00:00,municipal,578.23,26.4,45.1,0,12,0
2026-05-04 13:00:00,municipal,606.54,28.0,47.0,0,13,0
2026-05-04 14:00:00,municipal,585.0,26.6,41.8,0,14,0
2026-05-04 15:00:00,municipal,560.26,26.7,45.8,0,15,0
2026-05-04 16:00:00,municipal,625.1,25.5,44.9,0,16,0
2026-05-04 17:00:00,municipal,734.05,24.9,51.4,0,17,0
2026-05-04 18:00:00,municipal,854.51,24.9,42.1,0,18,0
2026-05-04 19:00:00,municipal,946.25,24.5,49.9,0,19,0
2026-05-04 20:00:00,municipal,1026.85,23.9,48.2,0,20,0
2026-05-04 21:00:00,municipal,890.88,19.8,47.3,0,21,0
2026-05-04 22:00:00,municipal,818.43,21.7,49.3,0,22,0
2026-05-04 23:00:00,municipal,695.85,17.6,54.5,0,23,0
2026-05-05 00:00:00,municipal,492.2,16.8,55.2,0,0,1
2026-05-05 01:00:00,municipal,515.58,14.7,57.1,0,1,1
2026-05-05 02:00:00,municipal,504.07,11.6,67.9,0,2,1
2026-05-05 03:00:00,municipal,496.9,16.4,56.4,0,3,1
2026-05-05 04:00:00,municipal,521.87,16.4,62.2,0,4,1
2026-05-05 05:00:00,municipal,563.22,15.4,52.7,0,5,1
2026-05-05 06:00:00,municipal,699.69,16.9,61.1,0,6,1
2026-05-05 07:00:00,municipal,746.12,18.8,59.0,0,7,1
2026-05-05 08:00:00,municipal,799.93,17.2,63.2,0,8,1
2026-05-05 09:00:00,municipal,950.16,20.3,57.7,0,9,1
2026-05-05 10:00:00,municipal,666.39,23.8,56.2,0,10,1
2026-05-05 11:00:00,municipal,535.1,22.2,58.1,0,11,1
2026-05-05 12:00:00,municipal,573.35,25.7,49.5,0,12,1
2026-05-05 13:00:00,municipal,546.57,24.2,53.0,0,13,1
2026-05-05 14:00:00,municipal,556.61,27.6,48.3,0,14,1
2026-05-05 15:00:00,municipal,782.18,27.0,48.2,0,15,1
2026-05-05 16:00:00,municipal,619.92,24.4,49.1,0,16,1
2026-05-05 17:00:00,municipal,780.38,28.0,51.9,0,17,1
2026-05-05 18:00:00,municipal,868.01,24.2,47.4,0,18,1
2026-05-05 19:00:00,municipal,917.57,22.8,51.7,0,19,1
2026-05-05 20:00:00,municipal,996.54,22.9,55.2,0,20,1
2026-05-05 21:00:00,municipal,975.94,22.8,48.5,0,21,1
2026-05-05 22:00:00,municipal,787.9,18.0,48.3,0,22,1
2026-05-05 23:00:00,municipal,643.14,18.1,56.7,0,23,1
2026-05-06 00:00:00,municipal,464.27,17.5,56.4,0,0,2
2026-05-06 01:00:00,municipal,503.91,17.0,59.7,0,1,2
2026-05-06 02:00:00,municipal,535.36,15.6,58.4,0,2,2
2026-05-06 03:00:00,municipal,528.0,14.6,59.6,0,3,2
2026-05-06 04:00:00,municipal,525.83,14.1,63.5,0,4,2
2026-05-06 05:00:00,municipal,589.95,16.1,61.7,0,5,2
2026-05-06 06:00:00,municipal,671.31,15.3,57.4,0,6,2
2026-05-06 07:00:00,municipal,787.65,13.8,59.2,0,7,2
2026-05-06 08:00:00,municipal,813.48,20.2,56.7,0,8,2
2026-05-06 09:00:00,municipal,794.86,22.5,54.8,0,9,2
2026-05-06 10:00:00,municipal,660.74,19.1,55.7,0,10,2
2026-05-06 11:00:00,municipal,566.79,22.6,44.2,0,11,2
2026-05-06 12:00:00,municipal,573.06,26.3,53.9,0,12,2
2026-05-06 13:00:00,municipal,607.57,29.4,41.8,0,13,2
2026-05-06 14:00:00,municipal,588.92,27.0,52.2,0,14,2
2026-05-06 15:00:00,municipal,575.08,26.0,47.7,0,15,2
2026-05-06 16:00:00,municipal,594.75,26.7,46.6,0,16,2
2026-05-06 17:00:00,municipal,773.88,28.4,46.3,0,17,2
2026-05-06 18:00:00,municipal,888.92,24.4,53.0,0,18,2
2026-05-06 19:00:00,municipal,949.66,22.9,53.2,0,19,2
2026-05-06 20:00:00,municipal,1028.18,22.0,58.9,0,20,2
2026-05-06 21:00:00,municipal,952.1,19.7,51.2,0,21,2
2026-05-06 22:00:00,municipal,804.44,19.8,51.5,0,22,2
2026-05-06 23:00:00,municipal,672.39,20.6,44.4,0,23,2
2026-05-07 00:00:00,municipal,519.68,17.5,59.4,0,0,3
2026-05-07 01:00:00,municipal,439.78,15.6,61.1,0,1,3
2026-05-07 02:00:00,municipal,508.73,15.0,58.1,0,2,3
2026-05-07 03:00:00,municipal,522.04,12.9,66.2,0,3,3
2026-05-07 04:00:00,municipal,513.25,16.7,57.3,0,4,3
2026-05-07 05:00:00,municipal,582.93,15.9,57.9,0,5,3
2026-05-07 06:00:00,municipal,664.16,16.7,55.9,0,6,3
2026-05-07 07:00:00,municipal,839.69,23.0,47.5,0,7,3
2026-05-07 08:00:00,municipal,812.19,20.1,54.0,0,8,3
2026-05-07 09:00:00,municipal,759.81,20.1,52.7,0,9,3
2026-05-07 10:00:00,municipal,703.28,22.1,61.8,0,10,3
2026-05-07 11:00:00,municipal,628.42,25.9,49.9,0,11,3
2026-05-07 12:00:00,municipal,596.24,25.6,56.5,0,12,3
2026-05-07 13:00:00,municipal,579.81,24.2,56.1,0,13,3
2026-05-07 14:00:00,municipal,602.71,28.4,37.7,0,14,3
2026-05-07 15:00:00,municipal,603.31,26.2,50.4,0,15,3
2026-05-07 16:00:00,municipal,688.07,29.8,37.3,0,16,3
2026-05-07 17:00:00,municipal,751.4,28.0,49.8,0,17,3
2026-05-07 18:00:00,municipal,864.01,24.8,57.0,0,18,3
2026-05-07 19:00:00,municipal,972.12,26.1,45.0,0,19,3
2026-05-07 20:00:00,municipal,1015.06,22.9,47.7,0,20,3
2026-05-07 21:00:00,municipal,946.93,22.5,53.1,0,21,3
2026-05-07 22:00:00,municipal,834.87,20.4,52.7,0,22,3
2026-05-07 23:00:00,municipal,687.1,16.9,63.8,0,23,3
2026-05-08 00:00:00,municipal,507.22,16.1,58.5,0,0,4
2026-05-08 01:00:00,municipal,533.75,17.6,62.5,0,1,4
2026-05-08 02:00:00,municipal,517.47,15.0,59.1,0,2,4
2026-05-08 03:00:00,municipal,559.71,14.7,62.6,0,3,4
2026-05-08 04:00:00,municipal,504.37,14.1,57.7,0,4,4
2026-05-08 05:00:00,municipal,559.55,16.7,59.7,0,5,4
2026-05-08 06:00:00,municipal,687.04,20.1,54.4,0,6,4
2026-05-08 07:00:00,municipal,773.84,16.7,57.8,0,7,4
2026-05-08 08:00:00,municipal,815.44,19.8,70.3,0,8,4
2026-05-08 09:00:00,municipal,787.66,23.4,47.2,0,9,4
2026-05-08 10:00:00,municipal,733.32,22.7,49.3,0,10,4
2026-05-08 11:00:00,municipal,571.45,25.0,53.2,0,11,4
2026-05-08 12:00:00,municipal,547.53,23.9,42.7,0,12,4
2026-05-08 13:00:00,municipal,574.61,27.1,39.8,0,13,4
2026-05-08 14:00:00,municipal,562.78,26.8,44.6,0,14,4
2026-05-08 15:00:00,municipal,634.09,28.8,47.6,0,15,4
2026-05-08 16:00:00,municipal,697.76,28.9,44.2,0,16,4
2026-05-08 17:00:00,municipal,826.65,30.4,40.1,0,17,4
2026-05-08 18:00:00,municipal,858.6,26.4,43.4,0,18,4
2026-05-08 19:00:00,municipal,990.7,24.8,49.2,0,19,4
2026-05-08 20:00:00,municipal,974.01,23.1,48.7,0,20,4
2026-05-08 21:00:00,municipal,950.24,20.8,56.2,0,21,4
2026-05-08 22:00:00,municipal,847.26,20.2,57.0,0,22,4
2026-05-08 23:00:00,municipal,705.22,17.8,53.4,0,23,4
2026-05-09 00:00:00,municipal,474.57,17.4,62.7,1,0,5
2026-05-09 01:00:00,municipal,508.36,18.1,56.3,1,1,5
2026-05-09 02:00:00,municipal,497.5,14.1,67.0,1,2,5
2026-05-09 03:00:00,municipal,498.88,17.1,63.8,1,3,5
2026-05-09 04:00:00,municipal,532.52,17.5,60.3,1,4,5
2026-05-09 05:00:00,municipal,610.35,16.0,57.8,1,5,5
2026-05-09 06:00:00,municipal,701.89,13.9,65.8,1,6,5
2026-05-09 07:00:00,municipal,795.72,17.5,63.6,1,7,5
2026-05-09 08:00:00,municipal,885.28,21.8,62.7,1,8,5
2026-05-09 09:00:00,municipal,789.2,21.3,47.3,1,9,5
2026-05-09 10:00:00,municipal,673.37,21.4,54.2,1,10,5
2026-05-09 11:00:00,municipal,630.97,23.6,44.8,1,11,5
2026-05-09 12:00:00,municipal,605.23,26.9,55.0,1,12,5
2026-05-09 13:00:00,municipal,586.43,27.4,45.0,1,13,5
2026-05-09 14:00:00,municipal,555.68,26.8,51.0,1,14,5
2026-05-09 15:00:00,municipal,601.48,26.8,49.4,1,15,5
2026-05-09 16:00:00,municipal,639.99,26.6,50.5,1,16,5
2026-05-09 17:00:00,municipal,721.0,25.2,42.9,1,17,5
2026-05-09 18:00:00,municipal,925.12,28.0,36.1,1,18,5
2026-05-09 19:00:00,municipal,1035.01,23.9,58.0,1,19,5
2026-05-09 20:00:00,municipal,1117.08,24.7,54.9,1,20,5
2026-05-09 21:00:00,municipal,1043.27,23.6,45.1,1,21,5
2026-05-09 22:00:00,municipal,839.7,21.3,60.3,1,22,5
2026-05-09 23:00:00,municipal,708.22,17.7,61.1,1,23,5
2026-05-10 00:00:00,municipal,493.81,17.8,65.5,1,0,6
2026-05-10 01:00:00,municipal,472.82,16.2,63.2,1,1,6
2026-05-10 02:00:00,municipal,497.95,14.3,54.2,1,2,6
2026-05-10 03:00:00,municipal,508.95,15.9,64.9,1,3,6
2026-05-10 04:00:00,municipal,546.52,13.9,65.4,1,4,6
2026-05-10 05:00:00,municipal,574.65,18.0,56.6,1,5,6
2026-05-10 06:00:00,municipal,661.25,16.5,61.2,1,6,6
2026-05-10 07:00:00,municipal,808.09,18.7,61.5,1,7,6
2026-05-10 08:00:00,municipal,888.81,20.3,53.9,1,8,6
2026-05-10 09:00:00,municipal,789.91,21.1,61.5,1,9,6
2026-05-10 10:00:00,municipal,712.36,23.9,48.9,1,10,6
2026-05-10 11:00:00,municipal,655.02,23.7,53.2,1,11,6
2026-05-10 12:00:00,municipal,556.06,27.0,49.7,1,12,6
2026-05-10 13:00:00,municipal,552.11,24.6,46.0,1,13,6
2026-05-10 14:00:00,municipal,604.75,27.4,46.4,1,14,6
2026-05-10 15:00:00,municipal,630.77,30.4,38.9,1,15,6
2026-05-10 16:00:00,municipal,627.15,25.7,48.5,1,16,6
2026-05-10 17:00:00,municipal,764.18,25.6,48.3,1,17,6
2026-05-10 18:00:00,municipal,922.45,26.5,41.1,1,18,6
2026-05-10 19:00:00,municipal,1012.79,24.7,61.7,1,19,6
2026-05-10 20:00:00,municipal,1064.22,23.5,49.4,1,20,6
2026-05-10 21:00:00,municipal,987.48,22.2,55.8,1,21,6
2026-05-10 22:00:00,municipal,827.26,20.8,55.5,1,22,6
2026-05-10 23:00:00,municipal,718.27,20.1,56.6,1,23,6
2026-05-11 00:00:00,municipal,542.08,17.9,63.5,0,0,0
2026-05-11 01:00:00,municipal,516.52,16.0,65.7,0,1,0
2026-05-11 02:00:00,municipal,515.08,16.7,65.3,0,2,0
2026-05-11 03:00:00,municipal,500.04,18.4,60.3,0,3,0
2026-05-11 04:00:00,municipal,498.0,15.5,58.9,0,4,0
2026-05-11 05:00:00,municipal,582.73,14.9,64.3,0,5,0
2026-05-11 06:00:00,municipal,664.52,18.9,61.1,0,6,0
2026-05-11 07:00:00,municipal,767.99,18.3,60.2,0,7,0
2026-05-11 08:00:00,municipal,859.42,16.7,60.6,0,8,0
2026-05-11 09:00:00,municipal,804.46,22.8,48.3,0,9,0
2026-05-11 10:00:00,municipal,705.62,22.3,54.2,0,10,0
2026-05-11 11:00:00,municipal,621.8,24.4,55.6,0,11,0
2026-05-11 12:00:00,municipal,608.46,26.3,51.4,0,12,0
2026-05-11 13:00:00,municipal,620.26,27.0,53.5,0,13,0
2026-05-11 14:00:00,municipal,596.24,28.4,55.2,0,14,0
2026-05-11 15:00:00,municipal,637.22,26.9,48.5,0,15,0
2026-05-11 16:00:00,municipal,639.86,28.1,37.3,0,16,0
2026-05-11 17:00:00,municipal,715.11,26.3,46.1,0,17,0
2026-05-11 18:00:00,municipal,859.68,26.9,46.6,0,18,0
2026-05-11 19:00:00,municipal,984.56,25.4,57.1,0,19,0
2026-05-11 20:00:00,municipal,979.03,21.7,47.5,0,20,0
2026-05-11 21:00:00,municipal,981.94,23.2,41.0,0,21,0
2026-05-11 22:00:00,municipal,808.84,19.2,68.9,0,22,0
2026-05-11 23:00:00,municipal,667.14,19.7,52.3,0,23,0
2026-05-12 00:00:00,municipal,519.23,17.9,60.4,0,0,1
2026-05-12 01:00:00,municipal,469.9,19.2,61.1,0,1,1
2026-05-12 02:00:00,municipal,489.24,15.5,61.0,0,2,1
2026-05-12 03:00:00,municipal,504.92,15.1,56.7,0,3,1
2026-05-12 04:00:00,municipal,523.89,15.8,63.4,0,4,1
2026-05-12 05:00:00,municipal,568.6,15.9,55.5,0,5,1
2026-05-12 06:00:00,municipal,642.52,18.6,56.3,0,6,1
2026-05-12 07:00:00,municipal,729.23,16.2,57.5,0,7,1
2026-05-12 08:00:00,municipal,782.79,18.5,51.1,0,8,1
2026-05-12 09:00:00,municipal,770.18,20.0,58.5,0,9,1
2026-05-12 10:00:00,municipal,670.37,24.6,57.4,0,10,1
2026-05-12 11:00:00,municipal,651.87,27.2,43.5,0,11,1
2026-05-12 12:00:00,municipal,586.37,25.7,51.3,0,12,1
2026-05-12 13:00:00,municipal,613.21,26.5,43.4,0,13,1
2026-05-12 14:00:00,municipal,633.86,27.5,40.9,0,14,1
2026-05-12 15:00:00,municipal,593.74,29.3,41.2,0,15,1
2026-05-12 16:00:00,municipal,676.59,26.0,47.9,0,16,1
2026-05-12 17:00:00,municipal,750.13,27.2,42.5,0,17,1
2026-05-12 18:00:00,municipal,890.71,27.3,51.9,0,18,1
2026-05-12 19:00:00,municipal,970.81,25.4,52.8,0,19,1
2026-05-12 20:00:00,municipal,987.72,23.4,47.2,0,20,1
2026-05-12 21:00:00,municipal,994.45,23.1,58.9,0,21,1
2026-05-12 22:00:00,municipal,800.78,16.0,66.8,0,22,1
2026-05-12 23:00:00,municipal,712.13,19.6,50.6,0,23,1
2026-05-13 00:00:00,municipal,508.31,16.5,56.2,0,0,2
2026-05-13 01:00:00,municipal,463.29,13.7,59.5,0,1,2
2026-05-13 02:00:00,municipal,486.83,16.6,52.1,0,2,2
2026-05-13 03:00:00,municipal,486.27,17.7,58.7,0,3,2
2026-05-13 04:00:00,municipal,514.16,15.7,71.7,0,4,2
2026-05-13 05:00:00,municipal,566.56,17.9,65.5,0,5,2
2026-05-13 06:00:00,municipal,639.21,19.9,49.8,0,6,2
2026-05-13 07:00:00,municipal,746.87,20.7,45.3,0,7,2
2026-05-13 08:00:00,municipal,829.44,22.6,48.8,0,8,2
2026-05-13 09:00:00,municipal,754.53,22.8,54.9,0,9,2
2026-05-13 10:00:00,municipal,723.3,23.3,49.9,0,10,2
2026-05-13 11:00:00,municipal,619.02,22.3,50.1,0,11,2
2026-05-13 12:00:00,municipal,618.49,25.6,51.6,0,12,2
2026-05-13 13:00:00,municipal,596.02,25.6,46.8,0,13,2
2026-05-13 14:00:00,municipal,600.3,30.7,38.1,0,14,2
2026-05-13 15:00:00,municipal,600.11,27.4,44.8,0,15,2
2026-05-13 16:00:00,municipal,655.89,27.7,54.8,0,16,2
2026-05-13 17:00:00,municipal,749.09,27.7,38.9,0,17,2
2026-05-13 18:00:00,municipal,890.79,26.0,56.1,0,18,2
2026-05-13 19:00:00,municipal,1250.29,27.2,53.6,0,19,2
2026-05-13 20:00:00,municipal,1007.17,22.3,39.3,0,20,2
2026-05-13 21:00:00,municipal,901.26,22.0,58.8,0,21,2
2026-05-13 22:00:00,municipal,793.94,19.0,56.0,0,22,2
2026-05-13 23:00:00,municipal,675.89,16.7,53.6,0,23,2
2026-05-14 00:00:00,municipal,479.53,16.6,63.8,0,0,3
2026-05-14 01:00:00,municipal,493.21,16.5,65.6,0,1,3
2026-05-14 02:00:00,municipal,480.83,15.3,55.6,0,2,3
2026-05-14 03:00:00,municipal,502.4,14.7,62.1,0,3,3
2026-05-14 04:00:00,municipal,524.02,13.9,66.7,0,4,3
2026-05-14 05:00:00,municipal,552.03,16.4,62.6,0,5,3
2026-05-14 06:00:00,municipal,639.41,15.3,60.9,0,6,3
2026-05-14 07:00:00,municipal,725.7,19.9,60.9,0,7,3
2026-05-14 08:00:00,municipal,816.46,20.3,56.7,0,8,3
2026-05-14 09:00:00,municipal,725.38,19.6,55.9,0,9,3
2026-05-14 10:00:00,municipal,689.51,22.8,50.8,0,10,3
2026-05-14 11:00:00,municipal,608.99,23.6,48.9,0,11,3
2026-05-14 12:00:00,municipal,589.94,26.5,49.4,0,12,3
2026-05-14 13:00:00,municipal,589.93,29.0,44.4,0,13,3
2026-05-14 14:00:00,municipal,547.66,24.7,45.9,0,14,3
2026-05-14 15:00:00,municipal,636.79,27.9,50.5,0,15,3
2026-05-14 16:00:00,municipal,668.51,27.3,45.4,0,16,3
2026-05-14 17:00:00,municipal,810.03,28.0,45.1,0,17,3
2026-05-14 18:00:00,municipal,885.69,26.3,44.0,0,18,3
2026-05-14 19:00:00,municipal,987.19,23.6,55.7,0,19,3
2026-05-14 20:00:00,municipal,993.76,22.8,53.0,0,20,3
2026-05-14 21:00:00,municipal,938.56,20.6,46.3,0,21,3
2026-05-14 22:00:00,municipal,788.91,21.8,47.5,0,22,3
2026-05-14 23:00:00,municipal,679.58,18.8,64.3,0,23,3
2026-05-15 00:00:00,municipal,499.12,20.4,55.5,0,0,4
2026-05-15 01:00:00,municipal,516.15,16.5,59.5,0,1,4
2026-05-15 02:00:00,municipal,499.13,15.0,60.5,0,2,4
2026-05-15 03:00:00,municipal,510.19,13.6,73.6,0,3,4
2026-05-15 04:00:00,municipal,547.96,13.3,64.1,0,4,4
2026-05-15 05:00:00,municipal,547.28,14.3,55.8,0,5,4
2026-05-15 06:00:00,municipal,661.66,18.0,49.5,0,6,4
2026-05-15 07:00:00,municipal,768.82,19.6,55.4,0,7,4
2026-05-15 08:00:00,municipal,832.75,17.9,58.7,0,8,4
2026-05-15 09:00:00,municipal,785.67,23.2,53.7,0,9,4
2026-05-15 10:00:00,municipal,660.72,22.7,58.2,0,10,4
2026-05-15 11:00:00,municipal,648.05,25.1,48.3,0,11,4
2026-05-15 12:00:00,municipal,647.64,28.5,50.2,0,12,4
2026-05-15 13:00:00,municipal,602.72,28.4,48.2,0,13,4
2026-05-15 14:00:00,municipal,621.11,27.2,49.8,0,14,4
2026-05-15 15:00:00,municipal,626.74,26.5,55.0,0,15,4
2026-05-15 16:00:00,municipal,636.51,24.4,48.0,0,16,4
2026-05-15 17:00:00,municipal,735.67,26.0,46.2,0,17,4
2026-05-15 18:00:00,municipal,886.85,25.8,43.6,0,18,4
2026-05-15 19:00:00,municipal,950.62,23.4,47.9,0,19,4
2026-05-15 20:00:00,municipal,1030.59,23.2,42.9,0,20,4
2026-05-15 21:00:00,municipal,956.05,21.9,38.1,0,21,4
2026-05-15 22:00:00,municipal,803.85,19.9,48.1,0,22,4
2026-05-15 23:00:00,municipal,665.51,17.9,53.8,0,23,4
2026-05-16 00:00:00,municipal,491.24,17.9,54.6,1,0,5
2026-05-16 01:00:00,municipal,485.31,17.4,54.5,1,1,5
2026-05-16 02:00:00,municipal,492.53,14.5,58.4,1,2,5
2026-05-16 03:00:00,municipal,491.29,18.0,54.8,1,3,5
2026-05-16 04:00:00,municipal,551.89,16.0,59.8,1,4,5
2026-05-16 05:00:00,municipal,625.2,16.7,61.9,1,5,5
2026-05-16 06:00:00,municipal,679.43,18.7,54.0,1,6,5
2026-05-16 07:00:00,municipal,789.51,19.3,51.8,1,7,5
2026-05-16 08:00:00,municipal,922.42,21.8,45.2,1,8,5
2026-05-16 09:00:00,municipal,815.87,22.3,57.8,1,9,5
2026-05-16 10:00:00,municipal,678.35,22.5,54.7,1,10,5
2026-05-16 11:00:00,municipal,621.38,25.5,47.2,1,11,5
2026-05-16 12:00:00,municipal,619.4,24.4,34.9,1,12,5
2026-05-16 13:00:00,municipal,615.1,27.3,52.2,1,13,5
2026-05-16 14:00:00,municipal,564.57,27.7,50.8,1,14,5
2026-05-16 15:00:00,municipal,581.34,27.6,40.8,1,15,5
2026-05-16 16:00:00,municipal,674.81,27.5,41.9,1,16,5
2026-05-16 17:00:00,municipal,765.67,24.3,50.6,1,17,5
2026-05-16 18:00:00,municipal,906.02,25.3,53.7,1,18,5
2026-05-16 19:00:00,municipal,1059.46,25.1,45.9,1,19,5
2026-05-16 20:00:00,municipal,1116.02,23.7,57.3,1,20,5
2026-05-16 21:00:00,municipal,1016.93,20.4,59.7,1,21,5
2026-05-16 22:00:00,municipal,898.18,22.3,51.9,1,22,5
2026-05-16 23:00:00,municipal,674.14,17.6,66.8,1,23,5
2026-05-17 00:00:00,municipal,500.13,19.2,56.4,1,0,6
2026-05-17 01:00:00,municipal,518.36,17.4,65.5,1,1,6
2026-05-17 02:00:00,municipal,489.73,15.2,72.9,1,2,6
2026-05-17 03:00:00,municipal,516.33,18.7,61.7,1,3,6
2026-05-17 04:00:00,municipal,538.71,14.4,61.1,1,4,6
2026-05-17 05:00:00,municipal,595.96,18.2,57.4,1,5,6
2026-05-17 06:00:00,municipal,712.01,19.2,38.8,1,6,6
2026-05-17 07:00:00,municipal,761.41,18.0,48.4,1,7,6
2026-05-17 08:00:00,municipal,848.92,22.5,38.1,1,8,6
2026-05-17 09:00:00,municipal,834.24,21.6,53.3,1,9,6
2026-05-17 10:00:00,municipal,753.64,24.0,40.7,1,10,6
2026-05-17 11:00:00,municipal,669.75,25.4,44.0,1,11,6
2026-05-17 12:00:00,municipal,592.64,26.0,51.7,1,12,6
2026-05-17 13:00:00,municipal,635.42,28.4,44.5,1,13,6
2026-05-17 14:00:00,municipal,617.98,29.0,46.6,1,14,6
2026-05-17 15:00:00,municipal,596.25,25.4,44.5,1,15,6
2026-05-17 16:00:00,municipal,731.67,29.7,45.4,1,16,6
2026-05-17 17:00:00,municipal,789.01,24.7,44.1,1,17,6
2026-05-17 18:00:00,municipal,959.9,27.8,51.0,1,18,6
2026-05-17 19:00:00,municipal,1084.51,26.7,43.7,1,19,6
2026-05-17 20:00:00,municipal,1073.34,21.9,60.0,1,20,6
2026-05-17 21:00:00,municipal,1045.1,21.4,55.7,1,21,6
2026-05-17 22:00:00,municipal,840.12,18.8,52.2,1,22,6
2026-05-17 23:00:00,municipal,689.12,18.7,58.7,1,23,6
2026-05-18 00:00:00,municipal,448.15,17.4,60.5,0,0,0
2026-05-18 01:00:00,municipal,456.09,18.0,58.1,0,1,0
2026-05-18 02:00:00,municipal,516.87,18.2,64.1,0,2,0
2026-05-18 03:00:00,municipal,523.88,18.2,60.1,0,3,0
2026-05-18 04:00:00,municipal,521.34,15.4,61.4,0,4,0
2026-05-18 05:00:00,municipal,584.28,16.6,68.3,0,5,0
2026-05-18 06:00:00,municipal,650.58,15.3,53.6,0,6,0
2026-05-18 07:00:00,municipal,968.82,17.9,53.2,0,7,0
2026-05-18 08:00:00,municipal,828.76,22.0,56.8,0,8,0
2026-05-18 09:00:00,municipal,788.3,24.5,47.8,0,9,0
2026-05-18 10:00:00,municipal,647.96,21.8,59.1,0,10,0
2026-05-18 11:00:00,municipal,587.19,24.2,47.2,0,11,0
2026-05-18 12:00:00,municipal,587.85,26.3,56.5,0,12,0
2026-05-18 13:00:00,municipal,586.3,27.7,39.2,0,13,0
2026-05-18 14:00:00,municipal,575.55,26.6,44.0,0,14,0
2026-05-18 15:00:00,municipal,618.77,28.7,33.2,0,15,0
2026-05-18 16:00:00,municipal,640.66,27.2,45.0,0,16,0
2026-05-18 17:00:00,municipal,725.44,27.2,46.9,0,17,0
2026-05-18 18:00:00,municipal,873.93,27.1,51.6,0,18,0
2026-05-18 19:00:00,municipal,953.84,25.1,49.5,0,19,0
2026-05-18 20:00:00,municipal,992.33,23.0,52.6,0,20,0
2026-05-18 21:00:00,municipal,966.21,21.9,45.4,0,21,0
2026-05-18 22:00:00,municipal,799.71,20.4,60.4,0,22,0
2026-05-18 23:00:00,municipal,712.55,18.5,55.8,0,23,0
2026-05-19 00:00:00,municipal,500.77,17.5,51.1,0,0,1
2026-05-19 01:00:00,municipal,516.75,19.3,48.2,0,1,1
2026-05-19 02:00:00,municipal,483.0,17.2,66.1,0,2,1
2026-05-19 03:00:00,municipal,487.05,15.7,65.8,0,3,1
2026-05-19 04:00:00,municipal,489.7,17.4,53.8,0,4,1
2026-05-19 05:00:00,municipal,583.87,16.4,55.6,0,5,1
2026-05-19 06:00:00,municipal,650.45,19.7,46.0,0,6,1
2026-05-19 07:00:00,municipal,777.74,19.7,57.7,0,7,1
2026-05-19 08:00:00,municipal,775.75,20.4,49.2,0,8,1
2026-05-19 09:00:00,municipal,790.62,22.8,45.2,0,9,1
2026-05-19 10:00:00,municipal,638.1,21.3,50.0,0,10,1
2026-05-19 11:00:00,municipal,595.52,23.5,45.3,0,11,1
2026-05-19 12:00:00,municipal,600.78,24.6,60.0,0,12,1
2026-05-19 13:00:00,municipal,596.5,27.6,39.6,0,13,1
2026-05-19 14:00:00,municipal,620.43,30.5,46.8,0,14,1
2026-05-19 15:00:00,municipal,673.52,31.5,39.4,0,15,1
2026-05-19 16:00:00,municipal,728.18,28.9,37.9,0,16,1
2026-05-19 17:00:00,municipal,717.94,28.1,42.7,0,17,1
2026-05-19 18:00:00,municipal,830.05,23.7,49.4,0,18,1
2026-05-19 19:00:00,municipal,958.87,24.3,46.3,0,19,1
2026-05-19 20:00:00,municipal,1009.09,22.5,52.6,0,20,1
2026-05-19 21:00:00,municipal,966.36,21.2,50.1,0,21,1
2026-05-19 22:00:00,municipal,863.55,20.3,59.3,0,22,1
2026-05-19 23:00:00,municipal,692.6,18.4,62.7,0,23,1
2026-05-20 00:00:00,municipal,497.68,15.0,64.0,0,0,2
2026-05-20 01:00:00,municipal,495.74,18.1,54.0,0,1,2
2026-05-20 02:00:00,municipal,474.85,14.8,63.6,0,2,2
2026-05-20 03:00:00,municipal,493.07,16.6,65.7,0,3,2
2026-05-20 04:00:00,municipal,532.23,19.5,53.2,0,4,2
2026-05-20 05:00:00,municipal,555.85,15.6,59.0,0,5,2
2026-05-20 06:00:00,municipal,665.73,14.2,67.0,0,6,2
2026-05-20 07:00:00,municipal,740.73,18.8,56.4,0,7,2
2026-05-20 08:00:00,municipal,824.23,22.3,56.7,0,8,2
2026-05-20 09:00:00,municipal,812.13,25.2,51.6,0,9,2
2026-05-20 10:00:00,municipal,680.92,21.9,44.4,0,10,2
2026-05-20 11:00:00,municipal,643.05,26.0,54.2,0,11,2
2026-05-20 12:00:00,municipal,563.33,25.8,45.0,0,12,2
2026-05-20 13:00:00,municipal,589.95,27.3,44.8,0,13,2
2026-05-20 14:00:00,municipal,631.79,32.0,38.6,0,14,2
2026-05-20 15:00:00,municipal,560.43,26.0,47.9,0,15,2
2026-05-20 16:00:00,municipal,676.97,28.4,53.2,0,16,2
2026-05-20 17:00:00,municipal,780.48,28.1,46.0,0,17,2
2026-05-20 18:00:00,municipal,876.38,28.1,40.3,0,18,2
2026-05-20 19:00:00,municipal,959.33,25.4,51.5,0,19,2
2026-05-20 20:00:00,municipal,1020.98,24.2,50.3,0,20,2
2026-05-20 21:00:00,municipal,929.36,21.6,58.9,0,21,2
2026-05-20 22:00:00,municipal,777.04,21.1,60.0,0,22,2
2026-05-20 23:00:00,municipal,691.71,18.7,56.0,0,23,2
2026-05-21 00:00:00,municipal,509.58,19.0,50.0,0,0,3
2026-05-21 01:00:00,municipal,502.61,16.5,63.3,0,1,3
2026-05-21 02:00:00,municipal,515.63,17.1,57.4,0,2,3
2026-05-21 03:00:00,municipal,484.09,16.3,64.1,0,3,3
2026-05-21 04:00:00,municipal,547.74,18.2,58.6,0,4,3
2026-05-21 05:00:00,municipal,573.2,17.0,64.5,0,5,3
2026-05-21 06:00:00,municipal,660.12,15.4,63.7,0,6,3
2026-05-21 07:00:00,municipal,752.04,21.2,55.8,0,7,3
2026-05-21 08:00:00,municipal,781.33,19.4,51.7,0,8,3
2026-05-21 09:00:00,municipal,738.91,21.3,63.6,0,9,3
2026-05-21 10:00:00,municipal,682.84,23.0,53.3,0,10,3
2026-05-21 11:00:00,municipal,660.72,27.4,41.4,0,11,3
2026-05-21 12:00:00,municipal,544.8,23.3,54.1,0,12,3
2026-05-21 13:00:00,municipal,638.24,32.2,44.6,0,13,3
2026-05-21 14:00:00,municipal,592.49,29.7,43.1,0,14,3
2026-05-21 15:00:00,municipal,592.42,28.6,40.9,0,15,3
2026-05-21 16:00:00,municipal,697.83,28.0,42.6,0,16,3
2026-05-21 17:00:00,municipal,767.15,27.9,47.8,0,17,3
2026-05-21 18:00:00,municipal,908.19,27.3,43.8,0,18,3
2026-05-21 19:00:00,municipal,1021.9,26.3,42.3,0,19,3
2026-05-21 20:00:00,municipal,1015.99,24.7,47.1,0,20,3
2026-05-21 21:00:00,municipal,952.85,22.4,61.2,0,21,3
2026-05-21 22:00:00,municipal,801.59,20.5,48.1,0,22,3
2026-05-21 23:00:00,municipal,685.67,19.1,60.6,0,23,3
2026-05-22 00:00:00,municipal,477.95,17.8,56.3,0,0,4
2026-05-22 01:00:00,municipal,487.98,18.9,58.5,0,1,4
2026-05-22 02:00:00,municipal,535.22,17.5,60.2,0,2,4
2026-05-22 03:00:00,municipal,509.91,12.0,60.7,0,3,4
2026-05-22 04:00:00,municipal,529.88,17.6,61.6,0,4,4
2026-05-22 05:00:00,municipal,574.46,17.5,57.0,0,5,4
2026-05-22 06:00:00,municipal,666.85,18.1,67.0,0,6,4
2026-05-22 07:00:00,municipal,776.69,18.8,56.0,0,7,4
2026-05-22 08:00:00,municipal,822.95,22.5,57.2,0,8,4
2026-05-22 09:00:00,municipal,759.36,23.8,51.0,0,9,4
2026-05-22 10:00:00,municipal,695.5,22.8,50.1,0,10,4
2026-05-22 11:00:00,municipal,616.21,26.0,47.1,0,11,4
2026-05-22 12:00:00,municipal,597.17,25.2,52.7,0,12,4
2026-05-22 13:00:00,municipal,542.23,25.5,42.8,0,13,4
2026-05-22 14:00:00,municipal,598.83,27.2,44.3,0,14,4
2026-05-22 15:00:00,municipal,839.47,29.7,40.6,0,15,4
2026-05-22 16:00:00,municipal,696.78,29.6,46.9,0,16,4
2026-05-22 17:00:00,municipal,767.15,28.3,49.9,0,17,4
2026-05-22 18:00:00,municipal,859.65,27.7,43.2,0,18,4
2026-05-22 19:00:00,municipal,985.55,26.2,53.4,0,19,4
2026-05-22 20:00:00,municipal,993.27,23.0,46.0,0,20,4
2026-05-22 21:00:00,municipal,946.18,23.0,53.7,0,21,4
2026-05-22 22:00:00,municipal,795.42,22.0,49.9,0,22,4
2026-05-22 23:00:00,municipal,681.81,20.5,59.5,0,23,4
2026-05-23 00:00:00,municipal,503.14,20.0,51.0,1,0,5
2026-05-23 01:00:00,municipal,550.57,18.3,55.6,1,1,5
2026-05-23 02:00:00,municipal,503.25,17.2,60.0,1,2,5
2026-05-23 03:00:00,municipal,499.49,18.1,47.0,1,3,5
2026-05-23 04:00:00,municipal,548.11,16.6,57.2,1,4,5
2026-05-23 05:00:00,municipal,605.64,15.9,69.1,1,5,5
2026-05-23 06:00:00,municipal,708.49,18.0,60.0,1,6,5
2026-05-23 07:00:00,municipal,790.25,18.3,58.5,1,7,5
2026-05-23 08:00:00,municipal,862.94,19.9,62.3,1,8,5
2026-05-23 09:00:00,municipal,812.99,22.2,46.2,1,9,5
2026-05-23 10:00:00,municipal,715.18,22.8,55.3,1,10,5
2026-05-23 11:00:00,municipal,631.34,25.0,44.8,1,11,5
2026-05-23 12:00:00,municipal,544.01,23.9,52.3,1,12,5
2026-05-23 13:00:00,municipal,546.83,28.0,41.9,1,13,5
2026-05-23 14:00:00,municipal,608.18,28.3,51.6,1,14,5
2026-05-23 15:00:00,municipal,617.42,27.2,44.2,1,15,5
2026-05-23 16:00:00,municipal,684.91,29.2,42.6,1,16,5
2026-05-23 17:00:00,municipal,821.9,29.1,45.6,1,17,5
2026-05-23 18:00:00,municipal,904.65,24.3,40.7,1,18,5
2026-05-23 19:00:00,municipal,1076.68,24.3,58.5,1,19,5
2026-05-23 20:00:00,municipal,1079.73,22.9,50.0,1,20,5
2026-05-23 21:00:00,municipal,994.36,21.0,51.5,1,21,5
2026-05-23 22:00:00,municipal,868.07,22.1,49.8,1,22,5
2026-05-23 23:00:00,municipal,704.95,19.2,55.1,1,23,5
2026-05-24 00:00:00,municipal,485.8,17.9,62.5,1,0,6
2026-05-24 01:00:00,municipal,502.1,14.3,62.4,1,1,6
2026-05-24 02:00:00,municipal,468.71,17.7,66.4,1,2,6
2026-05-24 03:00:00,municipal,482.48,14.7,52.6,1,3,6
2026-05-24 04:00:00,municipal,510.32,16.8,63.0,1,4,6
2026-05-24 05:00:00,municipal,606.34,17.8,58.4,1,5,6
2026-05-24 06:00:00,municipal,685.54,20.3,61.8,1,6,6
2026-05-24 07:00:00,municipal,808.71,17.6,55.3,1,7,6
2026-05-24 08:00:00,municipal,850.37,16.5,58.1,1,8,6
2026-05-24 09:00:00,municipal,796.96,22.8,56.0,1,9,6
2026-05-24 10:00:00,municipal,755.32,26.8,36.7,1,10,6
2026-05-24 11:00:00,municipal,657.68,27.4,34.6,1,11,6
2026-05-24 12:00:00,municipal,593.17,27.1,49.2,1,12,6
2026-05-24 13:00:00,municipal,547.37,27.0,42.9,1,13,6
2026-05-24 14:00:00,municipal,610.99,29.5,51.2,1,14,6
2026-05-24 15:00:00,municipal,603.61,27.1,51.9,1,15,6
2026-05-24 16:00:00,municipal,718.01,29.0,39.7,1,16,6
2026-05-24 17:00:00,municipal,781.89,28.5,44.5,1,17,6
2026-05-24 18:00:00,municipal,956.08,28.4,47.4,1,18,6
2026-05-24 19:00:00,municipal,1115.7,29.7,34.9,1,19,6
2026-05-24 20:00:00,municipal,1095.67,24.7,50.5,1,20,6
2026-05-24 21:00:00,municipal,983.9,21.8,56.6,1,21,6
2026-05-24 22:00:00,municipal,866.87,20.9,49.3,1,22,6
2026-05-24 23:00:00,municipal,710.92,16.9,62.7,1,23,6
2026-05-25 00:00:00,municipal,519.2,17.3,60.2,0,0,0
2026-05-25 01:00:00,municipal,516.98,16.8,58.0,0,1,0
2026-05-25 02:00:00,municipal,523.4,16.0,58.3,0,2,0
2026-05-25 03:00:00,municipal,507.22,16.8,57.0,0,3,0
2026-05-25 04:00:00,municipal,513.06,15.6,54.9,0,4,0
2026-05-25 05:00:00,municipal,550.13,19.1,59.6,0,5,0
2026-05-25 06:00:00,municipal,676.46,18.4,60.3,0,6,0
2026-05-25 07:00:00,municipal,777.23,19.6,55.3,0,7,0
2026-05-25 08:00:00,municipal,808.94,20.6,48.4,0,8,0
2026-05-25 09:00:00,municipal,728.94,22.8,49.9,0,9,0
2026-05-25 10:00:00,municipal,708.66,25.4,45.9,0,10,0
2026-05-25 11:00:00,municipal,567.61,24.3,52.6,0,11,0
2026-05-25 12:00:00,municipal,551.54,25.9,44.6,0,12,0
2026-05-25 13:00:00,municipal,603.97,27.4,49.0,0,13,0
2026-05-25 14:00:00,municipal,585.5,26.4,49.7,0,14,0
2026-05-25 15:00:00,municipal,627.11,27.4,40.3,0,15,0
2026-05-25 16:00:00,municipal,636.04,27.7,42.8,0,16,0
2026-05-25 17:00:00,municipal,791.71,29.1,39.3,0,17,0
2026-05-25 18:00:00,municipal,884.46,27.2,44.5,0,18,0
2026-05-25 19:00:00,municipal,999.74,25.9,45.2,0,19,0
2026-05-25 20:00:00,municipal,992.91,25.4,50.2,0,20,0
2026-05-25 21:00:00,municipal,948.82,22.4,51.8,0,21,0
2026-05-25 22:00:00,municipal,787.26,21.6,52.6,0,22,0
2026-05-25 23:00:00,municipal,699.89,19.5,56.3,0,23,0
2026-05-26 00:00:00,municipal,455.56,18.8,51.1,0,0,1
2026-05-26 01:00:00,municipal,495.36,16.6,66.3,0,1,1
2026-05-26 02:00:00,municipal,518.69,13.2,59.7,0,2,1
2026-05-26 03:00:00,municipal,524.47,16.5,59.8,0,3,1
2026-05-26 04:00:00,municipal,527.99,19.0,63.4,0,4,1
2026-05-26 05:00:00,municipal,560.31,18.9,52.6,0,5,1
2026-05-26 06:00:00,municipal,672.3,19.9,61.0,0,6,1
2026-05-26 07:00:00,municipal,766.87,21.5,54.1,0,7,1
2026-05-26 08:00:00,municipal,806.24,21.3,54.8,0,8,1
2026-05-26 09:00:00,municipal,771.03,23.0,53.8,0,9,1
2026-05-26 10:00:00,municipal,677.4,23.3,43.4,0,10,1
2026-05-26 11:00:00,municipal,616.99,25.2,49.4,0,11,1
2026-05-26 12:00:00,municipal,588.03,27.9,54.4,0,12,1
2026-05-26 13:00:00,municipal,602.63,29.7,39.4,0,13,1
2026-05-26 14:00:00,municipal,607.95,28.3,43.4,0,14,1
2026-05-26 15:00:00,municipal,583.89,28.0,45.4,0,15,1
2026-05-26 16:00:00,municipal,641.31,28.5,52.0,0,16,1
2026-05-26 17:00:00,municipal,760.72,28.8,47.5,0,17,1
2026-05-26 18:00:00,municipal,849.06,24.8,48.8,0,18,1
2026-05-26 19:00:00,municipal,1158.87,22.2,51.1,0,19,1
2026-05-26 20:00:00,municipal,971.93,23.4,54.2,0,20,1
2026-05-26 21:00:00,municipal,935.04,20.9,59.3,0,21,1
2026-05-26 22:00:00,municipal,799.01,20.4,57.5,0,22,1
2026-05-26 23:00:00,municipal,681.34,19.5,57.0,0,23,1
2026-05-27 00:00:00,municipal,490.7,17.8,57.2,0,0,2
2026-05-27 01:00:00,municipal,485.68,19.7,51.7,0,1,2
2026-05-27 02:00:00,municipal,482.3,17.5,57.4,0,2,2
2026-05-27 03:00:00,municipal,501.13,17.2,58.1,0,3,2
2026-05-27 04:00:00,municipal,487.48,17.9,59.7,0,4,2
2026-05-27 05:00:00,municipal,598.86,15.9,56.4,0,5,2
2026-05-27 06:00:00,municipal,662.17,20.1,60.3,0,6,2
2026-05-27 07:00:00,municipal,773.75,19.7,58.3,0,7,2
2026-05-27 08:00:00,municipal,829.12,22.2,48.2,0,8,2
2026-05-27 09:00:00,municipal,807.72,21.2,55.3,0,9,2
2026-05-27 10:00:00,municipal,649.11,22.0,46.3,0,10,2
2026-05-27 11:00:00,municipal,626.05,27.0,43.9,0,11,2
2026-05-27 12:00:00,municipal,638.79,27.6,44.7,0,12,2
2026-05-27 13:00:00,municipal,542.76,26.6,46.0,0,13,2
2026-05-27 14:00:00,municipal,558.48,27.3,45.7,0,14,2
2026-05-27 15:00:00,municipal,662.89,30.5,32.6,0,15,2
2026-05-27 16:00:00,municipal,673.5,26.8,49.1,0,16,2
2026-05-27 17:00:00,municipal,778.98,30.4,40.7,0,17,2
2026-05-27 18:00:00,municipal,883.51,25.7,55.1,0,18,2
2026-05-27 19:00:00,municipal,997.96,26.7,46.1,0,19,2
2026-05-27 20:00:00,municipal,1027.14,23.8,50.3,0,20,2
2026-05-27 21:00:00,municipal,949.24,23.7,54.5,0,21,2
2026-05-27 22:00:00,municipal,835.25,20.4,49.5,0,22,2
2026-05-27 23:00:00,municipal,684.74,19.5,61.7,0,23,2
2026-05-28 00:00:00,municipal,499.33,18.7,50.0,0,0,3
2026-05-28 01:00:00,municipal,515.05,16.1,51.6,0,1,3
2026-05-28 02:00:00,municipal,494.11,18.2,52.8,0,2,3
2026-05-28 03:00:00,municipal,506.56,16.1,62.7,0,3,3
2026-05-28 04:00:00,municipal,537.49,16.7,54.8,0,4,3
2026-05-28 05:00:00,municipal,592.28,16.2,57.8,0,5,3
2026-05-28 06:00:00,municipal,685.37,14.8,65.3,0,6,3
2026-05-28 07:00:00,municipal,800.24,19.6,56.2,0,7,3
2026-05-28 08:00:00,municipal,863.6,24.9,47.2,0,8,3
2026-05-28 09:00:00,municipal,798.8,24.0,45.6,0,9,3
2026-05-28 10:00:00,municipal,733.41,24.4,56.4,0,10,3
2026-05-28 11:00:00,municipal,632.05,25.5,46.1,0,11,3
2026-05-28 12:00:00,municipal,614.93,27.1,49.6,0,12,3
2026-05-28 13:00:00,municipal,624.91,28.9,46.3,0,13,3
2026-05-28 14:00:00,municipal,556.76,26.9,41.5,0,14,3
2026-05-28 15:00:00,municipal,643.04,30.5,44.5,0,15,3
2026-05-28 16:00:00,municipal,695.26,29.7,45.0,0,16,3
2026-05-28 17:00:00,municipal,777.28,29.1,39.8,0,17,3
2026-05-28 18:00:00,municipal,870.36,27.7,44.6,0,18,3
2026-05-28 19:00:00,municipal,1011.91,25.9,50.4,0,19,3
2026-05-28 20:00:00,municipal,1024.28,25.4,51.1,0,20,3
2026-05-28 21:00:00,municipal,921.02,23.7,47.6,0,21,3
2026-05-28 22:00:00,municipal,761.47,20.8,54.2,0,22,3
2026-05-28 23:00:00,municipal,695.85,19.0,49.5,0,23,3
2026-05-29 00:00:00,municipal,487.46,18.8,64.4,0,0,4
2026-05-29 01:00:00,municipal,487.45,20.0,60.1,0,1,4
2026-05-29 02:00:00,municipal,529.03,15.3,59.3,0,2,4
2026-05-29 03:00:00,municipal,507.36,14.7,64.8,0,3,4
2026-05-29 04:00:00,municipal,481.4,17.4,53.3,0,4,4
2026-05-29 05:00:00,municipal,564.77,17.8,55.2,0,5,4
2026-05-29 06:00:00,municipal,634.95,18.9,57.5,0,6,4
2026-05-29 07:00:00,municipal,763.65,20.3,49.4,0,7,4
2026-05-29 08:00:00,municipal,802.84,21.0,45.6,0,8,4
2026-05-29 09:00:00,municipal,771.22,25.2,45.4,0,9,4
2026-05-29 10:00:00,municipal,728.39,22.1,57.3,0,10,4
2026-05-29 11:00:00,municipal,641.36,24.7,38.8,0,11,4
2026-05-29 12:00:00,municipal,578.89,27.0,47.0,0,12,4
2026-05-29 13:00:00,municipal,551.84,25.7,51.8,0,13,4
2026-05-29 14:00:00,municipal,599.33,28.5,45.2,0,14,4
2026-05-29 15:00:00,municipal,678.58,31.4,40.9,0,15,4
2026-05-29 16:00:00,municipal,669.9,28.7,40.2,0,16,4
2026-05-29 17:00:00,municipal,784.71,28.5,52.6,0,17,4
2026-05-29 18:00:00,municipal,894.01,25.3,39.8,0,18,4
2026-05-29 19:00:00,municipal,972.65,25.0,41.2,0,19,4
2026-05-29 20:00:00,municipal,969.06,23.9,54.9,0,20,4
2026-05-29 21:00:00,municipal,946.15,22.4,53.5,0,21,4
2026-05-29 22:00:00,municipal,814.19,23.3,50.6,0,22,4
2026-05-29 23:00:00,municipal,666.98,20.8,43.8,0,23,4
2026-05-30 00:00:00,municipal,509.55,17.1,52.3,1,0,5
2026-05-30 01:00:00,municipal,493.63,18.2,47.3,1,1,5
2026-05-30 02:00:00,municipal,459.26,18.0,59.6,1,2,5
2026-05-30 03:00:00,municipal,476.38,18.7,60.0,1,3,5
2026-05-30 04:00:00,municipal,543.51,19.6,57.6,1,4,5
2026-05-30 05:00:00,municipal,542.17,16.3,53.7,1,5,5
2026-05-30 06:00:00,municipal,696.88,17.5,50.0,1,6,5
2026-05-30 07:00:00,municipal,804.36,18.1,52.1,1,7,5
2026-05-30 08:00:00,municipal,865.81,21.1,57.2,1,8,5
2026-05-30 09:00:00,municipal,864.78,23.7,54.3,1,9,5
2026-05-30 10:00:00,municipal,721.17,26.0,49.4,1,10,5
2026-05-30 11:00:00,municipal,621.36,25.9,54.9,1,11,5
2026-05-30 12:00:00,municipal,606.41,26.8,40.5,1,12,5
2026-05-30 13:00:00,municipal,578.06,28.4,44.5,1,13,5
2026-05-30 14:00:00,municipal,591.12,27.5,42.1,1,14,5
2026-05-30 15:00:00,municipal,674.86,32.1,41.2,1,15,5
2026-05-30 16:00:00,municipal,669.53,26.4,57.5,1,16,5
2026-05-30 17:00:00,municipal,795.38,28.5,54.1,1,17,5
2026-05-30 18:00:00,municipal,946.97,30.3,54.3,1,18,5
2026-05-30 19:00:00,municipal,1071.12,26.0,41.2,1,19,5
2026-05-30 20:00:00,municipal,1113.73,24.3,36.6,1,20,5
2026-05-30 21:00:00,municipal,1021.7,22.5,55.4,1,21,5
2026-05-30 22:00:00,municipal,861.12,21.2,55.8,1,22,5
2026-05-30 23:00:00,municipal,660.21,22.1,45.0,1,23,5
2026-05-31 00:00:00,municipal,523.87,15.5,68.1,1,0,6
2026-05-31 01:00:00,municipal,510.93,20.2,62.4,1,1,6
2026-05-31 02:00:00,municipal,480.97,15.1,68.5,1,2,6
2026-05-31 03:00:00,municipal,469.46,16.7,60.0,1,3,6
2026-05-31 04:00:00,municipal,524.82,16.6,51.6,1,4,6
2026-05-31 05:00:00,municipal,579.86,18.8,54.4,1,5,6
2026-05-31 06:00:00,municipal,700.15,16.4,63.2,1,6,6
2026-05-31 07:00:00,municipal,805.84,20.8,52.0,1,7,6
2026-05-31 08:00:00,municipal,876.04,24.6,45.8,1,8,6
2026-05-31 09:00:00,municipal,793.61,21.0,44.6,1,9,6
2026-05-31 10:00:00,municipal,691.6,24.9,54.6,1,10,6
2026-05-31 11:00:00,municipal,570.64,25.1,48.1,1,11,6
2026-05-31 12:00:00,municipal,648.21,28.0,53.2,1,12,6
2026-05-31 13:00:00,municipal,605.48,28.3,47.2,1,13,6
2026-05-31 14:00:00,municipal,593.57,27.9,43.5,1,14,6
2026-05-31 15:00:00,municipal,630.02,29.8,53.2,1,15,6
2026-05-31 16:00:00,municipal,696.89,31.6,38.4,1,16,6
2026-05-31 17:00:00,municipal,779.56,28.0,42.8,1,17,6
2026-05-31 18:00:00,municipal,939.66,28.4,44.6,1,18,6
2026-05-31 19:00:00,municipal,1033.26,24.1,54.7,1,19,6
2026-05-31 20:00:00,municipal,1091.39,23.2,51.4,1,20,6
2026-05-31 21:00:00,municipal,1051.34,23.8,45.1,1,21,6
2026-05-31 22:00:00,municipal,893.56,23.8,56.8,1,22,6
2026-05-31 23:00:00,municipal,687.5,20.6,53.1,1,23,6
2026-06-01 00:00:00,municipal,485.33,18.4,49.7,0,0,0
2026-06-01 01:00:00,municipal,490.0,18.0,53.3,0,1,0
2026-06-01 02:00:00,municipal,479.91,15.5,53.5,0,2,0
2026-06-01 03:00:00,municipal,502.26,18.1,60.5,0,3,0
2026-06-01 04:00:00,municipal,492.01,18.7,55.9,0,4,0
2026-06-01 05:00:00,municipal,554.62,17.3,56.3,0,5,0
2026-06-01 06:00:00,municipal,648.82,18.2,63.7,0,6,0
2026-06-01 07:00:00,municipal,737.84,20.6,52.4,0,7,0
2026-06-01 08:00:00,municipal,797.81,20.9,54.3,0,8,0
2026-06-01 09:00:00,municipal,802.38,23.1,53.4,0,9,0
2026-06-01 10:00:00,municipal,746.82,27.9,51.8,0,10,0
2026-06-01 11:00:00,municipal,647.39,25.8,45.6,0,11,0
2026-06-01 12:00:00,municipal,560.26,26.9,41.6,0,12,0
2026-06-01 13:00:00,municipal,542.9,27.4,37.0,0,13,0
2026-06-01 14:00:00,municipal,594.49,30.1,47.0,0,14,0
2026-06-01 15:00:00,municipal,629.06,28.9,45.9,0,15,0
2026-06-01 16:00:00,municipal,652.16,28.0,59.7,0,16,0
2026-06-01 17:00:00,municipal,783.32,30.3,41.2,0,17,0
2026-06-01 18:00:00,municipal,929.13,29.5,39.6,0,18,0
2026-06-01 19:00:00,municipal,980.38,25.3,44.5,0,19,0
2026-06-01 20:00:00,municipal,977.59,21.9,56.4,0,20,0
2026-06-01 21:00:00,municipal,985.83,24.7,47.6,0,21,0
2026-06-01 22:00:00,municipal,756.63,20.6,55.7,0,22,0
2026-06-01 23:00:00,municipal,660.56,21.3,44.1,0,23,0
2026-06-02 00:00:00,municipal,482.44,16.0,66.3,0,0,1
2026-06-02 01:00:00,municipal,504.99,19.4,57.5,0,1,1
2026-06-02 02:00:00,municipal,469.72,15.6,64.4,0,2,1
2026-06-02 03:00:00,municipal,480.86,18.3,61.9,0,3,1
2026-06-02 04:00:00,municipal,557.97,17.5,52.0,0,4,1
2026-06-02 05:00:00,municipal,589.4,16.6,59.7,0,5,1
2026-06-02 06:00:00,municipal,658.5,18.4,59.5,0,6,1
2026-06-02 07:00:00,municipal,762.65,21.3,51.2,0,7,1
2026-06-02 08:00:00,municipal,830.6,21.8,56.3,0,8,1
2026-06-02 09:00:00,municipal,769.45,24.1,60.0,0,9,1
2026-06-02 10:00:00,municipal,784.27,27.8,52.1,0,10,1
2026-06-02 11:00:00,municipal,609.43,23.9,53.1,0,11,1
2026-06-02 12:00:00,municipal,599.8,29.9,48.1,0,12,1
2026-06-02 13:00:00,municipal,612.95,28.6,37.7,0,13,1
2026-06-02 14:00:00,municipal,587.26,27.7,40.2,0,14,1
2026-06-02 15:00:00,municipal,559.64,27.2,46.3,0,15,1
2026-06-02 16:00:00,municipal,650.33,28.7,58.3,0,16,1
2026-06-02 17:00:00,municipal,762.4,29.8,44.1,0,17,1
2026-06-02 18:00:00,municipal,875.93,27.3,46.9,0,18,1
2026-06-02 19:00:00,municipal,1002.57,28.5,44.3,0,19,1
2026-06-02 20:00:00,municipal,986.44,22.6,46.6,0,20,1
2026-06-02 21:00:00,municipal,958.18,23.2,51.6,0,21,1
2026-06-02 22:00:00,municipal,808.43,19.8,52.2,0,22,1
2026-06-02 23:00:00,municipal,642.69,20.8,49.0,0,23,1
2026-06-03 00:00:00,municipal,501.32,20.4,53.4,0,0,2
2026-06-03 01:00:00,municipal,476.57,17.5,60.9,0,1,2
2026-06-03 02:00:00,municipal,507.59,13.6,63.0,0,2,2
2026-06-03 03:00:00,municipal,495.59,17.6,56.6,0,3,2
2026-06-03 04:00:00,municipal,554.21,18.2,54.9,0,4,2
2026-06-03 05:00:00,municipal,617.75,18.7,57.4,0,5,2
2026-06-03 06:00:00,municipal,656.26,20.9,64.1,0,6,2
2026-06-03 07:00:00,municipal,753.1,18.7,52.7,0,7,2
2026-06-03 08:00:00,municipal,849.12,22.8,52.1,0,8,2
2026-06-03 09:00:00,municipal,808.92,25.1,51.4,0,9,2
2026-06-03 10:00:00,municipal,686.39,22.2,55.1,0,10,2
2026-06-03 11:00:00,municipal,659.47,26.8,47.6,0,11,2
2026-06-03 12:00:00,municipal,582.97,26.8,47.5,0,12,2
2026-06-03 13:00:00,municipal,627.49,28.4,43.7,0,13,2
2026-06-03 14:00:00,municipal,593.37,29.6,41.6,0,14,2
2026-06-03 15:00:00,municipal,605.43,28.6,40.6,0,15,2
2026-06-03 16:00:00,municipal,669.08,28.1,39.6,0,16,2
2026-06-03 17:00:00,municipal,786.18,28.6,47.1,0,17,2
2026-06-03 18:00:00,municipal,902.7,25.9,43.9,0,18,2
2026-06-03 19:00:00,municipal,984.92,24.7,47.7,0,19,2
2026-06-03 20:00:00,municipal,1053.61,25.9,57.5,0,20,2
2026-06-03 21:00:00,municipal,882.3,21.6,50.9,0,21,2
2026-06-03 22:00:00,municipal,842.03,22.8,55.0,0,22,2
2026-06-03 23:00:00,municipal,652.64,21.0,46.2,0,23,2
2026-06-04 00:00:00,municipal,501.78,16.6,57.0,0,0,3
2026-06-04 01:00:00,municipal,495.66,17.2,58.5,0,1,3
2026-06-04 02:00:00,municipal,500.91,19.4,63.6,0,2,3
2026-06-04 03:00:00,municipal,522.23,15.9,62.1,0,3,3
2026-06-04 04:00:00,municipal,529.01,16.9,50.4,0,4,3
2026-06-04 05:00:00,municipal,558.87,18.9,66.0,0,5,3
2026-06-04 06:00:00,municipal,595.34,20.3,53.0,0,6,3
2026-06-04 07:00:00,municipal,724.5,20.0,50.9,0,7,3
2026-06-04 08:00:00,municipal,808.26,20.9,51.0,0,8,3
2026-06-04 09:00:00,municipal,857.34,25.5,50.7,0,9,3
2026-06-04 10:00:00,municipal,766.67,27.6,45.8,0,10,3
2026-06-04 11:00:00,municipal,615.27,27.9,60.2,0,11,3
2026-06-04 12:00:00,municipal,618.06,27.8,42.9,0,12,3
2026-06-04 13:00:00,municipal,611.98,27.4,50.9,0,13,3
2026-06-04 14:00:00,municipal,610.46,27.9,46.0,0,14,3
2026-06-04 15:00:00,municipal,640.85,30.2,42.3,0,15,3
2026-06-04 16:00:00,municipal,689.92,29.8,38.1,0,16,3
2026-06-04 17:00:00,municipal,808.83,30.7,38.9,0,17,3
2026-06-04 18:00:00,municipal,892.58,28.6,41.0,0,18,3
2026-06-04 19:00:00,municipal,959.18,24.1,52.7,0,19,3
2026-06-04 20:00:00,municipal,1057.9,26.5,52.0,0,20,3
2026-06-04 21:00:00,municipal,963.9,21.9,53.5,0,21,3
2026-06-04 22:00:00,municipal,806.65,21.3,51.4,0,22,3
2026-06-04 23:00:00,municipal,686.44,20.8,51.8,0,23,3
2026-06-05 00:00:00,municipal,493.21,22.2,53.1,0,0,4
2026-06-05 01:00:00,municipal,458.17,22.9,48.4,0,1,4
2026-06-05 02:00:00,municipal,497.85,18.6,62.2,0,2,4
2026-06-05 03:00:00,municipal,494.35,17.2,62.7,0,3,4
2026-06-05 04:00:00,municipal,504.82,18.5,60.5,0,4,4
2026-06-05 05:00:00,municipal,586.82,19.6,52.1,0,5,4
2026-06-05 06:00:00,municipal,632.3,18.7,62.5,0,6,4
2026-06-05 07:00:00,municipal,797.51,23.2,47.0,0,7,4
2026-06-05 08:00:00,municipal,800.39,22.3,61.3,0,8,4
2026-06-05 09:00:00,municipal,759.34,24.2,49.6,0,9,4
2026-06-05 10:00:00,municipal,748.3,26.0,40.7,0,10,4
2026-06-05 11:00:00,municipal,655.64,27.1,41.7,0,11,4
2026-06-05 12:00:00,municipal,625.68,29.0,36.6,0,12,4
2026-06-05 13:00:00,municipal,598.21,27.7,46.4,0,13,4
2026-06-05 14:00:00,municipal,619.03,28.4,45.6,0,14,4
2026-06-05 15:00:00,municipal,595.25,27.8,44.1,0,15,4
2026-06-05 16:00:00,municipal,718.96,29.9,49.3,0,16,4
2026-06-05 17:00:00,municipal,797.8,29.8,46.4,0,17,4
2026-06-05 18:00:00,municipal,909.87,28.4,51.1,0,18,4
2026-06-05 19:00:00,municipal,1065.79,29.0,44.3,0,19,4
2026-06-05 20:00:00,municipal,995.76,25.0,52.7,0,20,4
2026-06-05 21:00:00,municipal,949.11,24.5,46.7,0,21,4
2026-06-05 22:00:00,municipal,816.47,20.3,62.4,0,22,4
2026-06-05 23:00:00,municipal,675.06,19.9,60.4,0,23,4
2026-06-06 00:00:00,municipal,470.7,20.3,53.1,1,0,5
2026-06-06 01:00:00,municipal,450.49,19.6,55.2,1,1,5
2026-06-06 02:00:00,municipal,496.79,17.3,60.9,1,2,5
2026-06-06 03:00:00,municipal,510.32,17.4,66.6,1,3,5
2026-06-06 04:00:00,municipal,497.28,15.5,62.2,1,4,5
2026-06-06 05:00:00,municipal,517.51,17.8,58.5,1,5,5
2026-06-06 06:00:00,municipal,626.18,20.6,47.6,1,6,5
2026-06-06 07:00:00,municipal,794.75,21.4,60.5,1,7,5
2026-06-06 08:00:00,municipal,894.5,22.7,59.4,1,8,5
2026-06-06 09:00:00,municipal,840.72,23.6,46.0,1,9,5
2026-06-06 10:00:00,municipal,728.82,25.1,45.7,1,10,5
2026-06-06 11:00:00,municipal,624.18,25.6,49.6,1,11,5
2026-06-06 12:00:00,municipal,631.28,28.8,46.1,1,12,5
2026-06-06 13:00:00,municipal,614.46,29.4,38.6,1,13,5
2026-06-06 14:00:00,municipal,617.65,30.1,41.2,1,14,5
2026-06-06 15:00:00,municipal,662.89,28.8,51.7,1,15,5
2026-06-06 16:00:00,municipal,645.36,26.1,46.0,1,16,5
2026-06-06 17:00:00,municipal,843.86,30.4,40.3,1,17,5
2026-06-06 18:00:00,municipal,938.7,27.1,38.9,1,18,5
2026-06-06 19:00:00,municipal,1075.93,25.3,54.6,1,19,5
2026-06-06 20:00:00,municipal,1152.24,26.1,55.1,1,20,5
2026-06-06 21:00:00,municipal,1039.8,23.0,50.2,1,21,5
2026-06-06 22:00:00,municipal,926.54,23.6,46.6,1,22,5
2026-06-06 23:00:00,municipal,708.48,21.5,51.1,1,23,5
2026-06-07 00:00:00,municipal,519.9,20.4,64.9,1,0,6
2026-06-07 01:00:00,municipal,472.54,16.4,63.2,1,1,6
2026-06-07 02:00:00,municipal,471.76,19.6,52.2,1,2,6
2026-06-07 03:00:00,municipal,476.13,18.0,59.8,1,3,6
2026-06-07 04:00:00,municipal,501.3,17.3,57.7,1,4,6
2026-06-07 05:00:00,municipal,534.74,18.6,59.2,1,5,6
2026-06-07 06:00:00,municipal,701.98,16.7,58.9,1,6,6
2026-06-07 07:00:00,municipal,820.99,21.2,55.2,1,7,6
2026-06-07 08:00:00,municipal,853.61,20.5,48.9,1,8,6
2026-06-07 09:00:00,municipal,840.47,21.6,59.7,1,9,6
2026-06-07 10:00:00,municipal,705.37,22.9,48.8,1,10,6
2026-06-07 11:00:00,municipal,691.76,28.3,42.3,1,11,6
2026-06-07 12:00:00,municipal,626.25,26.9,44.7,1,12,6
2026-06-07 13:00:00,municipal,628.87,31.1,35.9,1,13,6
2026-06-07 14:00:00,municipal,605.23,28.6,46.6,1,14,6
2026-06-07 15:00:00,municipal,588.78,27.1,51.3,1,15,6
2026-06-07 16:00:00,municipal,668.67,27.7,49.2,1,16,6
2026-06-07 17:00:00,municipal,801.44,30.7,39.1,1,17,6
2026-06-07 18:00:00,municipal,894.62,27.6,38.4,1,18,6
2026-06-07 19:00:00,municipal,1050.32,25.8,47.8,1,19,6
2026-06-07 20:00:00,municipal,1121.33,25.4,56.5,1,20,6
2026-06-07 21:00:00,municipal,1015.38,24.4,52.8,1,21,6
2026-06-07 22:00:00,municipal,933.45,23.7,51.9,1,22,6
2026-06-07 23:00:00,municipal,747.89,22.8,53.1,1,23,6
2026-06-08 00:00:00,municipal,524.43,18.9,59.5,0,0,0
2026-06-08 01:00:00,municipal,514.81,16.5,53.5,0,1,0
2026-06-08 02:00:00,municipal,517.33,17.3,68.4,0,2,0
2026-06-08 03:00:00,municipal,522.29,18.1,56.5,0,3,0
2026-06-08 04:00:00,municipal,521.29,16.5,55.8,0,4,0
2026-06-08 05:00:00,municipal,578.45,17.1,60.0,0,5,0
2026-06-08 06:00:00,municipal,676.19,20.0,51.2,0,6,0
2026-06-08 07:00:00,municipal,783.14,20.6,54.9,0,7,0
2026-06-08 08:00:00,municipal,791.56,22.2,51.6,0,8,0
2026-06-08 09:00:00,municipal,815.86,22.6,56.5,0,9,0
2026-06-08 10:00:00,municipal,670.47,24.9,53.2,0,10,0
2026-06-08 11:00:00,municipal,641.24,25.3,51.4,0,11,0
2026-06-08 12:00:00,municipal,599.89,29.3,41.8,0,12,0
2026-06-08 13:00:00,municipal,598.16,30.4,42.8,0,13,0
2026-06-08 14:00:00,municipal,586.72,26.7,55.7,0,14,0
2026-06-08 15:00:00,municipal,620.71,28.3,38.9,0,15,0
2026-06-08 16:00:00,municipal,624.29,27.3,42.1,0,16,0
2026-06-08 17:00:00,municipal,772.06,27.9,49.7,0,17,0
2026-06-08 18:00:00,municipal,891.35,27.8,40.5,0,18,0
2026-06-08 19:00:00,municipal,967.84,24.5,53.8,0,19,0
2026-06-08 20:00:00,municipal,955.33,23.9,43.5,0,20,0
2026-06-08 21:00:00,municipal,978.02,22.2,48.8,0,21,0
2026-06-08 22:00:00,municipal,849.15,22.5,48.5,0,22,0
2026-06-08 23:00:00,municipal,688.28,20.8,56.2,0,23,0
2026-06-09 00:00:00,municipal,517.47,18.5,62.9,0,0,1
2026-06-09 01:00:00,municipal,506.63,18.8,59.7,0,1,1
2026-06-09 02:00:00,municipal,474.08,17.2,57.4,0,2,1
2026-06-09 03:00:00,municipal,480.6,17.4,55.6,0,3,1
2026-06-09 04:00:00,municipal,544.13,20.5,55.7,0,4,1
2026-06-09 05:00:00,municipal,595.02,20.6,56.7,0,5,1
2026-06-09 06:00:00,municipal,631.02,17.6,64.5,0,6,1
2026-06-09 07:00:00,municipal,775.13,22.0,48.5,0,7,1
2026-06-09 08:00:00,municipal,809.87,23.4,60.6,0,8,1
2026-06-09 09:00:00,municipal,760.21,22.1,49.6,0,9,1
2026-06-09 10:00:00,municipal,744.57,26.6,43.5,0,10,1
2026-06-09 11:00:00,municipal,675.56,29.1,48.5,0,11,1
2026-06-09 12:00:00,municipal,607.48,26.3,50.2,0,12,1
2026-06-09 13:00:00,municipal,550.31,27.6,48.3,0,13,1
2026-06-09 14:00:00,municipal,667.81,31.1,38.8,0,14,1
2026-06-09 15:00:00,municipal,607.01,30.2,36.7,0,15,1
2026-06-09 16:00:00,municipal,719.95,30.4,34.7,0,16,1
2026-06-09 17:00:00,municipal,772.28,29.5,45.9,0,17,1
2026-06-09 18:00:00,municipal,935.92,28.6,43.3,0,18,1
2026-06-09 19:00:00,municipal,990.81,24.8,44.0,0,19,1
2026-06-09 20:00:00,municipal,1043.15,26.9,43.7,0,20,1
2026-06-09 21:00:00,municipal,1004.02,25.5,48.1,0,21,1
2026-06-09 22:00:00,municipal,768.22,21.9,58.2,0,22,1
2026-06-09 23:00:00,municipal,712.65,20.7,64.2,0,23,1
2026-06-10 00:00:00,municipal,516.83,17.3,61.4,0,0,2
2026-06-10 01:00:00,municipal,540.89,19.4,50.0,0,1,2
2026-06-10 02:00:00,municipal,506.31,18.9,64.3,0,2,2
2026-06-10 03:00:00,municipal,482.8,17.8,59.6,0,3,2
2026-06-10 04:00:00,municipal,470.53,19.7,55.5,0,4,2
2026-06-10 05:00:00,municipal,585.1,18.2,52.7,0,5,2
2026-06-10 06:00:00,municipal,628.09,20.5,56.2,0,6,2
2026-06-10 07:00:00,municipal,770.42,19.3,59.2,0,7,2
2026-06-10 08:00:00,municipal,836.7,22.3,46.3,0,8,2
2026-06-10 09:00:00,municipal,778.45,23.6,52.3,0,9,2
2026-06-10 10:00:00,municipal,688.56,25.7,44.4,0,10,2
2026-06-10 11:00:00,municipal,667.24,26.3,42.2,0,11,2
2026-06-10 12:00:00,municipal,620.31,27.9,51.8,0,12,2
2026-06-10 13:00:00,municipal,611.41,30.3,34.7,0,13,2
2026-06-10 14:00:00,municipal,619.46,29.0,28.8,0,14,2
2026-06-10 15:00:00,municipal,581.57,27.4,44.5,0,15,2
2026-06-10 16:00:00,municipal,695.5,32.3,46.2,0,16,2
2026-06-10 17:00:00,municipal,815.26,31.1,37.0,0,17,2
2026-06-10 18:00:00,municipal,895.7,26.2,44.6,0,18,2
2026-06-10 19:00:00,municipal,1027.51,27.9,45.3,0,19,2
2026-06-10 20:00:00,municipal,1036.71,24.7,47.8,0,20,2
2026-06-10 21:00:00,municipal,951.5,24.3,58.5,0,21,2
2026-06-10 22:00:00,municipal,821.08,22.7,45.5,0,22,2
2026-06-10 23:00:00,municipal,657.77,20.5,42.9,0,23,2
2026-06-11 00:00:00,municipal,506.75,18.5,66.0,0,0,3
2026-06-11 01:00:00,municipal,528.44,17.7,57.6,0,1,3
2026-06-11 02:00:00,municipal,485.75,16.8,64.4,0,2,3
2026-06-11 03:00:00,municipal,480.64,16.7,69.1,0,3,3
2026-06-11 04:00:00,municipal,541.26,18.0,56.9,0,4,3
2026-06-11 05:00:00,municipal,573.91,17.7,53.4,0,5,3
2026-06-11 06:00:00,municipal,615.14,20.7,50.3,0,6,3
2026-06-11 07:00:00,municipal,752.28,23.2,51.0,0,7,3
2026-06-11 08:00:00,municipal,779.88,21.5,46.9,0,8,3
2026-06-11 09:00:00,municipal,820.25,24.3,45.8,0,9,3
2026-06-11 10:00:00,municipal,704.21,26.2,54.7,0,10,3
2026-06-11 11:00:00,municipal,644.95,27.6,44.4,0,11,3
2026-06-11 12:00:00,municipal,605.96,28.3,42.5,0,12,3
2026-06-11 13:00:00,municipal,609.35,30.2,48.2,0,13,3
2026-06-11 14:00:00,municipal,611.85,30.5,43.0,0,14,3
2026-06-11 15:00:00,municipal,671.38,28.1,51.4,0,15,3
2026-06-11 16:00:00,municipal,715.56,31.0,37.1,0,16,3
2026-06-11 17:00:00,municipal,815.73,30.5,36.9,0,17,3
2026-06-11 18:00:00,municipal,841.42,27.0,49.9,0,18,3
2026-06-11 19:00:00,municipal,974.75,27.0,42.3,0,19,3
2026-06-11 20:00:00,municipal,1070.75,26.5,55.9,0,20,3
2026-06-11 21:00:00,municipal,941.75,23.6,43.4,0,21,3
2026-06-11 22:00:00,municipal,821.04,24.0,46.0,0,22,3
2026-06-11 23:00:00,municipal,711.33,24.5,53.1,0,23,3
2026-06-12 00:00:00,municipal,488.14,18.6,54.2,0,0,4
2026-06-12 01:00:00,municipal,497.44,16.7,51.0,0,1,4
2026-06-12 02:00:00,municipal,457.75,18.7,60.3,0,2,4
2026-06-12 03:00:00,municipal,502.19,19.1,58.9,0,3,4
2026-06-12 04:00:00,municipal,513.33,17.9,56.3,0,4,4
2026-06-12 05:00:00,municipal,575.47,21.0,64.8,0,5,4
2026-06-12 06:00:00,municipal,648.25,17.8,59.4,0,6,4
2026-06-12 07:00:00,municipal,753.46,22.1,55.5,0,7,4
2026-06-12 08:00:00,municipal,817.89,21.5,47.0,0,8,4
2026-06-12 09:00:00,municipal,819.39,26.6,42.1,0,9,4
2026-06-12 10:00:00,municipal,770.68,28.6,42.4,0,10,4
2026-06-12 11:00:00,municipal,620.72,25.9,52.8,0,11,4
2026-06-12 12:00:00,municipal,634.33,27.4,47.0,0,12,4
2026-06-12 13:00:00,municipal,653.1,30.5,45.6,0,13,4
2026-06-12 14:00:00,municipal,604.92,29.2,33.3,0,14,4
2026-06-12 15:00:00,municipal,620.89,29.9,40.4,0,15,4
2026-06-12 16:00:00,municipal,681.33,29.8,40.4,0,16,4
2026-06-12 17:00:00,municipal,720.99,26.3,49.4,0,17,4
2026-06-12 18:00:00,municipal,897.11,28.2,40.3,0,18,4
2026-06-12 19:00:00,municipal,961.19,26.0,50.4,0,19,4
2026-06-12 20:00:00,municipal,1048.36,24.8,58.8,0,20,4
2026-06-12 21:00:00,municipal,955.77,26.2,47.6,0,21,4
2026-06-12 22:00:00,municipal,810.21,20.6,56.8,0,22,4
2026-06-12 23:00:00,municipal,692.16,22.2,56.1,0,23,4
2026-06-13 00:00:00,municipal,502.94,19.4,49.6,1,0,5
2026-06-13 01:00:00,municipal,472.3,18.5,55.9,1,1,5
2026-06-13 02:00:00,municipal,486.48,19.5,50.3,1,2,5
2026-06-13 03:00:00,municipal,492.95,18.6,59.8,1,3,5
2026-06-13 04:00:00,municipal,518.22,19.1,61.8,1,4,5
2026-06-13 05:00:00,municipal,584.77,20.3,50.2,1,5,5
2026-06-13 06:00:00,municipal,676.54,19.3,58.6,1,6,5
2026-06-13 07:00:00,municipal,806.22,20.2,53.3,1,7,5
2026-06-13 08:00:00,municipal,873.66,20.9,53.7,1,8,5
2026-06-13 09:00:00,municipal,831.32,22.9,58.7,1,9,5
2026-06-13 10:00:00,municipal,804.63,30.1,44.1,1,10,5
2026-06-13 11:00:00,municipal,663.57,29.0,41.9,1,11,5
2026-06-13 12:00:00,municipal,590.27,26.3,47.2,1,12,5
2026-06-13 13:00:00,municipal,594.88,27.3,47.5,1,13,5
2026-06-13 14:00:00,municipal,633.81,30.6,42.4,1,14,5
2026-06-13 15:00:00,municipal,653.6,30.9,47.2,1,15,5
2026-06-13 16:00:00,municipal,693.83,30.7,39.5,1,16,5
2026-06-13 17:00:00,municipal,802.81,28.9,44.9,1,17,5
2026-06-13 18:00:00,municipal,952.94,28.1,50.2,1,18,5
2026-06-13 19:00:00,municipal,1066.28,27.6,42.9,1,19,5
2026-06-13 20:00:00,municipal,1102.76,25.8,57.4,1,20,5
2026-06-13 21:00:00,municipal,1014.0,20.8,49.4,1,21,5
2026-06-13 22:00:00,municipal,828.82,22.2,49.2,1,22,5
2026-06-13 23:00:00,municipal,702.62,19.8,52.7,1,23,5
2026-06-14 00:00:00,municipal,554.41,20.2,56.0,1,0,6
2026-06-14 01:00:00,municipal,527.17,23.4,58.4,1,1,6
2026-06-14 02:00:00,municipal,525.5,18.9,61.8,1,2,6
2026-06-14 03:00:00,municipal,503.94,17.7,59.8,1,3,6
2026-06-14 04:00:00,municipal,526.57,19.8,59.6,1,4,6
2026-06-14 05:00:00,municipal,597.14,19.7,62.7,1,5,6
2026-06-14 06:00:00,municipal,665.11,20.6,46.4,1,6,6
2026-06-14 07:00:00,municipal,827.37,22.1,46.9,1,7,6
2026-06-14 08:00:00,municipal,899.03,25.7,55.1,1,8,6
2026-06-14 09:00:00,municipal,771.35,22.5,60.0,1,9,6
2026-06-14 10:00:00,municipal,763.11,26.4,45.3,1,10,6
2026-06-14 11:00:00,municipal,638.49,25.8,48.4,1,11,6
2026-06-14 12:00:00,municipal,648.85,29.2,51.6,1,12,6
2026-06-14 13:00:00,municipal,593.86,28.0,48.3,1,13,6
2026-06-14 14:00:00,municipal,599.06,29.3,48.5,1,14,6
2026-06-14 15:00:00,municipal,633.28,29.7,45.0,1,15,6
2026-06-14 16:00:00,municipal,738.47,31.4,52.4,1,16,6
2026-06-14 17:00:00,municipal,837.86,30.7,45.1,1,17,6
2026-06-14 18:00:00,municipal,891.69,26.5,44.1,1,18,6
2026-06-14 19:00:00,municipal,1045.35,27.2,49.2,1,19,6
2026-06-14 20:00:00,municipal,1110.05,24.7,51.4,1,20,6
2026-06-14 21:00:00,municipal,995.98,22.3,45.7,1,21,6
2026-06-14 22:00:00,municipal,871.35,22.3,47.7,1,22,6
2026-06-14 23:00:00,municipal,667.42,20.7,59.3,1,23,6
2026-06-15 00:00:00,municipal,551.1,23.6,44.2,0,0,0
2026-06-15 01:00:00,municipal,482.44,19.7,52.4,0,1,0
2026-06-15 02:00:00,municipal,545.96,16.4,65.4,0,2,0
2026-06-15 03:00:00,municipal,509.77,17.4,55.9,0,3,0
2026-06-15 04:00:00,municipal,507.55,20.0,57.1,0,4,0
2026-06-15 05:00:00,municipal,562.55,22.2,60.2,0,5,0
2026-06-15 06:00:00,municipal,657.5,17.6,52.7,0,6,0
2026-06-15 07:00:00,municipal,771.95,18.4,52.4,0,7,0
2026-06-15 08:00:00,municipal,846.1,25.5,59.7,0,8,0
2026-06-15 09:00:00,municipal,806.46,24.8,48.1,0,9,0
2026-06-15 10:00:00,municipal,714.1,24.5,51.3,0,10,0
2026-06-15 11:00:00,municipal,663.85,28.0,43.2,0,11,0
2026-06-15 12:00:00,municipal,620.69,24.5,44.3,0,12,0
2026-06-15 13:00:00,municipal,612.88,29.4,39.9,0,13,0
2026-06-15 14:00:00,municipal,582.57,30.5,45.6,0,14,0
2026-06-15 15:00:00,municipal,687.25,31.6,43.7,0,15,0
2026-06-15 16:00:00,municipal,685.27,28.5,45.8,0,16,0
2026-06-15 17:00:00,municipal,786.65,29.6,36.7,0,17,0
2026-06-15 18:00:00,municipal,887.03,27.1,54.3,0,18,0
2026-06-15 19:00:00,municipal,1029.96,27.6,42.9,0,19,0
2026-06-15 20:00:00,municipal,1041.31,24.5,47.5,0,20,0
2026-06-15 21:00:00,municipal,959.63,23.6,55.3,0,21,0
2026-06-15 22:00:00,municipal,823.92,21.2,52.0,0,22,0
2026-06-15 23:00:00,municipal,730.17,22.2,52.8,0,23,0
2026-06-16 00:00:00,municipal,488.49,21.4,46.8,0,0,1
2026-06-16 01:00:00,municipal,504.35,18.8,63.0,0,1,1
2026-06-16 02:00:00,municipal,477.54,18.6,55.9,0,2,1
2026-06-16 03:00:00,municipal,516.45,16.1,60.2,0,3,1
2026-06-16 04:00:00,municipal,537.87,18.1,61.8,0,4,1
2026-06-16 05:00:00,municipal,584.06,19.1,62.8,0,5,1
2026-06-16 06:00:00,municipal,694.65,24.0,45.5,0,6,1
2026-06-16 07:00:00,municipal,734.61,19.7,57.0,0,7,1
2026-06-16 08:00:00,municipal,876.67,25.0,48.7,0,8,1
2026-06-16 09:00:00,municipal,844.26,25.8,53.8,0,9,1
2026-06-16 10:00:00,municipal,748.43,26.3,48.4,0,10,1
2026-06-16 11:00:00,municipal,674.2,30.0,38.8,0,11,1
2026-06-16 12:00:00,municipal,592.35,29.1,42.9,0,12,1
2026-06-16 13:00:00,municipal,641.78,30.1,56.0,0,13,1
2026-06-16 14:00:00,municipal,625.47,30.0,46.6,0,14,1
2026-06-16 15:00:00,municipal,645.23,32.2,46.1,0,15,1
2026-06-16 16:00:00,municipal,733.97,31.8,39.1,0,16,1
2026-06-16 17:00:00,municipal,781.34,28.6,37.8,0,17,1
2026-06-16 18:00:00,municipal,869.63,26.6,53.4,0,18,1
2026-06-16 19:00:00,municipal,1024.51,27.0,46.1,0,19,1
2026-06-16 20:00:00,municipal,1045.05,24.7,55.8,0,20,1
2026-06-16 21:00:00,municipal,963.99,24.2,49.7,0,21,1
2026-06-16 22:00:00,municipal,826.09,24.6,48.4,0,22,1
2026-06-16 23:00:00,municipal,690.84,20.6,59.8,0,23,1
2026-06-17 00:00:00,municipal,507.49,20.1,52.8,0,0,2
2026-06-17 01:00:00,municipal,501.29,19.3,54.0,0,1,2
2026-06-17 02:00:00,municipal,497.17,19.9,55.9,0,2,2
2026-06-17 03:00:00,municipal,523.26,15.0,55.5,0,3,2
2026-06-17 04:00:00,municipal,646.28,17.7,65.0,0,4,2
2026-06-17 05:00:00,municipal,606.79,19.5,48.9,0,5,2
2026-06-17 06:00:00,municipal,649.39,22.0,47.7,0,6,2
2026-06-17 07:00:00,municipal,752.66,20.7,59.8,0,7,2
2026-06-17 08:00:00,municipal,806.4,20.0,59.5,0,8,2
2026-06-17 09:00:00,municipal,824.97,25.3,50.5,0,9,2
2026-06-17 10:00:00,municipal,718.84,25.0,40.6,0,10,2
2026-06-17 11:00:00,municipal,611.99,25.6,48.3,0,11,2
2026-06-17 12:00:00,municipal,585.99,27.7,48.1,0,12,2
2026-06-17 13:00:00,municipal,591.98,29.3,39.2,0,13,2
2026-06-17 14:00:00,municipal,588.69,29.3,30.8,0,14,2
2026-06-17 15:00:00,municipal,595.14,27.1,44.6,0,15,2
2026-06-17 16:00:00,municipal,700.12,31.5,42.0,0,16,2
2026-06-17 17:00:00,municipal,789.47,31.5,43.5,0,17,2
2026-06-17 18:00:00,municipal,937.78,29.6,42.5,0,18,2
2026-06-17 19:00:00,municipal,945.1,25.7,49.8,0,19,2
2026-06-17 20:00:00,municipal,1015.15,25.7,44.6,0,20,2
2026-06-17 21:00:00,municipal,968.74,24.4,48.0,0,21,2
2026-06-17 22:00:00,municipal,827.09,23.7,45.8,0,22,2
2026-06-17 23:00:00,municipal,708.72,22.4,53.2,0,23,2
2026-06-18 00:00:00,municipal,537.5,19.1,68.1,0,0,3
2026-06-18 01:00:00,municipal,506.32,19.4,60.3,0,1,3
2026-06-18 02:00:00,municipal,505.51,19.4,54.3,0,2,3
2026-06-18 03:00:00,municipal,509.58,20.7,63.0,0,3,3
2026-06-18 04:00:00,municipal,551.07,19.7,58.1,0,4,3
2026-06-18 05:00:00,municipal,577.03,20.5,57.9,0,5,3
2026-06-18 06:00:00,municipal,693.37,20.4,56.9,0,6,3
2026-06-18 07:00:00,municipal,825.24,23.6,52.3,0,7,3
2026-06-18 08:00:00,municipal,824.6,23.5,48.4,0,8,3
2026-06-18 09:00:00,municipal,773.11,23.2,47.2,0,9,3
2026-06-18 10:00:00,municipal,756.51,28.1,52.1,0,10,3
2026-06-18 11:00:00,municipal,647.99,28.5,40.8,0,11,3
2026-06-18 12:00:00,municipal,614.03,28.1,51.6,0,12,3
2026-06-18 13:00:00,municipal,628.84,29.0,47.0,0,13,3
2026-06-18 14:00:00,municipal,631.41,30.7,38.8,0,14,3
2026-06-18 15:00:00,municipal,651.1,31.2,41.3,0,15,3
2026-06-18 16:00:00,municipal,681.59,30.6,41.0,0,16,3
2026-06-18 17:00:00,municipal,811.32,30.1,45.7,0,17,3
2026-06-18 18:00:00,municipal,948.21,31.3,35.7,0,18,3
2026-06-18 19:00:00,municipal,1058.36,29.1,43.6,0,19,3
2026-06-18 20:00:00,municipal,1058.79,26.3,48.2,0,20,3
2026-06-18 21:00:00,municipal,992.66,25.9,44.5,0,21,3
2026-06-18 22:00:00,municipal,797.91,21.4,47.7,0,22,3
2026-06-18 23:00:00,municipal,681.0,22.1,51.8,0,23,3
2026-06-19 00:00:00,municipal,534.23,23.0,51.6,0,0,4
2026-06-19 01:00:00,municipal,488.36,19.0,59.4,0,1,4
2026-06-19 02:00:00,municipal,511.8,17.5,70.2,0,2,4
2026-06-19 03:00:00,municipal,504.47,17.6,52.9,0,3,4
2026-06-19 04:00:00,municipal,506.71,17.1,57.9,0,4,4
2026-06-19 05:00:00,municipal,577.98,18.2,60.0,0,5,4
2026-06-19 06:00:00,municipal,662.58,19.8,52.8,0,6,4
2026-06-19 07:00:00,municipal,767.44,19.4,50.7,0,7,4
2026-06-19 08:00:00,municipal,853.46,23.0,50.7,0,8,4
2026-06-19 09:00:00,municipal,849.0,25.9,52.1,0,9,4
2026-06-19 10:00:00,municipal,667.12,24.7,47.8,0,10,4
2026-06-19 11:00:00,municipal,696.1,29.8,50.3,0,11,4
2026-06-19 12:00:00,municipal,655.64,29.6,46.8,0,12,4
2026-06-19 13:00:00,municipal,629.51,31.3,37.4,0,13,4
2026-06-19 14:00:00,municipal,598.92,29.4,44.0,0,14,4
2026-06-19 15:00:00,municipal,658.15,31.8,38.2,0,15,4
2026-06-19 16:00:00,municipal,680.65,28.7,42.5,0,16,4
2026-06-19 17:00:00,municipal,835.53,31.1,45.8,0,17,4
2026-06-19 18:00:00,municipal,918.12,29.1,37.0,0,18,4
2026-06-19 19:00:00,municipal,1005.61,28.4,41.9,0,19,4
2026-06-19 20:00:00,municipal,1028.68,24.3,51.2,0,20,4
2026-06-19 21:00:00,municipal,989.43,23.2,46.2,0,21,4
2026-06-19 22:00:00,municipal,825.31,23.9,45.1,0,22,4
2026-06-19 23:00:00,municipal,715.8,20.1,52.5,0,23,4
2026-06-20 00:00:00,municipal,497.04,21.1,55.1,1,0,5
2026-06-20 01:00:00,municipal,519.95,17.4,63.8,1,1,5
2026-06-20 02:00:00,municipal,511.91,20.1,54.9,1,2,5
2026-06-20 03:00:00,municipal,567.63,16.8,61.1,1,3,5
2026-06-20 04:00:00,municipal,555.17,19.7,53.2,1,4,5
2026-06-20 05:00:00,municipal,586.93,20.4,58.9,1,5,5
2026-06-20 06:00:00,municipal,696.44,19.3,60.7,1,6,5
2026-06-20 07:00:00,municipal,831.01,22.5,61.2,1,7,5
2026-06-20 08:00:00,municipal,898.01,23.5,48.6,1,8,5
2026-06-20 09:00:00,municipal,800.82,23.8,51.6,1,9,5
2026-06-20 10:00:00,municipal,753.99,24.7,59.3,1,10,5
2026-06-20 11:00:00,municipal,612.96,24.7,43.7,1,11,5
2026-06-20 12:00:00,municipal,627.88,29.4,46.9,1,12,5
2026-06-20 13:00:00,municipal,589.95,27.5,50.1,1,13,5
2026-06-20 14:00:00,municipal,598.16,30.6,35.1,1,14,5
2026-06-20 15:00:00,municipal,672.39,30.2,38.1,1,15,5
2026-06-20 16:00:00,municipal,704.33,31.4,39.4,1,16,5
2026-06-20 17:00:00,municipal,819.74,29.4,32.9,1,17,5
2026-06-20 18:00:00,municipal,962.53,28.4,44.1,1,18,5
2026-06-20 19:00:00,municipal,1105.36,28.7,42.8,1,19,5
2026-06-20 20:00:00,municipal,1113.01,26.7,45.0,1,20,5
2026-06-20 21:00:00,municipal,1048.06,25.1,46.4,1,21,5
2026-06-20 22:00:00,municipal,858.89,23.8,54.9,1,22,5
2026-06-20 23:00:00,municipal,720.96,19.3,49.1,1,23,5
2026-06-21 00:00:00,municipal,482.57,21.6,51.4,1,0,6
2026-06-21 01:00:00,municipal,505.28,20.4,57.0,1,1,6
2026-06-21 02:00:00,municipal,446.03,17.4,56.9,1,2,6
2026-06-21 03:00:00,municipal,498.5,18.3,53.7,1,3,6
2026-06-21 04:00:00,municipal,576.55,18.9,57.3,1,4,6
2026-06-21 05:00:00,municipal,555.53,19.3,52.4,1,5,6
2026-06-21 06:00:00,municipal,682.01,21.0,58.7,1,6,6
2026-06-21 07:00:00,municipal,887.14,23.9,49.4,1,7,6
2026-06-21 08:00:00,municipal,923.41,24.8,54.4,1,8,6
2026-06-21 09:00:00,municipal,807.72,22.7,50.7,1,9,6
2026-06-21 10:00:00,municipal,787.64,27.2,40.2,1,10,6
2026-06-21 11:00:00,municipal,693.75,29.7,44.3,1,11,6
2026-06-21 12:00:00,municipal,612.66,29.5,43.4,1,12,6
2026-06-21 13:00:00,municipal,650.61,31.5,40.8,1,13,6
2026-06-21 14:00:00,municipal,693.98,33.5,41.8,1,14,6
2026-06-21 15:00:00,municipal,642.5,32.2,43.2,1,15,6
2026-06-21 16:00:00,municipal,733.29,30.9,44.3,1,16,6
2026-06-21 17:00:00,municipal,793.37,31.5,43.6,1,17,6
2026-06-21 18:00:00,municipal,971.02,29.2,40.2,1,18,6
2026-06-21 19:00:00,municipal,1065.96,27.7,46.0,1,19,6
2026-06-21 20:00:00,municipal,1100.0,25.7,41.9,1,20,6
2026-06-21 21:00:00,municipal,1037.0,27.1,45.1,1,21,6
2026-06-21 22:00:00,municipal,907.72,21.9,46.5,1,22,6
2026-06-21 23:00:00,municipal,765.89,24.0,60.6,1,23,6
2026-06-22 00:00:00,municipal,496.32,21.3,59.8,0,0,0
2026-06-22 01:00:00,municipal,520.76,17.5,57.8,0,1,0
2026-06-22 02:00:00,municipal,480.29,19.5,57.9,0,2,0
2026-06-22 03:00:00,municipal,534.5,15.6,57.9,0,3,0
2026-06-22 04:00:00,municipal,540.66,19.9,55.5,0,4,0
2026-06-22 05:00:00,municipal,561.24,20.9,59.0,0,5,0
2026-06-22 06:00:00,municipal,668.06,19.7,57.1,0,6,0
2026-06-22 07:00:00,municipal,783.38,22.0,48.8,0,7,0
2026-06-22 08:00:00,municipal,901.55,26.2,41.9,0,8,0
2026-06-22 09:00:00,municipal,796.9,24.0,48.1,0,9,0
2026-06-22 10:00:00,municipal,708.84,24.8,49.5,0,10,0
2026-06-22 11:00:00,municipal,711.38,30.0,43.3,0,11,0
2026-06-22 12:00:00,municipal,671.59,32.0,38.4,0,12,0
2026-06-22 13:00:00,municipal,599.84,30.0,39.6,0,13,0
2026-06-22 14:00:00,municipal,652.57,32.1,43.6,0,14,0
2026-06-22 15:00:00,municipal,653.23,32.8,47.2,0,15,0
2026-06-22 16:00:00,municipal,696.29,29.5,45.8,0,16,0
2026-06-22 17:00:00,municipal,729.35,29.3,39.6,0,17,0
2026-06-22 18:00:00,municipal,883.28,30.9,42.0,0,18,0
2026-06-22 19:00:00,municipal,1008.81,30.3,41.7,0,19,0
2026-06-22 20:00:00,municipal,1053.17,27.2,45.3,0,20,0
2026-06-22 21:00:00,municipal,941.61,23.5,61.4,0,21,0
2026-06-22 22:00:00,municipal,872.25,26.2,42.0,0,22,0
2026-06-22 23:00:00,municipal,654.33,21.0,50.3,0,23,0
2026-06-23 00:00:00,municipal,482.31,20.1,61.1,0,0,1
2026-06-23 01:00:00,municipal,569.34,20.2,58.3,0,1,1
2026-06-23 02:00:00,municipal,512.23,21.4,51.1,0,2,1
2026-06-23 03:00:00,municipal,469.51,20.1,47.8,0,3,1
2026-06-23 04:00:00,municipal,534.07,19.7,62.6,0,4,1
2026-06-23 05:00:00,municipal,586.57,20.4,53.3,0,5,1
2026-06-23 06:00:00,municipal,684.01,20.7,47.3,0,6,1
2026-06-23 07:00:00,municipal,828.77,22.7,53.2,0,7,1
2026-06-23 08:00:00,municipal,789.73,19.5,63.3,0,8,1
2026-06-23 09:00:00,municipal,1004.68,24.4,54.5,0,9,1
2026-06-23 10:00:00,municipal,723.27,26.8,43.1,0,10,1
2026-06-23 11:00:00,municipal,622.75,26.1,54.0,0,11,1
2026-06-23 12:00:00,municipal,662.02,29.7,49.0,0,12,1
2026-06-23 13:00:00,municipal,599.79,29.8,42.3,0,13,1
2026-06-23 14:00:00,municipal,652.84,33.3,45.9,0,14,1
2026-06-23 15:00:00,municipal,659.99,33.2,47.6,0,15,1
2026-06-23 16:00:00,municipal,676.86,30.0,39.9,0,16,1
2026-06-23 17:00:00,municipal,779.2,29.8,51.5,0,17,1
2026-06-23 18:00:00,municipal,910.42,29.0,43.5,0,18,1
2026-06-23 19:00:00,municipal,978.97,27.2,43.7,0,19,1
2026-06-23 20:00:00,municipal,1047.37,26.7,54.7,0,20,1
2026-06-23 21:00:00,municipal,978.94,23.7,45.1,0,21,1
2026-06-23 22:00:00,municipal,827.28,21.6,58.5,0,22,1
2026-06-23 23:00:00,municipal,729.05,22.8,48.7,0,23,1
2026-06-24 00:00:00,municipal,553.31,21.6,57.3,0,0,2
2026-06-24 01:00:00,municipal,483.6,18.5,50.1,0,1,2
2026-06-24 02:00:00,municipal,504.89,20.5,56.2,0,2,2
2026-06-24 03:00:00,municipal,460.56,18.0,60.6,0,3,2
2026-06-24 04:00:00,municipal,549.14,19.5,48.8,0,4,2
2026-06-24 05:00:00,municipal,530.22,21.0,56.3,0,5,2
2026-06-24 06:00:00,municipal,692.61,20.7,60.7,0,6,2
2026-06-24 07:00:00,municipal,786.64,22.6,62.2,0,7,2
2026-06-24 08:00:00,municipal,834.14,22.6,58.2,0,8,2
2026-06-24 09:00:00,municipal,810.78,24.6,52.4,0,9,2
2026-06-24 10:00:00,municipal,729.5,26.2,45.3,0,10,2
2026-06-24 11:00:00,municipal,624.01,26.8,55.2,0,11,2
2026-06-24 12:00:00,municipal,599.75,28.9,42.3,0,12,2
2026-06-24 13:00:00,municipal,597.04,27.8,43.0,0,13,2
2026-06-24 14:00:00,municipal,607.43,30.0,50.8,0,14,2
2026-06-24 15:00:00,municipal,643.99,30.5,42.9,0,15,2
2026-06-24 16:00:00,municipal,842.75,30.4,43.5,0,16,2
2026-06-24 17:00:00,municipal,787.63,29.8,39.1,0,17,2
2026-06-24 18:00:00,municipal,914.97,29.1,40.7,0,18,2
2026-06-24 19:00:00,municipal,1012.97,28.7,30.3,0,19,2
2026-06-24 20:00:00,municipal,1038.67,27.8,45.8,0,20,2
2026-06-24 21:00:00,municipal,974.55,24.0,45.9,0,21,2
2026-06-24 22:00:00,municipal,800.36,21.6,50.0,0,22,2
2026-06-24 23:00:00,municipal,688.59,20.4,63.4,0,23,2
2026-06-25 00:00:00,municipal,536.26,20.0,62.8,0,0,3
2026-06-25 01:00:00,municipal,476.59,19.3,58.9,0,1,3
2026-06-25 02:00:00,municipal,481.72,18.1,51.7,0,2,3
2026-06-25 03:00:00,municipal,502.23,17.1,57.8,0,3,3
2026-06-25 04:00:00,municipal,515.14,18.5,64.3,0,4,3
2026-06-25 05:00:00,municipal,747.91,20.1,59.1,0,5,3
2026-06-25 06:00:00,municipal,844.13,21.7,48.8,0,6,3
2026-06-25 07:00:00,municipal,764.37,21.2,53.3,0,7,3
2026-06-25 08:00:00,municipal,816.86,22.8,61.6,0,8,3
2026-06-25 09:00:00,municipal,752.54,23.6,49.0,0,9,3
2026-06-25 10:00:00,municipal,713.7,26.5,60.9,0,10,3
2026-06-25 11:00:00,municipal,643.35,26.7,48.2,0,11,3
2026-06-25 12:00:00,municipal,597.56,30.1,40.3,0,12,3
2026-06-25 13:00:00,municipal,572.74,27.5,45.3,0,13,3
2026-06-25 14:00:00,municipal,646.06,30.3,34.4,0,14,3
2026-06-25 15:00:00,municipal,641.07,31.5,34.7,0,15,3
2026-06-25 16:00:00,municipal,717.01,31.1,43.3,0,16,3
2026-06-25 17:00:00,municipal,863.71,34.3,34.1,0,17,3
2026-06-25 18:00:00,municipal,879.43,29.8,45.0,0,18,3
2026-06-25 19:00:00,municipal,987.65,26.5,48.4,0,19,3
2026-06-25 20:00:00,municipal,1073.9,26.4,43.0,0,20,3
2026-06-25 21:00:00,municipal,955.41,22.4,48.2,0,21,3
2026-06-25 22:00:00,municipal,828.48,23.3,44.4,0,22,3
2026-06-25 23:00:00,municipal,688.14,20.8,60.1,0,23,3
2026-06-26 00:00:00,municipal,537.14,22.2,52.9,0,0,4
2026-06-26 01:00:00,municipal,498.93,19.1,51.2,0,1,4
2026-06-26 02:00:00,municipal,471.34,19.1,49.6,0,2,4
2026-06-26 03:00:00,municipal,518.29,18.1,48.9,0,3,4
2026-06-26 04:00:00,municipal,544.41,21.9,50.1,0,4,4
2026-06-26 05:00:00,municipal,557.79,19.4,59.6,0,5,4
2026-06-26 06:00:00,municipal,717.12,23.6,40.9,0,6,4
2026-06-26 07:00:00,municipal,757.42,23.3,63.2,0,7,4
2026-06-26 08:00:00,municipal,842.14,24.3,56.1,0,8,4
2026-06-26 09:00:00,municipal,839.03,25.7,44.1,0,9,4
2026-06-26 10:00:00,municipal,738.21,27.2,48.8,0,10,4
2026-06-26 11:00:00,municipal,668.61,25.2,43.5,0,11,4
2026-06-26 12:00:00,municipal,624.85,28.9,47.4,0,12,4
2026-06-26 13:00:00,municipal,629.15,31.6,46.5,0,13,4
2026-06-26 14:00:00,municipal,600.12,30.8,40.5,0,14,4
2026-06-26 15:00:00,municipal,600.81,29.0,45.2,0,15,4
2026-06-26 16:00:00,municipal,674.81,30.8,37.9,0,16,4
2026-06-26 17:00:00,municipal,785.62,32.9,39.5,0,17,4
2026-06-26 18:00:00,municipal,922.08,31.2,43.2,0,18,4
2026-06-26 19:00:00,municipal,1008.24,28.0,50.6,0,19,4
2026-06-26 20:00:00,municipal,1072.89,28.1,50.3,0,20,4
2026-06-26 21:00:00,municipal,967.27,24.6,55.7,0,21,4
2026-06-26 22:00:00,municipal,810.84,21.0,48.7,0,22,4
2026-06-26 23:00:00,municipal,662.06,20.7,52.3,0,23,4
2026-06-27 00:00:00,municipal,583.29,23.3,48.7,1,0,5
2026-06-27 01:00:00,municipal,502.4,19.6,62.8,1,1,5
2026-06-27 02:00:00,municipal,519.3,19.0,53.2,1,2,5
2026-06-27 03:00:00,municipal,503.16,18.7,57.1,1,3,5
2026-06-27 04:00:00,municipal,534.54,22.2,50.7,1,4,5
2026-06-27 05:00:00,municipal,600.04,22.4,56.8,1,5,5
2026-06-27 06:00:00,municipal,752.73,24.3,41.5,1,6,5
2026-06-27 07:00:00,municipal,784.31,21.9,55.2,1,7,5
2026-06-27 08:00:00,municipal,918.42,24.1,43.2,1,8,5
2026-06-27 09:00:00,municipal,852.28,22.9,48.8,1,9,5
2026-06-27 10:00:00,municipal,790.04,28.9,49.4,1,10,5
2026-06-27 11:00:00,municipal,646.6,26.4,49.4,1,11,5
2026-06-27 12:00:00,municipal,617.56,29.7,42.6,1,12,5
2026-06-27 13:00:00,municipal,609.68,28.7,37.2,1,13,5
2026-06-27 14:00:00,municipal,655.9,30.1,51.9,1,14,5
2026-06-27 15:00:00,municipal,631.81,29.9,41.2,1,15,5
2026-06-27 16:00:00,municipal,713.58,30.1,35.0,1,16,5
2026-06-27 17:00:00,municipal,798.63,29.6,43.8,1,17,5
2026-06-27 18:00:00,municipal,947.15,28.6,45.6,1,18,5
2026-06-27 19:00:00,municipal,1145.71,29.4,39.1,1,19,5
2026-06-27 20:00:00,municipal,1090.99,25.1,51.7,1,20,5
2026-06-27 21:00:00,municipal,1027.82,25.5,48.7,1,21,5
2026-06-27 22:00:00,municipal,918.99,25.5,46.3,1,22,5
2026-06-27 23:00:00,municipal,679.35,21.4,54.7,1,23,5
2026-06-28 00:00:00,municipal,470.27,19.9,58.7,1,0,6
2026-06-28 01:00:00,municipal,465.78,19.7,54.8,1,1,6
2026-06-28 02:00:00,municipal,501.08,21.2,56.9,1,2,6
2026-06-28 03:00:00,municipal,503.55,19.5,49.1,1,3,6
2026-06-28 04:00:00,municipal,496.48,18.7,51.1,1,4,6
2026-06-28 05:00:00,municipal,567.58,20.8,55.3,1,5,6
2026-06-28 06:00:00,municipal,696.3,19.4,55.7,1,6,6
2026-06-28 07:00:00,municipal,805.94,23.3,52.0,1,7,6
2026-06-28 08:00:00,municipal,904.62,24.3,61.9,1,8,6
2026-06-28 09:00:00,municipal,852.73,24.8,52.0,1,9,6
2026-06-28 10:00:00,municipal,759.73,25.6,49.8,1,10,6
2026-06-28 11:00:00,municipal,691.77,26.9,46.8,1,11,6
2026-06-28 12:00:00,municipal,642.94,30.3,42.0,1,12,6
2026-06-28 13:00:00,municipal,659.74,32.3,40.0,1,13,6
2026-06-28 14:00:00,municipal,613.46,30.1,44.0,1,14,6
2026-06-28 15:00:00,municipal,625.09,31.9,42.8,1,15,6
2026-06-28 16:00:00,municipal,672.72,27.9,47.5,1,16,6
2026-06-28 17:00:00,municipal,783.41,29.6,46.8,1,17,6
2026-06-28 18:00:00,municipal,945.15,29.5,45.8,1,18,6
2026-06-28 19:00:00,municipal,1051.97,26.9,49.7,1,19,6
2026-06-28 20:00:00,municipal,1098.99,25.4,44.9,1,20,6
2026-06-28 21:00:00,municipal,1009.86,24.3,49.9,1,21,6
2026-06-28 22:00:00,municipal,913.37,24.1,45.8,1,22,6
2026-06-28 23:00:00,municipal,730.33,22.0,59.7,1,23,6
2026-06-29 00:00:00,municipal,520.48,17.7,57.8,0,0,0
2026-06-29 01:00:00,municipal,537.35,17.0,59.3,0,1,0
2026-06-29 02:00:00,municipal,527.87,18.6,59.2,0,2,0
2026-06-29 03:00:00,municipal,467.15,20.0,52.7,0,3,0
2026-06-29 04:00:00,municipal,529.9,15.4,65.8,0,4,0
2026-06-29 05:00:00,municipal,534.8,19.4,57.7,0,5,0
2026-06-29 06:00:00,municipal,672.07,20.3,56.9,0,6,0
2026-06-29 07:00:00,municipal,805.12,24.4,47.4,0,7,0
2026-06-29 08:00:00,municipal,829.37,23.2,44.3,0,8,0
2026-06-29 09:00:00,municipal,831.9,25.9,45.4,0,9,0
2026-06-29 10:00:00,municipal,739.77,27.1,46.0,0,10,0
2026-06-29 11:00:00,municipal,644.34,25.1,52.8,0,11,0
2026-06-29 12:00:00,municipal,606.69,30.7,44.5,0,12,0
2026-06-29 13:00:00,municipal,598.92,30.9,44.7,0,13,0
2026-06-29 14:00:00,municipal,642.17,31.9,54.2,0,14,0
2026-06-29 15:00:00,municipal,692.81,37.2,44.2,0,15,0
2026-06-29 16:00:00,municipal,680.05,28.0,37.3,0,16,0
2026-06-29 17:00:00,municipal,809.17,33.1,44.7,0,17,0
2026-06-29 18:00:00,municipal,942.62,29.1,45.7,0,18,0
2026-06-29 19:00:00,municipal,1011.0,28.8,38.7,0,19,0
2026-06-29 20:00:00,municipal,1073.6,26.8,51.9,0,20,0
2026-06-29 21:00:00,municipal,963.15,24.7,55.3,0,21,0
2026-06-29 22:00:00,municipal,817.1,22.9,49.7,0,22,0
2026-06-29 23:00:00,municipal,698.39,22.8,49.9,0,23,0
2026-06-30 00:00:00,municipal,498.93,18.9,47.2,0,0,1
2026-06-30 01:00:00,municipal,501.08,21.3,48.4,0,1,1
2026-06-30 02:00:00,municipal,485.22,19.0,59.7,0,2,1
2026-06-30 03:00:00,municipal,454.01,17.7,66.5,0,3,1
2026-06-30 04:00:00,municipal,544.51,18.9,62.1,0,4,1
2026-06-30 05:00:00,municipal,589.97,22.1,54.5,0,5,1
2026-06-30 06:00:00,municipal,654.27,20.4,54.0,0,6,1
2026-06-30 07:00:00,municipal,763.59,22.9,54.3,0,7,1
2026-06-30 08:00:00,municipal,822.94,22.8,56.6,0,8,1
2026-06-30 09:00:00,municipal,817.02,26.5,45.8,0,9,1
2026-06-30 10:00:00,municipal,761.51,28.0,45.0,0,10,1
2026-06-30 11:00:00,municipal,707.38,31.2,47.4,0,11,1
2026-06-30 12:00:00,municipal,597.59,29.4,44.0,0,12,1
2026-06-30 13:00:00,municipal,620.75,31.6,36.6,0,13,1
2026-06-30 14:00:00,municipal,627.24,31.4,34.7,0,14,1
2026-06-30 15:00:00,municipal,690.38,33.4,33.1,0,15,1
2026-06-30 16:00:00,municipal,675.71,30.1,45.8,0,16,1
2026-06-30 17:00:00,municipal,843.58,31.7,35.1,0,17,1
2026-06-30 18:00:00,municipal,910.66,29.4,46.9,0,18,1
2026-06-30 19:00:00,municipal,969.37,28.3,53.6,0,19,1
2026-06-30 20:00:00,municipal,1027.42,27.1,43.9,0,20,1
2026-06-30 21:00:00,municipal,1019.13,25.8,45.2,0,21,1
2026-06-30 22:00:00,municipal,826.54,23.7,63.7,0,22,1
2026-06-30 23:00:00,municipal,696.65,22.7,44.8,0,23,1
2026-07-01 00:00:00,municipal,540.59,23.6,45.1,0,0,2
2026-07-01 01:00:00,municipal,521.11,21.8,54.6,0,1,2
2026-07-01 02:00:00,municipal,487.72,21.0,60.1,0,2,2
2026-07-01 03:00:00,municipal,494.8,18.8,59.7,0,3,2
2026-07-01 04:00:00,municipal,553.81,18.4,56.4,0,4,2
2026-07-01 05:00:00,municipal,561.22,21.7,57.8,0,5,2
2026-07-01 06:00:00,municipal,658.91,22.6,63.1,0,6,2
2026-07-01 07:00:00,municipal,816.06,24.7,51.2,0,7,2
2026-07-01 08:00:00,municipal,854.85,23.0,51.3,0,8,2
2026-07-01 09:00:00,municipal,813.59,25.1,48.7,0,9,2
2026-07-01 10:00:00,municipal,693.22,24.6,41.0,0,10,2
2026-07-01 11:00:00,municipal,627.98,27.9,52.5,0,11,2
2026-07-01 12:00:00,municipal,636.85,31.2,46.1,0,12,2
2026-07-01 13:00:00,municipal,616.2,30.0,34.4,0,13,2
2026-07-01 14:00:00,municipal,634.47,32.2,34.7,0,14,2
2026-07-01 15:00:00,municipal,648.38,31.2,42.6,0,15,2
2026-07-01 16:00:00,municipal,730.32,31.8,45.4,0,16,2
2026-07-01 17:00:00,municipal,801.73,29.0,48.2,0,17,2
2026-07-01 18:00:00,municipal,947.36,29.9,45.0,0,18,2
2026-07-01 19:00:00,municipal,1001.64,24.0,47.7,0,19,2
2026-07-01 20:00:00,municipal,1026.96,26.8,51.9,0,20,2
2026-07-01 21:00:00,municipal,938.87,23.0,45.6,0,21,2
2026-07-01 22:00:00,municipal,880.75,25.7,52.0,0,22,2
2026-07-01 23:00:00,municipal,714.72,23.7,60.1,0,23,2
2026-07-02 00:00:00,municipal,504.48,22.0,53.7,0,0,3
2026-07-02 01:00:00,municipal,504.92,22.7,60.1,0,1,3
2026-07-02 02:00:00,municipal,512.77,18.3,66.1,0,2,3
2026-07-02 03:00:00,municipal,537.79,22.2,53.9,0,3,3
2026-07-02 04:00:00,municipal,510.39,21.2,50.0,0,4,3
2026-07-02 05:00:00,municipal,554.85,20.0,49.2,0,5,3
2026-07-02 06:00:00,municipal,707.72,23.0,47.8,0,6,3
2026-07-02 07:00:00,municipal,770.36,20.9,53.8,0,7,3
2026-07-02 08:00:00,municipal,837.24,22.8,51.6,0,8,3
2026-07-02 09:00:00,municipal,767.69,24.7,53.8,0,9,3
2026-07-02 10:00:00,municipal,729.96,26.3,52.0,0,10,3
2026-07-02 11:00:00,municipal,651.66,27.0,56.7,0,11,3
2026-07-02 12:00:00,municipal,653.01,31.6,48.5,0,12,3
2026-07-02 13:00:00,municipal,605.63,30.4,40.7,0,13,3
2026-07-02 14:00:00,municipal,646.87,31.9,36.5,0,14,3
2026-07-02 15:00:00,municipal,633.04,30.7,48.1,0,15,3
2026-07-02 16:00:00,municipal,673.07,28.6,43.0,0,16,3
2026-07-02 17:00:00,municipal,769.1,31.2,45.2,0,17,3
2026-07-02 18:00:00,municipal,896.72,26.9,50.9,0,18,3
2026-07-02 19:00:00,municipal,1006.58,28.5,49.6,0,19,3
2026-07-02 20:00:00,municipal,1023.53,25.1,50.8,0,20,3
2026-07-02 21:00:00,municipal,1014.57,28.5,42.6,0,21,3
2026-07-02 22:00:00,municipal,871.01,25.4,50.5,0,22,3
2026-07-02 23:00:00,municipal,717.55,22.7,59.0,0,23,3
2026-07-03 00:00:00,municipal,512.42,23.3,47.0,0,0,4
2026-07-03 01:00:00,municipal,474.6,19.2,51.2,0,1,4
2026-07-03 02:00:00,municipal,505.43,20.7,55.9,0,2,4
2026-07-03 03:00:00,municipal,501.99,19.9,56.5,0,3,4
2026-07-03 04:00:00,municipal,497.66,20.2,49.1,0,4,4
2026-07-03 05:00:00,municipal,571.55,22.4,56.9,0,5,4
2026-07-03 06:00:00,municipal,705.81,22.5,48.5,0,6,4
2026-07-03 07:00:00,municipal,804.76,23.1,52.9,0,7,4
2026-07-03 08:00:00,municipal,841.61,21.6,56.2,0,8,4
2026-07-03 09:00:00,municipal,803.34,24.2,48.1,0,9,4
2026-07-03 10:00:00,municipal,779.21,27.0,35.7,0,10,4
2026-07-03 11:00:00,municipal,680.54,28.8,39.3,0,11,4
2026-07-03 12:00:00,municipal,611.53,28.2,43.1,0,12,4
2026-07-03 13:00:00,municipal,684.28,34.5,29.0,0,13,4
2026-07-03 14:00:00,municipal,697.07,33.7,32.1,0,14,4
2026-07-03 15:00:00,municipal,706.53,32.5,39.8,0,15,4
2026-07-03 16:00:00,municipal,727.86,31.5,47.4,0,16,4
2026-07-03 17:00:00,municipal,789.73,30.5,44.3,0,17,4
2026-07-03 18:00:00,municipal,906.33,28.5,42.8,0,18,4
2026-07-03 19:00:00,municipal,988.98,28.8,38.8,0,19,4
2026-07-03 20:00:00,municipal,1057.87,27.6,43.7,0,20,4
2026-07-03 21:00:00,municipal,906.68,23.8,60.9,0,21,4
2026-07-03 22:00:00,municipal,870.06,24.6,49.9,0,22,4
2026-07-03 23:00:00,municipal,716.81,22.4,59.6,0,23,4
2026-07-04 00:00:00,municipal,528.09,18.6,64.1,1,0,5
2026-07-04 01:00:00,municipal,514.02,19.2,48.3,1,1,5
2026-07-04 02:00:00,municipal,483.33,19.3,55.3,1,2,5
2026-07-04 03:00:00,municipal,546.94,22.6,47.1,1,3,5
2026-07-04 04:00:00,municipal,536.68,20.8,56.6,1,4,5
2026-07-04 05:00:00,municipal,568.53,18.5,52.7,1,5,5
2026-07-04 06:00:00,municipal,696.78,22.2,53.3,1,6,5
2026-07-04 07:00:00,municipal,791.68,20.4,60.7,1,7,5
2026-07-04 08:00:00,municipal,911.38,25.8,43.6,1,8,5
2026-07-04 09:00:00,municipal,843.23,25.0,43.4,1,9,5
2026-07-04 10:00:00,municipal,784.7,27.1,53.7,1,10,5
2026-07-04 11:00:00,municipal,657.4,30.7,46.0,1,11,5
2026-07-04 12:00:00,municipal,652.86,28.0,40.2,1,12,5
2026-07-04 13:00:00,municipal,627.61,28.8,46.1,1,13,5
2026-07-04 14:00:00,municipal,624.74,30.6,44.4,1,14,5
2026-07-04 15:00:00,municipal,677.14,33.3,28.1,1,15,5
2026-07-04 16:00:00,municipal,676.45,29.2,47.9,1,16,5
2026-07-04 17:00:00,municipal,795.29,26.7,43.4,1,17,5
2026-07-04 18:00:00,municipal,971.77,29.3,40.6,1,18,5
2026-07-04 19:00:00,municipal,1084.03,29.5,37.0,1,19,5
2026-07-04 20:00:00,municipal,1192.99,29.1,43.4,1,20,5
2026-07-04 21:00:00,municipal,1070.63,25.0,46.4,1,21,5
2026-07-04 22:00:00,municipal,882.54,23.6,49.0,1,22,5
2026-07-04 23:00:00,municipal,769.95,24.5,46.2,1,23,5
2026-07-05 00:00:00,municipal,510.82,18.8,62.6,1,0,6
2026-07-05 01:00:00,municipal,476.81,20.0,52.4,1,1,6
2026-07-05 02:00:00,municipal,482.72,20.3,61.9,1,2,6
2026-07-05 03:00:00,municipal,479.8,20.5,54.6,1,3,6
2026-07-05 04:00:00,municipal,506.99,19.2,61.1,1,4,6
2026-07-05 05:00:00,municipal,571.48,20.7,52.6,1,5,6
2026-07-05 06:00:00,municipal,713.54,17.8,54.7,1,6,6
2026-07-05 07:00:00,municipal,816.58,21.8,49.4,1,7,6
2026-07-05 08:00:00,municipal,928.58,24.9,46.2,1,8,6
2026-07-05 09:00:00,municipal,837.44,24.3,53.0,1,9,6
2026-07-05 10:00:00,municipal,766.06,27.4,42.4,1,10,6
2026-07-05 11:00:00,municipal,723.2,29.5,43.9,1,11,6
2026-07-05 12:00:00,municipal,632.66,29.5,39.7,1,12,6
2026-07-05 13:00:00,municipal,629.8,31.3,30.7,1,13,6
2026-07-05 14:00:00,municipal,599.52,30.2,42.9,1,14,6
2026-07-05 15:00:00,municipal,636.28,31.5,46.7,1,15,6
2026-07-05 16:00:00,municipal,753.68,32.5,49.8,1,16,6
2026-07-05 17:00:00,municipal,838.51,31.2,34.0,1,17,6
2026-07-05 18:00:00,municipal,936.91,29.2,48.4,1,18,6
2026-07-05 19:00:00,municipal,1139.45,29.1,39.5,1,19,6
2026-07-05 20:00:00,municipal,1164.38,28.4,47.6,1,20,6
2026-07-05 21:00:00,municipal,1001.73,22.7,47.4,1,21,6
2026-07-05 22:00:00,municipal,950.71,26.0,46.1,1,22,6
2026-07-05 23:00:00,municipal,718.62,22.3,47.4,1,23,6
2026-07-06 00:00:00,municipal,537.87,22.3,47.9,0,0,0
2026-07-06 01:00:00,municipal,515.12,22.5,40.8,0,1,0
2026-07-06 02:00:00,municipal,516.18,18.0,50.4,0,2,0
2026-07-06 03:00:00,municipal,487.01,18.8,55.1,0,3,0
2026-07-06 04:00:00,municipal,548.39,19.6,59.2,0,4,0
2026-07-06 05:00:00,municipal,552.53,19.5,59.4,0,5,0
2026-07-06 06:00:00,municipal,714.8,24.2,54.5,0,6,0
2026-07-06 07:00:00,municipal,768.03,21.6,53.5,0,7,0
2026-07-06 08:00:00,municipal,858.15,23.5,41.0,0,8,0
2026-07-06 09:00:00,municipal,877.31,26.2,39.1,0,9,0
2026-07-06 10:00:00,municipal,733.98,25.6,42.3,0,10,0
2026-07-06 11:00:00,municipal,708.16,28.3,43.5,0,11,0
2026-07-06 12:00:00,municipal,639.42,30.6,39.0,0,12,0
2026-07-06 13:00:00,municipal,629.23,30.6,52.9,0,13,0
2026-07-06 14:00:00,municipal,661.4,31.5,41.7,0,14,0
2026-07-06 15:00:00,municipal,669.39,31.1,44.4,0,15,0
2026-07-06 16:00:00,municipal,697.77,29.4,43.2,0,16,0
2026-07-06 17:00:00,municipal,790.8,31.6,48.6,0,17,0
2026-07-06 18:00:00,municipal,954.18,32.8,46.5,0,18,0
2026-07-06 19:00:00,municipal,1020.15,28.9,42.2,0,19,0
2026-07-06 20:00:00,municipal,1098.87,27.8,46.0,0,20,0
2026-07-06 21:00:00,municipal,1017.95,26.9,44.5,0,21,0
2026-07-06 22:00:00,municipal,843.2,22.4,47.1,0,22,0
2026-07-06 23:00:00,municipal,736.33,25.4,44.5,0,23,0
2026-07-07 00:00:00,municipal,511.78,22.0,50.2,0,0,1
2026-07-07 01:00:00,municipal,539.07,23.2,53.6,0,1,1
2026-07-07 02:00:00,municipal,493.31,19.1,46.9,0,2,1
2026-07-07 03:00:00,municipal,521.58,22.7,49.1,0,3,1
2026-07-07 04:00:00,municipal,563.2,21.3,46.9,0,4,1
2026-07-07 05:00:00,municipal,570.62,21.6,54.0,0,5,1
2026-07-07 06:00:00,municipal,702.55,22.1,45.1,0,6,1
2026-07-07 07:00:00,municipal,777.67,22.6,55.8,0,7,1
2026-07-07 08:00:00,municipal,884.14,26.2,43.4,0,8,1
2026-07-07 09:00:00,municipal,806.3,26.2,53.5,0,9,1
2026-07-07 10:00:00,municipal,713.29,24.6,44.1,0,10,1
2026-07-07 11:00:00,municipal,682.17,27.3,40.3,0,11,1
2026-07-07 12:00:00,municipal,643.11,29.9,46.4,0,12,1
2026-07-07 13:00:00,municipal,647.86,31.6,37.3,0,13,1
2026-07-07 14:00:00,municipal,629.77,31.7,45.7,0,14,1
2026-07-07 15:00:00,municipal,673.92,33.8,42.2,0,15,1
2026-07-07 16:00:00,municipal,688.01,28.8,41.2,0,16,1
2026-07-07 17:00:00,municipal,797.24,31.4,47.1,0,17,1
2026-07-07 18:00:00,municipal,859.37,27.5,54.2,0,18,1
2026-07-07 19:00:00,municipal,1061.36,30.1,49.6,0,19,1
2026-07-07 20:00:00,municipal,1036.52,27.4,40.3,0,20,1
2026-07-07 21:00:00,municipal,1017.08,26.6,49.9,0,21,1
2026-07-07 22:00:00,municipal,816.38,23.1,55.4,0,22,1
2026-07-07 23:00:00,municipal,717.73,24.9,50.2,0,23,1
2026-07-08 00:00:00,municipal,532.09,23.4,56.2,0,0,2
2026-07-08 01:00:00,municipal,546.73,21.7,53.9,0,1,2
2026-07-08 02:00:00,municipal,492.43,20.0,55.6,0,2,2
2026-07-08 03:00:00,municipal,474.58,20.9,54.2,0,3,2
2026-07-08 04:00:00,municipal,518.05,19.2,53.3,0,4,2
2026-07-08 05:00:00,municipal,602.23,22.1,57.6,0,5,2
2026-07-08 06:00:00,municipal,730.34,24.3,58.5,0,6,2
2026-07-08 07:00:00,municipal,788.73,24.6,51.0,0,7,2
2026-07-08 08:00:00,municipal,912.17,23.4,54.0,0,8,2
2026-07-08 09:00:00,municipal,829.78,26.6,54.7,0,9,2
2026-07-08 10:00:00,municipal,701.58,25.6,46.3,0,10,2
2026-07-08 11:00:00,municipal,830.28,29.9,46.6,0,11,2
2026-07-08 12:00:00,municipal,589.13,31.0,40.6,0,12,2
2026-07-08 13:00:00,municipal,621.99,28.4,43.5,0,13,2
2026-07-08 14:00:00,municipal,636.34,30.1,42.0,0,14,2
2026-07-08 15:00:00,municipal,630.42,31.6,37.8,0,15,2
2026-07-08 16:00:00,municipal,725.68,31.4,39.3,0,16,2
2026-07-08 17:00:00,municipal,774.65,29.4,49.1,0,17,2
2026-07-08 18:00:00,municipal,913.75,30.9,48.5,0,18,2
2026-07-08 19:00:00,municipal,1061.31,29.4,48.2,0,19,2
2026-07-08 20:00:00,municipal,1065.09,27.3,46.4,0,20,2
2026-07-08 21:00:00,municipal,991.18,24.9,47.7,0,21,2
2026-07-08 22:00:00,municipal,855.05,26.1,46.7,0,22,2
2026-07-08 23:00:00,municipal,765.09,25.5,44.0,0,23,2
2026-07-09 00:00:00,municipal,519.94,21.1,59.6,0,0,3
2026-07-09 01:00:00,municipal,496.5,20.0,56.3,0,1,3
2026-07-09 02:00:00,municipal,517.96,21.1,54.5,0,2,3
2026-07-09 03:00:00,municipal,487.77,19.6,48.1,0,3,3
2026-07-09 04:00:00,municipal,518.04,20.1,47.3,0,4,3
2026-07-09 05:00:00,municipal,568.23,22.0,48.2,0,5,3
2026-07-09 06:00:00,municipal,665.2,19.0,55.7,0,6,3
2026-07-09 07:00:00,municipal,794.08,25.1,48.2,0,7,3
2026-07-09 08:00:00,municipal,853.79,24.7,53.1,0,8,3
2026-07-09 09:00:00,municipal,825.64,25.5,48.3,0,9,3
2026-07-09 10:00:00,municipal,740.23,27.5,43.5,0,10,3
2026-07-09 11:00:00,municipal,668.96,29.1,42.2,0,11,3
2026-07-09 12:00:00,municipal,615.59,27.8,46.3,0,12,3
2026-07-09 13:00:00,municipal,644.47,33.5,46.8,0,13,3
2026-07-09 14:00:00,municipal,681.81,32.0,41.9,0,14,3
2026-07-09 15:00:00,municipal,675.72,32.8,40.0,0,15,3
2026-07-09 16:00:00,municipal,766.73,33.3,35.2,0,16,3
2026-07-09 17:00:00,municipal,786.77,29.8,47.1,0,17,3
2026-07-09 18:00:00,municipal,931.86,31.1,48.4,0,18,3
2026-07-09 19:00:00,municipal,1017.11,28.7,42.8,0,19,3
2026-07-09 20:00:00,municipal,1062.9,28.9,42.4,0,20,3
2026-07-09 21:00:00,municipal,963.93,22.9,44.4,0,21,3
2026-07-09 22:00:00,municipal,840.24,24.4,45.0,0,22,3
2026-07-09 23:00:00,municipal,715.5,22.2,57.2,0,23,3
2026-07-10 00:00:00,municipal,568.75,22.6,54.4,0,0,4
2026-07-10 01:00:00,municipal,504.99,21.7,51.7,0,1,4
2026-07-10 02:00:00,municipal,473.83,19.3,51.5,0,2,4
2026-07-10 03:00:00,municipal,493.37,19.1,54.8,0,3,4
2026-07-10 04:00:00,municipal,494.42,20.2,57.9,0,4,4
2026-07-10 05:00:00,municipal,577.91,19.6,58.2,0,5,4
2026-07-10 06:00:00,municipal,678.88,23.2,52.7,0,6,4
2026-07-10 07:00:00,municipal,816.51,22.6,54.6,0,7,4
2026-07-10 08:00:00,municipal,773.38,20.3,51.3,0,8,4
2026-07-10 09:00:00,municipal,786.33,25.6,42.1,0,9,4
2026-07-10 10:00:00,municipal,741.59,26.2,48.0,0,10,4
2026-07-10 11:00:00,municipal,633.64,26.7,45.7,0,11,4
2026-07-10 12:00:00,municipal,608.44,28.6,44.8,0,12,4
2026-07-10 13:00:00,municipal,596.49,31.5,39.9,0,13,4
2026-07-10 14:00:00,municipal,641.43,34.0,32.8,0,14,4
2026-07-10 15:00:00,municipal,665.42,32.7,46.6,0,15,4
2026-07-10 16:00:00,municipal,736.19,31.1,32.0,0,16,4
2026-07-10 17:00:00,municipal,821.61,32.1,40.6,0,17,4
2026-07-10 18:00:00,municipal,921.83,29.7,41.8,0,18,4
2026-07-10 19:00:00,municipal,1069.15,28.1,48.6,0,19,4
2026-07-10 20:00:00,municipal,1050.47,26.0,46.4,0,20,4
2026-07-10 21:00:00,municipal,954.99,23.6,49.8,0,21,4
2026-07-10 22:00:00,municipal,881.5,24.1,43.1,0,22,4
2026-07-10 23:00:00,municipal,720.85,23.4,45.4,0,23,4
2026-07-11 00:00:00,municipal,510.73,21.9,55.8,1,0,5
2026-07-11 01:00:00,municipal,522.11,20.4,53.5,1,1,5
2026-07-11 02:00:00,municipal,483.51,19.1,55.3,1,2,5
2026-07-11 03:00:00,municipal,507.44,21.2,58.7,1,3,5
2026-07-11 04:00:00,municipal,526.11,18.5,55.0,1,4,5
2026-07-11 05:00:00,municipal,555.47,22.2,53.7,1,5,5
2026-07-11 06:00:00,municipal,702.39,20.5,65.9,1,6,5
2026-07-11 07:00:00,municipal,825.41,22.1,47.0,1,7,5
2026-07-11 08:00:00,municipal,861.87,22.5,53.4,1,8,5
2026-07-11 09:00:00,municipal,828.75,25.5,52.9,1,9,5
2026-07-11 10:00:00,municipal,781.15,29.3,42.2,1,10,5
2026-07-11 11:00:00,municipal,686.07,30.0,40.5,1,11,5
2026-07-11 12:00:00,municipal,667.96,32.0,41.9,1,12,5
2026-07-11 13:00:00,municipal,685.85,32.2,44.9,1,13,5
2026-07-11 14:00:00,municipal,600.15,30.4,43.3,1,14,5
2026-07-11 15:00:00,municipal,637.75,31.8,37.3,1,15,5
2026-07-11 16:00:00,municipal,753.96,30.9,44.5,1,16,5
2026-07-11 17:00:00,municipal,825.45,33.5,36.9,1,17,5
2026-07-11 18:00:00,municipal,952.99,28.7,46.9,1,18,5
2026-07-11 19:00:00,municipal,1128.21,30.6,41.1,1,19,5
2026-07-11 20:00:00,municipal,1152.56,29.2,32.7,1,20,5
2026-07-11 21:00:00,municipal,1103.53,29.0,43.1,1,21,5
2026-07-11 22:00:00,municipal,887.31,24.1,51.0,1,22,5
2026-07-11 23:00:00,municipal,779.34,24.3,49.8,1,23,5
2026-07-12 00:00:00,municipal,565.74,25.5,59.3,1,0,6
2026-07-12 01:00:00,municipal,539.63,20.2,51.8,1,1,6
2026-07-12 02:00:00,municipal,504.8,18.2,56.5,1,2,6
2026-07-12 03:00:00,municipal,460.46,17.5,57.8,1,3,6
2026-07-12 04:00:00,municipal,552.16,21.6,48.9,1,4,6
2026-07-12 05:00:00,municipal,598.53,18.3,59.0,1,5,6
2026-07-12 06:00:00,municipal,719.74,21.5,58.1,1,6,6
2026-07-12 07:00:00,municipal,833.64,24.0,52.2,1,7,6
2026-07-12 08:00:00,municipal,880.6,25.1,48.9,1,8,6
2026-07-12 09:00:00,municipal,887.41,27.0,43.5,1,9,6
2026-07-12 10:00:00,municipal,760.3,28.2,45.6,1,10,6
2026-07-12 11:00:00,municipal,750.14,31.3,38.5,1,11,6
2026-07-12 12:00:00,municipal,645.55,29.2,46.9,1,12,6
2026-07-12 13:00:00,municipal,622.22,30.5,41.7,1,13,6
2026-07-12 14:00:00,municipal,645.94,31.0,49.5,1,14,6
2026-07-12 15:00:00,municipal,701.39,33.6,40.5,1,15,6
2026-07-12 16:00:00,municipal,737.98,33.5,44.3,1,16,6
2026-07-12 17:00:00,municipal,848.05,32.2,42.4,1,17,6
2026-07-12 18:00:00,municipal,988.38,32.4,44.6,1,18,6
2026-07-12 19:00:00,municipal,1100.51,27.6,55.7,1,19,6
2026-07-12 20:00:00,municipal,1161.68,30.4,41.9,1,20,6
2026-07-12 21:00:00,municipal,1090.0,28.6,49.7,1,21,6
2026-07-12 22:00:00,municipal,915.09,25.9,57.4,1,22,6
2026-07-12 23:00:00,municipal,745.63,26.0,43.4,1,23,6
2026-07-13 00:00:00,municipal,491.8,19.7,53.4,0,0,0
2026-07-13 01:00:00,municipal,507.42,20.4,57.7,0,1,0
2026-07-13 02:00:00,municipal,463.74,19.5,52.1,0,2,0
2026-07-13 03:00:00,municipal,515.87,21.5,49.8,0,3,0
2026-07-13 04:00:00,municipal,506.27,19.1,59.0,0,4,0
2026-07-13 05:00:00,municipal,570.57,22.4,52.1,0,5,0
2026-07-13 06:00:00,municipal,729.7,24.2,57.0,0,6,0
2026-07-13 07:00:00,municipal,814.69,24.5,53.2,0,7,0
2026-07-13 08:00:00,municipal,881.85,25.3,44.6,0,8,0
2026-07-13 09:00:00,municipal,802.16,24.9,44.4,0,9,0
2026-07-13 10:00:00,municipal,707.52,26.7,41.9,0,10,0
2026-07-13 11:00:00,municipal,715.53,31.3,45.0,0,11,0
2026-07-13 12:00:00,municipal,618.33,31.8,43.0,0,12,0
2026-07-13 13:00:00,municipal,619.83,31.6,42.2,0,13,0
2026-07-13 14:00:00,municipal,624.12,31.6,46.0,0,14,0
2026-07-13 15:00:00,municipal,622.76,29.4,48.8,0,15,0
2026-07-13 16:00:00,municipal,701.11,30.6,39.3,0,16,0
2026-07-13 17:00:00,municipal,826.09,34.5,36.6,0,17,0
2026-07-13 18:00:00,municipal,909.82,28.7,46.5,0,18,0
2026-07-13 19:00:00,municipal,1041.13,29.7,45.8,0,19,0
2026-07-13 20:00:00,municipal,1053.76,29.5,54.6,0,20,0
2026-07-13 21:00:00,municipal,991.81,24.5,47.8,0,21,0
2026-07-13 22:00:00,municipal,833.36,25.1,53.1,0,22,0
2026-07-13 23:00:00,municipal,743.5,24.8,49.8,0,23,0
2026-07-14 00:00:00,municipal,496.74,22.3,51.5,0,0,1
2026-07-14 01:00:00,municipal,530.36,25.6,53.9,0,1,1
2026-07-14 02:00:00,municipal,509.81,18.2,58.4,0,2,1
2026-07-14 03:00:00,municipal,500.43,22.1,56.5,0,3,1
2026-07-14 04:00:00,municipal,547.57,20.4,48.5,0,4,1
2026-07-14 05:00:00,municipal,596.53,22.5,46.2,0,5,1
2026-07-14 06:00:00,municipal,688.52,22.9,56.3,0,6,1
2026-07-14 07:00:00,municipal,780.73,22.4,58.6,0,7,1
2026-07-14 08:00:00,municipal,868.41,25.3,43.2,0,8,1
2026-07-14 09:00:00,municipal,813.14,23.7,42.6,0,9,1
2026-07-14 10:00:00,municipal,764.96,29.0,51.0,0,10,1
2026-07-14 11:00:00,municipal,702.62,29.9,43.4,0,11,1
2026-07-14 12:00:00,municipal,610.84,31.7,45.4,0,12,1
2026-07-14 13:00:00,municipal,623.98,33.3,42.0,0,13,1
2026-07-14 14:00:00,municipal,711.72,32.8,43.0,0,14,1
2026-07-14 15:00:00,municipal,711.76,32.7,34.9,0,15,1
2026-07-14 16:00:00,municipal,695.64,31.0,45.1,0,16,1
2026-07-14 17:00:00,municipal,817.07,30.6,43.4,0,17,1
2026-07-14 18:00:00,municipal,957.37,32.5,40.2,0,18,1
2026-07-14 19:00:00,municipal,1071.03,31.7,42.9,0,19,1
2026-07-14 20:00:00,municipal,1063.69,27.7,47.3,0,20,1
2026-07-14 21:00:00,municipal,1025.01,26.6,46.4,0,21,1
2026-07-14 22:00:00,municipal,832.23,23.6,50.0,0,22,1
2026-07-14 23:00:00,municipal,711.38,25.3,48.4,0,23,1
2026-07-15 00:00:00,municipal,548.58,23.3,44.4,0,0,2
2026-07-15 01:00:00,municipal,550.57,24.3,53.0,0,1,2
2026-07-15 02:00:00,municipal,475.36,19.5,58.0,0,2,2
2026-07-15 03:00:00,municipal,518.18,20.0,58.1,0,3,2
2026-07-15 04:00:00,municipal,523.89,21.1,52.3,0,4,2
2026-07-15 05:00:00,municipal,577.44,22.4,59.1,0,5,2
2026-07-15 06:00:00,municipal,648.61,22.0,44.6,0,6,2
2026-07-15 07:00:00,municipal,781.82,22.3,53.7,0,7,2
2026-07-15 08:00:00,municipal,884.04,26.3,50.0,0,8,2
2026-07-15 09:00:00,municipal,854.97,27.7,49.7,0,9,2
2026-07-15 10:00:00,municipal,736.55,26.8,57.8,0,10,2
2026-07-15 11:00:00,municipal,689.3,31.6,41.1,0,11,2
2026-07-15 12:00:00,municipal,664.85,32.6,40.1,0,12,2
2026-07-15 13:00:00,municipal,666.2,32.0,42.3,0,13,2
2026-07-15 14:00:00,municipal,669.02,32.5,35.6,0,14,2
2026-07-15 15:00:00,municipal,676.23,33.4,36.7,0,15,2
2026-07-15 16:00:00,municipal,745.16,31.1,36.8,0,16,2
2026-07-15 17:00:00,municipal,805.7,31.8,36.2,0,17,2
2026-07-15 18:00:00,municipal,1119.2,27.6,46.2,0,18,2
2026-07-15 19:00:00,municipal,1050.02,30.9,46.4,0,19,2
2026-07-15 20:00:00,municipal,1045.2,25.8,53.7,0,20,2
2026-07-15 21:00:00,municipal,1034.85,28.8,42.2,0,21,2
2026-07-15 22:00:00,municipal,811.21,24.5,58.4,0,22,2
2026-07-15 23:00:00,municipal,720.58,23.3,55.3,0,23,2
2026-07-16 00:00:00,municipal,477.91,21.5,50.2,0,0,3
2026-07-16 01:00:00,municipal,506.77,21.0,60.2,0,1,3
2026-07-16 02:00:00,municipal,545.38,23.0,54.0,0,2,3
2026-07-16 03:00:00,municipal,536.54,16.9,58.9,0,3,3
2026-07-16 04:00:00,municipal,516.77,22.8,45.8,0,4,3
2026-07-16 05:00:00,municipal,579.43,22.0,56.2,0,5,3
2026-07-16 06:00:00,municipal,666.06,20.6,57.7,0,6,3
2026-07-16 07:00:00,municipal,776.88,22.0,51.7,0,7,3
2026-07-16 08:00:00,municipal,896.34,27.6,42.5,0,8,3
2026-07-16 09:00:00,municipal,808.95,25.2,38.3,0,9,3
2026-07-16 10:00:00,municipal,719.13,26.5,46.1,0,10,3
2026-07-16 11:00:00,municipal,702.14,31.4,39.8,0,11,3
2026-07-16 12:00:00,municipal,624.15,31.4,45.8,0,12,3
2026-07-16 13:00:00,municipal,608.22,30.4,39.0,0,13,3
2026-07-16 14:00:00,municipal,662.95,32.8,44.1,0,14,3
2026-07-16 15:00:00,municipal,649.28,31.1,38.1,0,15,3
2026-07-16 16:00:00,municipal,722.29,34.1,35.8,0,16,3
2026-07-16 17:00:00,municipal,823.56,33.4,43.7,0,17,3
2026-07-16 18:00:00,municipal,929.38,31.7,40.9,0,18,3
2026-07-16 19:00:00,municipal,1057.08,30.2,35.4,0,19,3
2026-07-16 20:00:00,municipal,1090.9,30.9,45.3,0,20,3
2026-07-16 21:00:00,municipal,968.63,26.7,50.4,0,21,3
2026-07-16 22:00:00,municipal,852.97,23.3,59.4,0,22,3
2026-07-16 23:00:00,municipal,726.8,24.3,61.8,0,23,3
2026-07-17 00:00:00,municipal,563.32,25.6,53.4,0,0,4
2026-07-17 01:00:00,municipal,495.61,20.0,51.9,0,1,4
2026-07-17 02:00:00,municipal,520.58,20.4,49.2,0,2,4
2026-07-17 03:00:00,municipal,506.09,21.4,46.1,0,3,4
2026-07-17 04:00:00,municipal,517.23,20.9,56.8,0,4,4
2026-07-17 05:00:00,municipal,555.53,20.1,52.6,0,5,4
2026-07-17 06:00:00,municipal,726.24,24.2,46.0,0,6,4
2026-07-17 07:00:00,municipal,820.11,27.2,51.4,0,7,4
2026-07-17 08:00:00,municipal,897.24,25.5,54.1,0,8,4
2026-07-17 09:00:00,municipal,796.19,25.4,44.4,0,9,4
2026-07-17 10:00:00,municipal,722.43,26.0,43.8,0,10,4
2026-07-17 11:00:00,municipal,710.75,30.1,37.4,0,11,4
2026-07-17 12:00:00,municipal,684.1,32.6,32.5,0,12,4
2026-07-17 13:00:00,municipal,633.08,32.6,34.7,0,13,4
2026-07-17 14:00:00,municipal,668.68,32.5,41.3,0,14,4
2026-07-17 15:00:00,municipal,689.76,31.8,34.6,0,15,4
2026-07-17 16:00:00,municipal,675.83,30.9,38.1,0,16,4
2026-07-17 17:00:00,municipal,841.56,33.2,35.3,0,17,4
2026-07-17 18:00:00,municipal,937.6,32.3,39.6,0,18,4
2026-07-17 19:00:00,municipal,1048.08,27.4,47.6,0,19,4
2026-07-17 20:00:00,municipal,1090.67,30.7,37.1,0,20,4
2026-07-17 21:00:00,municipal,1004.83,27.6,48.1,0,21,4
2026-07-17 22:00:00,municipal,900.79,27.3,45.4,0,22,4
2026-07-17 23:00:00,municipal,688.09,21.7,52.3,0,23,4
2026-07-18 00:00:00,municipal,491.95,20.5,56.1,1,0,5
2026-07-18 01:00:00,municipal,530.02,21.4,60.0,1,1,5
2026-07-18 02:00:00,municipal,500.65,21.8,60.1,1,2,5
2026-07-18 03:00:00,municipal,572.84,23.5,52.1,1,3,5
2026-07-18 04:00:00,municipal,554.44,22.1,47.4,1,4,5
2026-07-18 05:00:00,municipal,573.36,21.3,48.5,1,5,5
2026-07-18 06:00:00,municipal,634.21,21.0,51.9,1,6,5
2026-07-18 07:00:00,municipal,833.49,25.7,55.1,1,7,5
2026-07-18 08:00:00,municipal,879.89,23.8,50.5,1,8,5
2026-07-18 09:00:00,municipal,921.4,29.3,38.8,1,9,5
2026-07-18 10:00:00,municipal,761.2,27.9,47.3,1,10,5
2026-07-18 11:00:00,municipal,692.5,32.2,40.1,1,11,5
2026-07-18 12:00:00,municipal,647.24,32.1,38.8,1,12,5
2026-07-18 13:00:00,municipal,664.88,31.8,31.3,1,13,5
2026-07-18 14:00:00,municipal,610.13,31.8,34.7,1,14,5
2026-07-18 15:00:00,municipal,660.84,32.3,34.6,1,15,5
2026-07-18 16:00:00,municipal,797.72,33.2,47.0,1,16,5
2026-07-18 17:00:00,municipal,835.89,32.1,46.1,1,17,5
2026-07-18 18:00:00,municipal,964.04,30.2,43.4,1,18,5
2026-07-18 19:00:00,municipal,1122.41,29.6,40.2,1,19,5
2026-07-18 20:00:00,municipal,1099.48,28.5,47.3,1,20,5
2026-07-18 21:00:00,municipal,1036.82,23.6,51.5,1,21,5
2026-07-18 22:00:00,municipal,935.58,25.9,42.7,1,22,5
2026-07-18 23:00:00,municipal,714.92,22.3,49.2,1,23,5
2026-07-19 00:00:00,municipal,474.64,20.9,53.6,1,0,6
2026-07-19 01:00:00,municipal,480.83,19.2,54.5,1,1,6
2026-07-19 02:00:00,municipal,514.92,18.4,53.2,1,2,6
2026-07-19 03:00:00,municipal,553.8,18.9,54.8,1,3,6
2026-07-19 04:00:00,municipal,519.66,20.0,52.2,1,4,6
2026-07-19 05:00:00,municipal,830.95,24.6,45.9,1,5,6
2026-07-19 06:00:00,municipal,702.36,21.9,51.6,1,6,6
2026-07-19 07:00:00,municipal,834.58,24.2,47.6,1,7,6
2026-07-19 08:00:00,municipal,896.49,25.9,48.1,1,8,6
2026-07-19 09:00:00,municipal,873.89,27.1,50.1,1,9,6
2026-07-19 10:00:00,municipal,802.6,28.3,46.1,1,10,6
2026-07-19 11:00:00,municipal,628.5,28.1,47.3,1,11,6
2026-07-19 12:00:00,municipal,652.05,33.3,43.7,1,12,6
2026-07-19 13:00:00,municipal,703.17,34.8,38.8,1,13,6
2026-07-19 14:00:00,municipal,609.55,30.2,47.7,1,14,6
2026-07-19 15:00:00,municipal,665.6,31.4,40.1,1,15,6
2026-07-19 16:00:00,municipal,752.59,32.3,44.8,1,16,6
2026-07-19 17:00:00,municipal,852.54,30.6,41.8,1,17,6
2026-07-19 18:00:00,municipal,961.55,31.9,47.7,1,18,6
2026-07-19 19:00:00,municipal,1110.37,28.8,39.6,1,19,6
2026-07-19 20:00:00,municipal,1164.57,31.7,46.1,1,20,6
2026-07-19 21:00:00,municipal,1101.16,28.7,47.0,1,21,6
2026-07-19 22:00:00,municipal,892.37,25.7,43.0,1,22,6
2026-07-19 23:00:00,municipal,784.76,25.4,43.2,1,23,6
2026-07-20 00:00:00,municipal,554.78,24.4,41.2,0,0,0
2026-07-20 01:00:00,municipal,488.3,20.9,53.1,0,1,0
2026-07-20 02:00:00,municipal,519.72,19.9,52.9,0,2,0
2026-07-20 03:00:00,municipal,491.36,21.1,50.7,0,3,0
2026-07-20 04:00:00,municipal,534.46,22.5,47.5,0,4,0
2026-07-20 05:00:00,municipal,578.57,22.0,59.5,0,5,0
2026-07-20 06:00:00,municipal,654.59,20.4,58.0,0,6,0
2026-07-20 07:00:00,municipal,969.3,22.8,52.5,0,7,0
2026-07-20 08:00:00,municipal,855.35,25.3,50.2,0,8,0
2026-07-20 09:00:00,municipal,873.61,26.9,43.9,0,9,0
2026-07-20 10:00:00,municipal,799.73,31.5,45.8,0,10,0
2026-07-20 11:00:00,municipal,648.34,27.9,49.3,0,11,0
2026-07-20 12:00:00,municipal,644.24,32.0,45.1,0,12,0
2026-07-20 13:00:00,municipal,732.91,34.4,39.3,0,13,0
2026-07-20 14:00:00,municipal,718.02,36.2,28.8,0,14,0
2026-07-20 15:00:00,municipal,663.46,32.4,44.4,0,15,0
2026-07-20 16:00:00,municipal,710.48,33.5,35.7,0,16,0
2026-07-20 17:00:00,municipal,804.94,33.0,35.6,0,17,0
2026-07-20 18:00:00,municipal,939.39,31.5,37.2,0,18,0
2026-07-20 19:00:00,municipal,996.06,29.8,45.0,0,19,0
2026-07-20 20:00:00,municipal,1077.88,29.2,40.4,0,20,0
2026-07-20 21:00:00,municipal,912.0,23.2,44.9,0,21,0
2026-07-20 22:00:00,municipal,848.7,26.4,56.3,0,22,0
2026-07-20 23:00:00,municipal,726.67,24.2,50.4,0,23,0
2026-07-21 00:00:00,municipal,515.92,22.5,50.8,0,0,1
2026-07-21 01:00:00,municipal,568.13,24.9,46.6,0,1,1
2026-07-21 02:00:00,municipal,496.61,20.2,54.2,0,2,1
2026-07-21 03:00:00,municipal,529.47,20.4,50.0,0,3,1
2026-07-21 04:00:00,municipal,564.0,24.2,42.0,0,4,1
2026-07-21 05:00:00,municipal,585.27,20.6,52.5,0,5,1
2026-07-21 06:00:00,municipal,676.59,22.0,47.3,0,6,1
2026-07-21 07:00:00,municipal,826.48,23.8,49.8,0,7,1
2026-07-21 08:00:00,municipal,843.0,26.8,47.5,0,8,1
2026-07-21 09:00:00,municipal,823.53,27.4,50.0,0,9,1
2026-07-21 10:00:00,municipal,717.5,26.7,52.9,0,10,1
2026-07-21 11:00:00,municipal,648.77,29.2,41.9,0,11,1
2026-07-21 12:00:00,municipal,638.51,30.4,49.6,0,12,1
2026-07-21 13:00:00,municipal,638.3,32.1,38.7,0,13,1
2026-07-21 14:00:00,municipal,665.63,33.5,37.1,0,14,1
2026-07-21 15:00:00,municipal,717.72,33.7,36.2,0,15,1
2026-07-21 16:00:00,municipal,881.71,30.2,35.0,0,16,1
2026-07-21 17:00:00,municipal,839.95,33.8,30.8,0,17,1
2026-07-21 18:00:00,municipal,917.81,31.7,37.1,0,18,1
2026-07-21 19:00:00,municipal,1078.97,32.1,35.9,0,19,1
2026-07-21 20:00:00,municipal,1079.14,29.3,43.2,0,20,1
2026-07-21 21:00:00,municipal,1005.27,28.7,39.8,0,21,1
2026-07-21 22:00:00,municipal,871.42,26.2,44.7,0,22,1
2026-07-21 23:00:00,municipal,777.42,26.1,34.1,0,23,1
2026-07-22 00:00:00,municipal,525.59,23.7,54.2,0,0,2
2026-07-22 01:00:00,municipal,521.33,21.8,48.8,0,1,2
2026-07-22 02:00:00,municipal,528.83,24.7,54.9,0,2,2
2026-07-22 03:00:00,municipal,550.13,22.5,51.0,0,3,2
2026-07-22 04:00:00,municipal,515.97,22.2,56.9,0,4,2
2026-07-22 05:00:00,municipal,547.63,20.0,58.9,0,5,2
2026-07-22 06:00:00,municipal,639.5,20.9,50.7,0,6,2
2026-07-22 07:00:00,municipal,793.89,24.6,48.3,0,7,2
2026-07-22 08:00:00,municipal,859.51,25.8,46.6,0,8,2
2026-07-22 09:00:00,municipal,866.36,26.2,54.5,0,9,2
2026-07-22 10:00:00,municipal,767.38,28.9,45.9,0,10,2
2026-07-22 11:00:00,municipal,718.6,32.5,39.6,0,11,2
2026-07-22 12:00:00,municipal,644.31,32.4,29.9,0,12,2
2026-07-22 13:00:00,municipal,650.59,30.6,40.0,0,13,2
2026-07-22 14:00:00,municipal,651.03,32.8,42.4,0,14,2
2026-07-22 15:00:00,municipal,657.16,31.9,43.5,0,15,2
2026-07-22 16:00:00,municipal,730.57,32.3,39.4,0,16,2
2026-07-22 17:00:00,municipal,793.4,31.7,40.5,0,17,2
2026-07-22 18:00:00,municipal,952.62,30.6,33.9,0,18,2
2026-07-22 19:00:00,municipal,1008.52,28.2,40.3,0,19,2
2026-07-22 20:00:00,municipal,1085.57,28.5,40.6,0,20,2
2026-07-22 21:00:00,municipal,998.92,26.3,49.9,0,21,2
2026-07-22 22:00:00,municipal,827.35,21.2,56.1,0,22,2
2026-07-22 23:00:00,municipal,742.03,27.2,38.5,0,23,2
2026-07-23 00:00:00,municipal,510.64,24.6,44.9,0,0,3
2026-07-23 01:00:00,municipal,525.57,21.4,49.4,0,1,3
2026-07-23 02:00:00,municipal,459.21,21.4,54.3,0,2,3
2026-07-23 03:00:00,municipal,490.06,19.4,45.7,0,3,3
2026-07-23 04:00:00,municipal,559.08,23.9,54.3,0,4,3
2026-07-23 05:00:00,municipal,611.24,24.8,42.0,0,5,3
2026-07-23 06:00:00,municipal,657.99,23.2,48.7,0,6,3
2026-07-23 07:00:00,municipal,876.44,25.7,50.0,0,7,3
2026-07-23 08:00:00,municipal,881.91,25.9,55.3,0,8,3
2026-07-23 09:00:00,municipal,826.16,25.2,42.6,0,9,3
2026-07-23 10:00:00,municipal,751.59,28.1,44.4,0,10,3
2026-07-23 11:00:00,municipal,676.24,30.4,44.6,0,11,3
2026-07-23 12:00:00,municipal,636.65,30.8,36.9,0,12,3
2026-07-23 13:00:00,municipal,640.9,32.1,36.0,0,13,3
2026-07-23 14:00:00,municipal,666.78,32.9,34.8,0,14,3
2026-07-23 15:00:00,municipal,692.33,33.1,39.7,0,15,3
2026-07-23 16:00:00,municipal,691.66,33.1,32.3,0,16,3
2026-07-23 17:00:00,municipal,785.27,30.8,49.8,0,17,3
2026-07-23 18:00:00,municipal,904.26,30.4,36.0,0,18,3
2026-07-23 19:00:00,municipal,1032.81,28.3,55.2,0,19,3
2026-07-23 20:00:00,municipal,1085.67,30.2,42.3,0,20,3
2026-07-23 21:00:00,municipal,974.1,24.0,44.5,0,21,3
2026-07-23 22:00:00,municipal,918.42,27.4,39.1,0,22,3
2026-07-23 23:00:00,municipal,751.41,26.3,41.3,0,23,3
2026-07-24 00:00:00,municipal,497.43,22.6,49.7,0,0,4
2026-07-24 01:00:00,municipal,495.91,18.2,60.0,0,1,4
2026-07-24 02:00:00,municipal,500.45,20.9,48.5,0,2,4
2026-07-24 03:00:00,municipal,529.25,21.2,53.2,0,3,4
2026-07-24 04:00:00,municipal,498.9,20.0,57.2,0,4,4
2026-07-24 05:00:00,municipal,562.15,21.3,50.1,0,5,4
2026-07-24 06:00:00,municipal,708.99,25.3,47.9,0,6,4
2026-07-24 07:00:00,municipal,810.11,25.3,58.4,0,7,4
2026-07-24 08:00:00,municipal,886.26,24.3,55.1,0,8,4
2026-07-24 09:00:00,municipal,816.02,24.9,55.6,0,9,4
2026-07-24 10:00:00,municipal,751.24,28.3,46.1,0,10,4
2026-07-24 11:00:00,municipal,689.69,30.0,41.0,0,11,4
2026-07-24 12:00:00,municipal,659.21,32.3,32.9,0,12,4
2026-07-24 13:00:00,municipal,628.42,31.7,51.7,0,13,4
2026-07-24 14:00:00,municipal,699.07,33.8,32.4,0,14,4
2026-07-24 15:00:00,municipal,705.35,36.2,35.2,0,15,4
2026-07-24 16:00:00,municipal,747.23,34.3,42.0,0,16,4
2026-07-24 17:00:00,municipal,837.08,32.4,38.6,0,17,4
2026-07-24 18:00:00,municipal,949.82,31.2,40.1,0,18,4
2026-07-24 19:00:00,municipal,1065.21,29.7,40.5,0,19,4
2026-07-24 20:00:00,municipal,1096.6,30.6,42.3,0,20,4
2026-07-24 21:00:00,municipal,992.25,26.3,41.4,0,21,4
2026-07-24 22:00:00,municipal,859.8,25.8,51.7,0,22,4
2026-07-24 23:00:00,municipal,694.93,24.4,49.8,0,23,4
2026-07-25 00:00:00,municipal,522.08,22.4,38.4,1,0,5
2026-07-25 01:00:00,municipal,487.4,20.1,51.7,1,1,5
2026-07-25 02:00:00,municipal,486.12,22.0,50.2,1,2,5
2026-07-25 03:00:00,municipal,521.6,21.3,54.9,1,3,5
2026-07-25 04:00:00,municipal,518.58,22.3,56.3,1,4,5
2026-07-25 05:00:00,municipal,578.36,21.4,52.1,1,5,5
2026-07-25 06:00:00,municipal,708.61,24.9,51.0,1,6,5
2026-07-25 07:00:00,municipal,830.26,23.0,49.8,1,7,5
2026-07-25 08:00:00,municipal,964.12,28.4,47.3,1,8,5
2026-07-25 09:00:00,municipal,853.94,24.7,47.0,1,9,5
2026-07-25 10:00:00,municipal,824.34,29.6,39.3,1,10,5
2026-07-25 11:00:00,municipal,718.26,31.1,41.6,1,11,5
2026-07-25 12:00:00,municipal,643.86,30.4,37.2,1,12,5
2026-07-25 13:00:00,municipal,696.55,33.2,40.4,1,13,5
2026-07-25 14:00:00,municipal,648.27,35.1,38.8,1,14,5
2026-07-25 15:00:00,municipal,636.87,30.0,34.5,1,15,5
2026-07-25 16:00:00,municipal,746.82,33.9,40.0,1,16,5
2026-07-25 17:00:00,municipal,835.52,28.8,35.0,1,17,5
2026-07-25 18:00:00,municipal,976.75,30.1,41.8,1,18,5
2026-07-25 19:00:00,municipal,1148.4,32.8,36.6,1,19,5
2026-07-25 20:00:00,municipal,1115.85,28.0,51.4,1,20,5
2026-07-25 21:00:00,municipal,1057.87,25.6,53.7,1,21,5
2026-07-25 22:00:00,municipal,903.9,25.5,46.3,1,22,5
2026-07-25 23:00:00,municipal,790.75,27.5,47.8,1,23,5
2026-07-26 00:00:00,municipal,514.94,20.4,58.2,1,0,6
2026-07-26 01:00:00,municipal,485.98,20.7,48.3,1,1,6
2026-07-26 02:00:00,municipal,541.0,23.9,50.1,1,2,6
2026-07-26 03:00:00,municipal,527.05,24.2,54.6,1,3,6
2026-07-26 04:00:00,municipal,583.0,21.5,53.1,1,4,6
2026-07-26 05:00:00,municipal,585.98,20.4,54.6,1,5,6
2026-07-26 06:00:00,municipal,743.45,26.3,40.1,1,6,6
2026-07-26 07:00:00,municipal,834.78,26.8,38.8,1,7,6
2026-07-26 08:00:00,municipal,919.52,26.9,41.6,1,8,6
2026-07-26 09:00:00,municipal,869.63,26.2,52.7,1,9,6
2026-07-26 10:00:00,municipal,782.5,28.9,45.9,1,10,6
2026-07-26 11:00:00,municipal,687.04,30.2,42.2,1,11,6
2026-07-26 12:00:00,municipal,666.34,32.2,39.0,1,12,6
2026-07-26 13:00:00,municipal,663.2,34.8,37.7,1,13,6
2026-07-26 14:00:00,municipal,683.07,34.5,42.1,1,14,6
2026-07-26 15:00:00,municipal,694.35,31.8,31.8,1,15,6
2026-07-26 16:00:00,municipal,799.3,35.3,32.2,1,16,6
2026-07-26 17:00:00,municipal,821.13,33.1,32.5,1,17,6
2026-07-26 18:00:00,municipal,991.3,32.7,34.1,1,18,6
2026-07-26 19:00:00,municipal,1134.93,32.6,44.3,1,19,6
2026-07-26 20:00:00,municipal,1131.28,27.3,47.3,1,20,6
2026-07-26 21:00:00,municipal,1086.49,27.4,44.3,1,21,6
2026-07-26 22:00:00,municipal,897.55,25.1,57.0,1,22,6
2026-07-26 23:00:00,municipal,707.16,22.1,45.2,1,23,6
2026-07-27 00:00:00,municipal,517.05,23.8,44.9,0,0,0
2026-07-27 01:00:00,municipal,564.8,26.1,50.7,0,1,0
2026-07-27 02:00:00,municipal,504.64,19.0,56.2,0,2,0
2026-07-27 03:00:00,municipal,488.14,21.5,58.9,0,3,0
2026-07-27 04:00:00,municipal,555.21,22.7,46.9,0,4,0
2026-07-27 05:00:00,municipal,570.44,22.5,55.4,0,5,0
2026-07-27 06:00:00,municipal,657.64,23.1,50.7,0,6,0
2026-07-27 07:00:00,municipal,792.77,22.6,42.3,0,7,0
2026-07-27 08:00:00,municipal,876.48,26.3,33.7,0,8,0
2026-07-27 09:00:00,municipal,810.3,26.4,47.4,0,9,0
2026-07-27 10:00:00,municipal,722.76,25.8,40.9,0,10,0
2026-07-27 11:00:00,municipal,679.19,32.3,42.3,0,11,0
2026-07-27 12:00:00,municipal,672.68,33.2,36.7,0,12,0
2026-07-27 13:00:00,municipal,671.23,32.8,35.8,0,13,0
2026-07-27 14:00:00,municipal,693.73,33.7,45.5,0,14,0
2026-07-27 15:00:00,municipal,709.61,35.1,35.4,0,15,0
2026-07-27 16:00:00,municipal,746.28,33.6,32.4,0,16,0
2026-07-27 17:00:00,municipal,853.66,34.1,36.9,0,17,0
2026-07-27 18:00:00,municipal,891.37,31.3,43.4,0,18,0
2026-07-27 19:00:00,municipal,1060.77,32.5,38.0,0,19,0
2026-07-27 20:00:00,municipal,1087.1,29.5,42.7,0,20,0
2026-07-27 21:00:00,municipal,979.65,27.8,38.2,0,21,0
2026-07-27 22:00:00,municipal,856.59,24.1,46.9,0,22,0
2026-07-27 23:00:00,municipal,939.07,24.9,43.1,0,23,0
2026-07-28 00:00:00,municipal,521.2,22.1,53.6,0,0,1
2026-07-28 01:00:00,municipal,468.94,21.4,61.5,0,1,1
2026-07-28 02:00:00,municipal,522.03,20.6,62.1,0,2,1
2026-07-28 03:00:00,municipal,491.79,20.0,59.4,0,3,1
2026-07-28 04:00:00,municipal,555.84,25.0,51.6,0,4,1
2026-07-28 05:00:00,municipal,639.57,24.4,45.0,0,5,1
2026-07-28 06:00:00,municipal,700.16,26.2,47.6,0,6,1
2026-07-28 07:00:00,municipal,787.35,22.8,43.7,0,7,1
2026-07-28 08:00:00,municipal,1043.11,26.1,49.7,0,8,1
2026-07-28 09:00:00,municipal,847.78,25.6,40.2,0,9,1
2026-07-28 10:00:00,municipal,749.06,28.1,53.0,0,10,1
2026-07-28 11:00:00,municipal,678.31,29.2,44.4,0,11,1
2026-07-28 12:00:00,municipal,683.43,33.7,48.4,0,12,1
2026-07-28 13:00:00,municipal,616.87,32.2,34.0,0,13,1
2026-07-28 14:00:00,municipal,672.86,35.0,30.7,0,14,1
2026-07-28 15:00:00,municipal,698.44,34.5,28.8,0,15,1
2026-07-28 16:00:00,municipal,735.46,36.8,40.8,0,16,1
2026-07-28 17:00:00,municipal,770.46,30.6,46.2,0,17,1
2026-07-28 18:00:00,municipal,969.54,33.7,45.6,0,18,1
2026-07-28 19:00:00,municipal,1089.8,32.3,36.4,0,19,1
2026-07-28 20:00:00,municipal,1062.59,27.7,49.1,0,20,1
2026-07-28 21:00:00,municipal,1007.75,29.1,48.4,0,21,1
2026-07-28 22:00:00,municipal,862.99,26.5,42.3,0,22,1
2026-07-28 23:00:00,municipal,695.99,24.2,50.9,0,23,1
2026-07-29 00:00:00,municipal,533.83,22.2,53.8,0,0,2
2026-07-29 01:00:00,municipal,518.51,21.4,58.3,0,1,2
2026-07-29 02:00:00,municipal,681.84,24.9,52.7,0,2,2
2026-07-29 03:00:00,municipal,533.66,21.7,54.7,0,3,2
2026-07-29 04:00:00,municipal,570.77,23.0,49.1,0,4,2
2026-07-29 05:00:00,municipal,580.95,21.3,48.5,0,5,2
2026-07-29 06:00:00,municipal,697.9,22.3,51.5,0,6,2
2026-07-29 07:00:00,municipal,857.66,26.3,48.9,0,7,2
2026-07-29 08:00:00,municipal,836.21,24.1,47.1,0,8,2
2026-07-29 09:00:00,municipal,840.78,27.0,51.4,0,9,2
2026-07-29 10:00:00,municipal,773.15,29.3,52.2,0,10,2
2026-07-29 11:00:00,municipal,680.17,30.8,38.3,0,11,2
2026-07-29 12:00:00,municipal,650.93,31.6,43.5,0,12,2
2026-07-29 13:00:00,municipal,630.59,33.5,51.8,0,13,2
2026-07-29 14:00:00,municipal,634.11,34.5,47.8,0,14,2
2026-07-29 15:00:00,municipal,705.77,34.8,35.9,0,15,2
2026-07-29 16:00:00,municipal,758.37,32.0,38.8,0,16,2
2026-07-29 17:00:00,municipal,826.89,32.4,32.2,0,17,2
2026-07-29 18:00:00,municipal,1026.87,33.7,44.1,0,18,2
2026-07-29 19:00:00,municipal,1078.89,32.0,28.0,0,19,2
2026-07-29 20:00:00,municipal,1079.69,27.2,50.1,0,20,2
2026-07-29 21:00:00,municipal,1057.18,28.2,42.1,0,21,2
2026-07-29 22:00:00,municipal,832.79,23.1,56.7,0,22,2
2026-07-29 23:00:00,municipal,759.13,24.7,46.4,0,23,2
2026-07-30 00:00:00,municipal,559.49,26.3,42.1,0,0,3
2026-07-30 01:00:00,municipal,494.3,21.1,52.4,0,1,3
2026-07-30 02:00:00,municipal,482.72,20.7,58.6,0,2,3
2026-07-30 03:00:00,municipal,481.59,22.9,48.9,0,3,3
2026-07-30 04:00:00,municipal,526.9,19.6,54.5,0,4,3
2026-07-30 05:00:00,municipal,612.35,21.6,50.0,0,5,3
2026-07-30 06:00:00,municipal,717.33,24.4,44.9,0,6,3
2026-07-30 07:00:00,municipal,790.99,23.8,60.1,0,7,3
2026-07-30 08:00:00,municipal,875.99,25.8,50.2,0,8,3
2026-07-30 09:00:00,municipal,817.42,28.9,33.6,0,9,3
2026-07-30 10:00:00,municipal,788.34,29.9,38.6,0,10,3
2026-07-30 11:00:00,municipal,696.31,31.1,46.2,0,11,3
2026-07-30 12:00:00,municipal,664.61,31.5,44.6,0,12,3
2026-07-30 13:00:00,municipal,680.87,33.5,40.4,0,13,3
2026-07-30 14:00:00,municipal,651.29,33.4,40.2,0,14,3
2026-07-30 15:00:00,municipal,673.91,34.4,39.2,0,15,3
2026-07-30 16:00:00,municipal,727.42,32.8,33.7,0,16,3
2026-07-30 17:00:00,municipal,1018.47,32.7,36.9,0,17,3
2026-07-30 18:00:00,municipal,943.45,30.5,35.1,0,18,3
2026-07-30 19:00:00,municipal,1044.24,30.7,47.1,0,19,3
2026-07-30 20:00:00,municipal,1049.97,28.1,43.6,0,20,3
2026-07-30 21:00:00,municipal,1001.54,26.1,49.1,0,21,3
2026-07-30 22:00:00,municipal,889.79,26.6,53.4,0,22,3
2026-07-30 23:00:00,municipal,735.93,25.1,51.8,0,23,3
2026-07-31 00:00:00,municipal,532.42,24.8,58.3,0,0,4
2026-07-31 01:00:00,municipal,518.86,22.0,56.3,0,1,4
2026-07-31 02:00:00,municipal,512.67,22.6,54.4,0,2,4
2026-07-31 03:00:00,municipal,561.56,22.6,51.1,0,3,4
2026-07-31 04:00:00,municipal,525.57,22.7,47.8,0,4,4
2026-07-31 05:00:00,municipal,593.64,21.4,50.3,0,5,4
2026-07-31 06:00:00,municipal,703.25,23.8,51.2,0,6,4
2026-07-31 07:00:00,municipal,831.98,25.4,45.9,0,7,4
2026-07-31 08:00:00,municipal,861.68,26.3,40.3,0,8,4
2026-07-31 09:00:00,municipal,834.33,24.7,59.8,0,9,4
2026-07-31 10:00:00,municipal,754.33,29.6,34.8,0,10,4
2026-07-31 11:00:00,municipal,718.95,34.1,32.1,0,11,4
2026-07-31 12:00:00,municipal,623.73,31.5,46.1,0,12,4
2026-07-31 13:00:00,municipal,662.77,31.9,35.7,0,13,4
2026-07-31 14:00:00,municipal,663.76,34.2,48.1,0,14,4
2026-07-31 15:00:00,municipal,690.19,34.3,31.4,0,15,4
2026-07-31 16:00:00,municipal,744.55,35.4,40.4,0,16,4
2026-07-31 17:00:00,municipal,794.34,31.1,38.2,0,17,4
2026-07-31 18:00:00,municipal,992.43,33.2,39.4,0,18,4
2026-07-31 19:00:00,municipal,1063.18,31.7,54.2,0,19,4
2026-07-31 20:00:00,municipal,1067.72,29.2,57.5,0,20,4
2026-07-31 21:00:00,municipal,1025.34,28.3,42.2,0,21,4
2026-07-31 22:00:00,municipal,903.99,27.8,48.4,0,22,4
2026-07-31 23:00:00,municipal,765.94,26.1,51.1,0,23,4
2026-08-01 00:00:00,municipal,508.27,21.9,57.1,1,0,5
2026-08-01 01:00:00,municipal,625.52,23.9,59.5,1,1,5
2026-08-01 02:00:00,municipal,529.34,22.0,50.6,1,2,5
2026-08-01 03:00:00,municipal,510.05,22.0,39.1,1,3,5
2026-08-01 04:00:00,municipal,488.01,22.2,51.6,1,4,5
2026-08-01 05:00:00,municipal,625.11,22.5,53.2,1,5,5
2026-08-01 06:00:00,municipal,747.14,25.4,46.9,1,6,5
2026-08-01 07:00:00,municipal,814.96,24.8,47.7,1,7,5
2026-08-01 08:00:00,municipal,926.2,24.7,44.6,1,8,5
2026-08-01 09:00:00,municipal,859.93,27.3,53.0,1,9,5
2026-08-01 10:00:00,municipal,784.63,29.7,46.1,1,10,5
2026-08-01 11:00:00,municipal,725.53,32.7,34.3,1,11,5
2026-08-01 12:00:00,municipal,662.15,33.0,49.5,1,12,5
2026-08-01 13:00:00,municipal,673.21,31.8,48.0,1,13,5
2026-08-01 14:00:00,municipal,692.16,37.4,27.6,1,14,5
2026-08-01 15:00:00,municipal,684.53,34.3,41.9,1,15,5
2026-08-01 16:00:00,municipal,765.2,35.6,43.4,1,16,5
2026-08-01 17:00:00,municipal,810.81,32.9,35.3,1,17,5
2026-08-01 18:00:00,municipal,986.09,32.9,33.6,1,18,5
2026-08-01 19:00:00,municipal,1111.81,32.2,47.1,1,19,5
2026-08-01 20:00:00,municipal,1199.43,31.3,44.8,1,20,5
2026-08-01 21:00:00,municipal,1102.09,29.5,38.0,1,21,5
2026-08-01 22:00:00,municipal,965.89,27.7,42.9,1,22,5
2026-08-01 23:00:00,municipal,758.43,24.4,54.9,1,23,5
2026-08-02 00:00:00,municipal,575.41,22.9,54.2,1,0,6
2026-08-02 01:00:00,municipal,531.09,23.3,45.2,1,1,6
2026-08-02 02:00:00,municipal,516.53,23.6,50.4,1,2,6
2026-08-02 03:00:00,municipal,533.52,21.6,60.6,1,3,6
2026-08-02 04:00:00,municipal,564.13,23.8,50.2,1,4,6
2026-08-02 05:00:00,municipal,618.1,25.0,56.9,1,5,6
2026-08-02 06:00:00,municipal,711.33,22.4,60.7,1,6,6
2026-08-02 07:00:00,municipal,848.36,23.7,45.5,1,7,6
2026-08-02 08:00:00,municipal,910.12,26.2,47.2,1,8,6
2026-08-02 09:00:00,municipal,899.41,28.4,38.1,1,9,6
2026-08-02 10:00:00,municipal,795.39,28.7,45.1,1,10,6
2026-08-02 11:00:00,municipal,731.41,33.0,37.1,1,11,6
2026-08-02 12:00:00,municipal,670.37,32.9,47.1,1,12,6
2026-08-02 13:00:00,municipal,655.02,33.2,42.8,1,13,6
2026-08-02 14:00:00,municipal,652.31,31.6,36.2,1,14,6
2026-08-02 15:00:00,municipal,684.49,32.0,34.5,1,15,6
2026-08-02 16:00:00,municipal,751.65,34.2,35.1,1,16,6
2026-08-02 17:00:00,municipal,815.28,30.0,41.2,1,17,6
2026-08-02 18:00:00,municipal,997.78,33.7,37.8,1,18,6
2026-08-02 19:00:00,municipal,1118.32,30.7,54.6,1,19,6
2026-08-02 20:00:00,municipal,1233.62,34.4,32.5,1,20,6
2026-08-02 21:00:00,municipal,1109.45,31.4,40.5,1,21,6
2026-08-02 22:00:00,municipal,929.34,26.2,47.8,1,22,6
2026-08-02 23:00:00,municipal,718.14,24.8,57.7,1,23,6
2026-08-03 00:00:00,municipal,548.21,25.3,48.1,0,0,0
2026-08-03 01:00:00,municipal,555.89,25.4,51.1,0,1,0
2026-08-03 02:00:00,municipal,496.96,19.8,58.0,0,2,0
2026-08-03 03:00:00,municipal,506.86,19.4,61.5,0,3,0
2026-08-03 04:00:00,municipal,546.69,21.3,60.3,0,4,0
2026-08-03 05:00:00,municipal,613.07,23.7,59.4,0,5,0
2026-08-03 06:00:00,municipal,695.35,24.6,55.9,0,6,0
2026-08-03 07:00:00,municipal,831.96,26.7,45.1,0,7,0
2026-08-03 08:00:00,municipal,835.51,24.7,45.1,0,8,0
2026-08-03 09:00:00,municipal,841.23,24.6,36.0,0,9,0
2026-08-03 10:00:00,municipal,806.78,30.9,41.4,0,10,0
2026-08-03 11:00:00,municipal,700.88,29.8,44.8,0,11,0
2026-08-03 12:00:00,municipal,683.42,29.3,43.3,0,12,0
2026-08-03 13:00:00,municipal,680.72,33.5,35.3,0,13,0
2026-08-03 14:00:00,municipal,708.47,35.0,33.2,0,14,0
2026-08-03 15:00:00,municipal,687.7,33.9,27.5,0,15,0
2026-08-03 16:00:00,municipal,760.18,33.2,31.8,0,16,0
2026-08-03 17:00:00,municipal,804.12,33.0,33.8,0,17,0
2026-08-03 18:00:00,municipal,946.75,31.7,47.1,0,18,0
2026-08-03 19:00:00,municipal,1033.11,29.0,41.8,0,19,0
2026-08-03 20:00:00,municipal,1097.87,28.5,46.6,0,20,0
2026-08-03 21:00:00,municipal,1053.68,28.8,54.5,0,21,0
2026-08-03 22:00:00,municipal,899.4,27.0,56.7,0,22,0
2026-08-03 23:00:00,municipal,727.24,25.3,43.8,0,23,0
2026-08-04 00:00:00,municipal,542.02,22.4,57.8,0,0,1
2026-08-04 01:00:00,municipal,519.66,22.7,51.3,0,1,1
2026-08-04 02:00:00,municipal,533.15,19.1,56.4,0,2,1
2026-08-04 03:00:00,municipal,521.82,22.4,52.1,0,3,1
2026-08-04 04:00:00,municipal,548.54,24.5,57.4,0,4,1
2026-08-04 05:00:00,municipal,592.19,20.7,47.6,0,5,1
2026-08-04 06:00:00,municipal,666.08,23.0,54.9,0,6,1
2026-08-04 07:00:00,municipal,809.89,25.6,43.7,0,7,1
2026-08-04 08:00:00,municipal,884.03,28.5,49.3,0,8,1
2026-08-04 09:00:00,municipal,822.4,27.5,49.5,0,9,1
2026-08-04 10:00:00,municipal,777.38,28.6,48.8,0,10,1
2026-08-04 11:00:00,municipal,638.74,28.2,51.8,0,11,1
2026-08-04 12:00:00,municipal,680.23,32.5,48.7,0,12,1
2026-08-04 13:00:00,municipal,699.93,36.4,39.5,0,13,1
2026-08-04 14:00:00,municipal,706.58,34.3,35.7,0,14,1
2026-08-04 15:00:00,municipal,689.18,34.1,47.3,0,15,1
2026-08-04 16:00:00,municipal,724.26,34.4,38.2,0,16,1
2026-08-04 17:00:00,municipal,836.85,33.3,38.4,0,17,1
2026-08-04 18:00:00,municipal,962.97,31.2,33.3,0,18,1
2026-08-04 19:00:00,municipal,1067.95,32.4,33.3,0,19,1
2026-08-04 20:00:00,municipal,1127.19,30.0,35.7,0,20,1
2026-08-04 21:00:00,municipal,1008.84,28.2,47.2,0,21,1
2026-08-04 22:00:00,municipal,869.04,25.1,45.9,0,22,1
2026-08-04 23:00:00,municipal,798.96,27.1,52.0,0,23,1
2026-08-05 00:00:00,municipal,536.15,25.0,47.4,0,0,2
2026-08-05 01:00:00,municipal,517.26,22.2,44.3,0,1,2
2026-08-05 02:00:00,municipal,556.85,23.9,46.5,0,2,2
2026-08-05 03:00:00,municipal,502.13,21.5,47.2,0,3,2
2026-08-05 04:00:00,municipal,529.27,21.2,53.0,0,4,2
2026-08-05 05:00:00,municipal,559.28,21.9,58.7,0,5,2
2026-08-05 06:00:00,municipal,614.98,21.3,51.6,0,6,2
2026-08-05 07:00:00,municipal,831.83,25.9,44.8,0,7,2
2026-08-05 08:00:00,municipal,850.44,23.9,57.2,0,8,2
2026-08-05 09:00:00,municipal,824.79,26.4,43.0,0,9,2
2026-08-05 10:00:00,municipal,757.33,26.7,46.7,0,10,2
2026-08-05 11:00:00,municipal,693.13,31.1,51.1,0,11,2
2026-08-05 12:00:00,municipal,646.7,32.2,39.3,0,12,2
2026-08-05 13:00:00,municipal,644.65,32.9,44.0,0,13,2
2026-08-05 14:00:00,municipal,640.72,32.4,31.1,0,14,2
2026-08-05 15:00:00,municipal,649.57,32.5,34.0,0,15,2
2026-08-05 16:00:00,municipal,729.16,34.7,36.9,0,16,2
2026-08-05 17:00:00,municipal,816.58,32.6,43.1,0,17,2
2026-08-05 18:00:00,municipal,938.95,32.9,44.6,0,18,2
2026-08-05 19:00:00,municipal,1047.01,29.9,47.2,0,19,2
2026-08-05 20:00:00,municipal,1084.1,30.0,41.6,0,20,2
2026-08-05 21:00:00,municipal,1056.56,30.2,47.4,0,21,2
2026-08-05 22:00:00,municipal,897.74,27.5,37.0,0,22,2
2026-08-05 23:00:00,municipal,725.54,24.6,46.1,0,23,2
2026-08-06 00:00:00,municipal,530.1,24.4,46.2,0,0,3
2026-08-06 01:00:00,municipal,518.37,22.7,55.0,0,1,3
2026-08-06 02:00:00,municipal,501.75,22.5,59.0,0,2,3
2026-08-06 03:00:00,municipal,543.5,21.8,58.9,0,3,3
2026-08-06 04:00:00,municipal,538.25,22.2,51.3,0,4,3
2026-08-06 05:00:00,municipal,641.28,23.4,52.0,0,5,3
2026-08-06 06:00:00,municipal,691.46,22.6,53.8,0,6,3
2026-08-06 07:00:00,municipal,814.76,23.8,47.3,0,7,3
2026-08-06 08:00:00,municipal,839.82,24.7,46.7,0,8,3
2026-08-06 09:00:00,municipal,847.02,25.9,46.9,0,9,3
2026-08-06 10:00:00,municipal,738.05,28.0,46.7,0,10,3
2026-08-06 11:00:00,municipal,723.37,31.5,40.7,0,11,3
2026-08-06 12:00:00,municipal,701.13,31.2,38.5,0,12,3
2026-08-06 13:00:00,municipal,665.92,34.3,34.9,0,13,3
2026-08-06 14:00:00,municipal,641.7,34.1,34.2,0,14,3
2026-08-06 15:00:00,municipal,630.92,31.3,33.9,0,15,3
2026-08-06 16:00:00,municipal,768.2,35.1,34.1,0,16,3
2026-08-06 17:00:00,municipal,836.36,34.7,35.6,0,17,3
2026-08-06 18:00:00,municipal,942.71,31.0,49.5,0,18,3
2026-08-06 19:00:00,municipal,1082.11,31.9,35.4,0,19,3
2026-08-06 20:00:00,municipal,1059.34,28.6,40.9,0,20,3
2026-08-06 21:00:00,municipal,1031.85,28.4,52.2,0,21,3
2026-08-06 22:00:00,municipal,839.65,24.8,41.3,0,22,3
2026-08-06 23:00:00,municipal,717.49,22.6,56.9,0,23,3
2026-08-07 00:00:00,municipal,511.19,23.5,51.5,0,0,4
2026-08-07 01:00:00,municipal,533.98,23.0,55.9,0,1,4
2026-08-07 02:00:00,municipal,523.29,22.0,57.0,0,2,4
2026-08-07 03:00:00,municipal,484.87,20.6,56.9,0,3,4
2026-08-07 04:00:00,municipal,548.7,22.0,53.5,0,4,4
2026-08-07 05:00:00,municipal,614.75,23.6,49.8,0,5,4
2026-08-07 06:00:00,municipal,690.24,24.1,51.3,0,6,4
2026-08-07 07:00:00,municipal,812.35,25.6,46.0,0,7,4
2026-08-07 08:00:00,municipal,846.87,25.8,44.7,0,8,4
2026-08-07 09:00:00,municipal,861.1,30.1,44.7,0,9,4
2026-08-07 10:00:00,municipal,732.09,28.2,38.0,0,10,4
2026-08-07 11:00:00,municipal,740.15,32.1,45.9,0,11,4
2026-08-07 12:00:00,municipal,687.77,34.4,42.4,0,12,4
2026-08-07 13:00:00,municipal,673.28,34.3,40.3,0,13,4
2026-08-07 14:00:00,municipal,646.17,33.9,45.8,0,14,4
2026-08-07 15:00:00,municipal,675.55,33.6,38.8,0,15,4
2026-08-07 16:00:00,municipal,753.75,35.7,42.6,0,16,4
2026-08-07 17:00:00,municipal,872.97,31.4,41.3,0,17,4
2026-08-07 18:00:00,municipal,944.94,31.2,45.8,0,18,4
2026-08-07 19:00:00,municipal,1047.77,30.8,38.4,0,19,4
2026-08-07 20:00:00,municipal,1118.32,31.8,41.3,0,20,4
2026-08-07 21:00:00,municipal,1035.64,28.9,46.4,0,21,4
2026-08-07 22:00:00,municipal,850.11,25.4,49.1,0,22,4
2026-08-07 23:00:00,municipal,741.23,24.9,36.8,0,23,4
2026-08-08 00:00:00,municipal,493.43,23.3,54.8,1,0,5
2026-08-08 01:00:00,municipal,546.83,22.2,49.6,1,1,5
2026-08-08 02:00:00,municipal,563.41,24.1,50.8,1,2,5
2026-08-08 03:00:00,municipal,491.93,20.4,55.2,1,3,5
2026-08-08 04:00:00,municipal,585.97,25.1,43.2,1,4,5
2026-08-08 05:00:00,municipal,591.39,24.5,49.2,1,5,5
2026-08-08 06:00:00,municipal,721.38,25.8,53.5,1,6,5
2026-08-08 07:00:00,municipal,837.33,24.8,50.2,1,7,5
2026-08-08 08:00:00,municipal,945.43,26.7,47.6,1,8,5
2026-08-08 09:00:00,municipal,904.63,26.3,47.6,1,9,5
2026-08-08 10:00:00,municipal,785.42,29.2,48.0,1,10,5
2026-08-08 11:00:00,municipal,709.02,32.2,42.1,1,11,5
2026-08-08 12:00:00,municipal,727.39,34.6,42.4,1,12,5
2026-08-08 13:00:00,municipal,659.81,32.0,41.9,1,13,5
2026-08-08 14:00:00,municipal,690.42,33.7,50.2,1,14,5
2026-08-08 15:00:00,municipal,675.55,34.2,44.9,1,15,5
2026-08-08 16:00:00,municipal,719.19,32.1,35.9,1,16,5
2026-08-08 17:00:00,municipal,817.76,34.5,34.8,1,17,5
2026-08-08 18:00:00,municipal,992.87,31.6,39.5,1,18,5
2026-08-08 19:00:00,municipal,1152.8,31.2,52.7,1,19,5
2026-08-08 20:00:00,municipal,1175.75,29.3,51.0,1,20,5
2026-08-08 21:00:00,municipal,1037.99,27.3,47.9,1,21,5
2026-08-08 22:00:00,municipal,916.06,26.9,46.3,1,22,5
2026-08-08 23:00:00,municipal,762.77,25.1,47.8,1,23,5
2026-08-09 00:00:00,municipal,533.55,23.7,51.2,1,0,6
2026-08-09 01:00:00,municipal,499.1,22.2,50.7,1,1,6
2026-08-09 02:00:00,municipal,559.04,23.2,44.3,1,2,6
2026-08-09 03:00:00,municipal,556.26,25.0,53.3,1,3,6
2026-08-09 04:00:00,municipal,550.05,22.9,48.8,1,4,6
2026-08-09 05:00:00,municipal,654.91,24.8,52.5,1,5,6
2026-08-09 06:00:00,municipal,709.87,22.2,47.6,1,6,6
2026-08-09 07:00:00,municipal,865.63,25.8,38.2,1,7,6
2026-08-09 08:00:00,municipal,915.21,25.3,58.3,1,8,6
2026-08-09 09:00:00,municipal,897.67,26.3,43.1,1,9,6
2026-08-09 10:00:00,municipal,801.61,29.0,40.1,1,10,6
2026-08-09 11:00:00,municipal,716.7,33.3,42.0,1,11,6
2026-08-09 12:00:00,municipal,642.39,34.2,37.8,1,12,6
2026-08-09 13:00:00,municipal,683.35,34.1,25.6,1,13,6
2026-08-09 14:00:00,municipal,667.48,32.0,41.5,1,14,6
2026-08-09 15:00:00,municipal,736.95,34.2,43.2,1,15,6
2026-08-09 16:00:00,municipal,765.39,34.8,38.7,1,16,6
2026-08-09 17:00:00,municipal,859.26,34.0,39.8,1,17,6
2026-08-09 18:00:00,municipal,931.6,30.0,41.2,1,18,6
2026-08-09 19:00:00,municipal,1086.76,30.2,47.0,1,19,6
2026-08-09 20:00:00,municipal,1173.93,30.0,35.4,1,20,6
2026-08-09 21:00:00,municipal,1118.82,29.3,49.7,1,21,6
2026-08-09 22:00:00,municipal,914.8,23.7,51.2,1,22,6
2026-08-09 23:00:00,municipal,778.73,25.3,47.8,1,23,6
2026-08-10 00:00:00,municipal,565.07,24.6,39.7,0,0,0
2026-08-10 01:00:00,municipal,546.32,24.7,49.4,0,1,0
2026-08-10 02:00:00,municipal,538.64,23.8,43.9,0,2,0
2026-08-10 03:00:00,municipal,537.0,23.5,51.8,0,3,0
2026-08-10 04:00:00,municipal,523.12,21.6,52.1,0,4,0
2026-08-10 05:00:00,municipal,574.66,20.5,59.6,0,5,0
2026-08-10 06:00:00,municipal,672.38,23.8,62.8,0,6,0
2026-08-10 07:00:00,municipal,843.73,27.1,54.9,0,7,0
2026-08-10 08:00:00,municipal,877.14,29.1,45.9,0,8,0
2026-08-10 09:00:00,municipal,842.45,29.7,46.3,0,9,0
2026-08-10 10:00:00,municipal,806.6,30.8,42.4,0,10,0
2026-08-10 11:00:00,municipal,678.26,32.2,40.2,0,11,0
2026-08-10 12:00:00,municipal,698.75,32.0,32.9,0,12,0
2026-08-10 13:00:00,municipal,633.77,33.6,45.9,0,13,0
2026-08-10 14:00:00,municipal,707.23,36.9,36.5,0,14,0
2026-08-10 15:00:00,municipal,664.45,33.2,40.5,0,15,0
2026-08-10 16:00:00,municipal,801.49,36.8,31.8,0,16,0
2026-08-10 17:00:00,municipal,806.55,33.3,32.2,0,17,0
2026-08-10 18:00:00,municipal,1023.4,34.8,40.2,0,18,0
2026-08-10 19:00:00,municipal,1021.2,29.5,48.9,0,19,0
2026-08-10 20:00:00,municipal,1097.52,31.0,38.1,0,20,0
2026-08-10 21:00:00,municipal,1024.02,27.5,44.2,0,21,0
2026-08-10 22:00:00,municipal,850.39,24.9,54.0,0,22,0
2026-08-10 23:00:00,municipal,697.41,25.9,52.3,0,23,0
2026-08-11 00:00:00,municipal,586.87,25.9,53.2,0,0,1
2026-08-11 01:00:00,municipal,514.26,22.2,60.2,0,1,1
2026-08-11 02:00:00,municipal,486.1,20.6,45.8,0,2,1
2026-08-11 03:00:00,municipal,511.63,22.5,58.6,0,3,1
2026-08-11 04:00:00,municipal,559.8,22.8,49.0,0,4,1
2026-08-11 05:00:00,municipal,607.62,24.3,57.5,0,5,1
2026-08-11 06:00:00,municipal,677.55,25.9,42.1,0,6,1
2026-08-11 07:00:00,municipal,834.79,25.6,44.5,0,7,1
2026-08-11 08:00:00,municipal,923.77,29.9,43.0,0,8,1
2026-08-11 09:00:00,municipal,845.37,29.0,45.0,0,9,1
2026-08-11 10:00:00,municipal,769.53,29.7,50.5,0,10,1
2026-08-11 11:00:00,municipal,693.19,29.3,42.0,0,11,1
2026-08-11 12:00:00,municipal,672.0,32.5,44.2,0,12,1
2026-08-11 13:00:00,municipal,647.76,33.4,41.4,0,13,1
2026-08-11 14:00:00,municipal,670.05,35.9,34.2,0,14,1
2026-08-11 15:00:00,municipal,709.05,35.4,33.5,0,15,1
2026-08-11 16:00:00,municipal,734.19,32.7,29.9,0,16,1
2026-08-11 17:00:00,municipal,841.03,34.1,31.9,0,17,1
2026-08-11 18:00:00,municipal,932.7,33.9,34.7,0,18,1
2026-08-11 19:00:00,municipal,1106.51,34.0,32.7,0,19,1
2026-08-11 20:00:00,municipal,1086.09,31.6,46.7,0,20,1
2026-08-11 21:00:00,municipal,1001.61,29.8,37.8,0,21,1
2026-08-11 22:00:00,municipal,886.82,27.2,49.6,0,22,1
2026-08-11 23:00:00,municipal,746.83,26.3,45.6,0,23,1
2026-08-12 00:00:00,municipal,556.26,26.4,45.0,0,0,2
2026-08-12 01:00:00,municipal,453.02,21.6,50.2,0,1,2
2026-08-12 02:00:00,municipal,481.51,22.4,58.1,0,2,2
2026-08-12 03:00:00,municipal,477.15,21.6,60.6,0,3,2
2026-08-12 04:00:00,municipal,504.19,23.5,51.7,0,4,2
2026-08-12 05:00:00,municipal,618.86,25.4,47.7,0,5,2
2026-08-12 06:00:00,municipal,665.75,23.6,54.2,0,6,2
2026-08-12 07:00:00,municipal,778.73,22.2,53.3,0,7,2
2026-08-12 08:00:00,municipal,891.16,26.6,46.7,0,8,2
2026-08-12 09:00:00,municipal,866.28,30.1,41.4,0,9,2
2026-08-12 10:00:00,municipal,751.68,31.1,43.9,0,10,2
2026-08-12 11:00:00,municipal,731.12,32.4,38.8,0,11,2
2026-08-12 12:00:00,municipal,688.02,32.6,50.3,0,12,2
2026-08-12 13:00:00,municipal,666.59,32.0,44.4,0,13,2
2026-08-12 14:00:00,municipal,659.26,35.3,32.2,0,14,2
2026-08-12 15:00:00,municipal,680.53,33.5,41.4,0,15,2
2026-08-12 16:00:00,municipal,789.66,37.8,32.7,0,16,2
2026-08-12 17:00:00,municipal,838.0,34.8,35.9,0,17,2
2026-08-12 18:00:00,municipal,928.37,32.1,38.6,0,18,2
2026-08-12 19:00:00,municipal,1069.77,30.8,35.9,0,19,2
2026-08-12 20:00:00,municipal,1104.55,30.2,41.1,0,20,2
2026-08-12 21:00:00,municipal,1020.24,28.4,44.6,0,21,2
2026-08-12 22:00:00,municipal,910.94,28.9,43.4,0,22,2
2026-08-12 23:00:00,municipal,751.22,26.0,45.5,0,23,2
2026-08-13 00:00:00,municipal,521.76,23.5,57.5,0,0,3
2026-08-13 01:00:00,municipal,551.99,26.5,49.5,0,1,3
2026-08-13 02:00:00,municipal,509.74,23.1,50.5,0,2,3
2026-08-13 03:00:00,municipal,533.33,24.0,54.3,0,3,3
2026-08-13 04:00:00,municipal,532.54,22.1,46.0,0,4,3
2026-08-13 05:00:00,municipal,606.97,24.2,48.8,0,5,3
2026-08-13 06:00:00,municipal,745.14,25.1,52.4,0,6,3
2026-08-13 07:00:00,municipal,814.03,23.0,51.8,0,7,3
2026-08-13 08:00:00,municipal,907.28,30.3,44.9,0,8,3
2026-08-13 09:00:00,municipal,870.53,30.8,46.0,0,9,3
2026-08-13 10:00:00,municipal,802.31,29.8,37.4,0,10,3
2026-08-13 11:00:00,municipal,682.66,30.2,38.9,0,11,3
2026-08-13 12:00:00,municipal,689.86,33.6,30.5,0,12,3
2026-08-13 13:00:00,municipal,663.17,34.2,37.0,0,13,3
2026-08-13 14:00:00,municipal,652.06,35.2,36.2,0,14,3
2026-08-13 15:00:00,municipal,723.64,35.1,32.4,0,15,3
2026-08-13 16:00:00,municipal,800.44,35.4,33.3,0,16,3
2026-08-13 17:00:00,municipal,879.76,36.2,32.0,0,17,3
2026-08-13 18:00:00,municipal,973.67,33.9,38.3,0,18,3
2026-08-13 19:00:00,municipal,1090.54,30.3,41.5,0,19,3
2026-08-13 20:00:00,municipal,1128.75,32.4,44.9,0,20,3
2026-08-13 21:00:00,municipal,1061.12,31.3,51.5,0,21,3
2026-08-13 22:00:00,municipal,945.87,32.0,26.1,0,22,3
2026-08-13 23:00:00,municipal,713.21,24.1,49.7,0,23,3
2026-08-14 00:00:00,municipal,570.63,25.0,44.6,0,0,4
2026-08-14 01:00:00,municipal,481.06,20.6,57.4,0,1,4
2026-08-14 02:00:00,municipal,526.1,23.9,56.2,0,2,4
2026-08-14 03:00:00,municipal,509.8,22.1,47.6,0,3,4
2026-08-14 04:00:00,municipal,588.8,26.0,46.7,0,4,4
2026-08-14 05:00:00,municipal,562.97,22.6,50.9,0,5,4
2026-08-14 06:00:00,municipal,671.03,22.1,49.8,0,6,4
2026-08-14 07:00:00,municipal,812.57,25.2,50.2,0,7,4
2026-08-14 08:00:00,municipal,848.27,24.4,44.4,0,8,4
2026-08-14 09:00:00,municipal,816.21,30.0,41.8,0,9,4
2026-08-14 10:00:00,municipal,742.58,27.4,50.1,0,10,4
2026-08-14 11:00:00,municipal,737.84,32.0,42.0,0,11,4
2026-08-14 12:00:00,municipal,622.2,30.0,42.6,0,12,4
2026-08-14 13:00:00,municipal,658.22,33.6,37.4,0,13,4
2026-08-14 14:00:00,municipal,747.73,37.2,34.9,0,14,4
2026-08-14 15:00:00,municipal,706.46,35.5,36.5,0,15,4
2026-08-14 16:00:00,municipal,752.55,33.4,53.2,0,16,4
2026-08-14 17:00:00,municipal,840.52,34.1,45.5,0,17,4
2026-08-14 18:00:00,municipal,967.01,33.2,37.8,0,18,4
2026-08-14 19:00:00,municipal,1026.45,32.6,38.6,0,19,4
2026-08-14 20:00:00,municipal,1068.36,28.4,46.3,0,20,4
2026-08-14 21:00:00,municipal,1038.32,29.8,43.5,0,21,4
2026-08-14 22:00:00,municipal,862.98,23.3,53.1,0,22,4
2026-08-14 23:00:00,municipal,742.95,25.0,49.9,0,23,4
2026-08-15 00:00:00,municipal,539.43,24.0,48.1,1,0,5
2026-08-15 01:00:00,municipal,520.38,24.7,43.7,1,1,5
2026-08-15 02:00:00,municipal,493.03,23.2,51.3,1,2,5
2026-08-15 03:00:00,municipal,480.09,20.9,62.4,1,3,5
2026-08-15 04:00:00,municipal,539.02,21.7,50.9,1,4,5
2026-08-15 05:00:00,municipal,605.25,24.1,51.0,1,5,5
2026-08-15 06:00:00,municipal,652.18,24.6,42.3,1,6,5
2026-08-15 07:00:00,municipal,852.64,25.1,48.3,1,7,5
2026-08-15 08:00:00,municipal,969.08,26.7,40.5,1,8,5
2026-08-15 09:00:00,municipal,913.9,30.0,34.2,1,9,5
2026-08-15 10:00:00,municipal,814.91,29.8,44.1,1,10,5
2026-08-15 11:00:00,municipal,717.82,31.9,37.6,1,11,5
2026-08-15 12:00:00,municipal,727.8,36.5,34.6,1,12,5
2026-08-15 13:00:00,municipal,640.31,32.0,40.1,1,13,5
2026-08-15 14:00:00,municipal,672.17,32.0,44.7,1,14,5
2026-08-15 15:00:00,municipal,699.95,36.2,37.1,1,15,5
2026-08-15 16:00:00,municipal,778.83,33.8,30.6,1,16,5
2026-08-15 17:00:00,municipal,867.01,33.7,34.3,1,17,5
2026-08-15 18:00:00,municipal,972.47,32.1,38.4,1,18,5
2026-08-15 19:00:00,municipal,1127.92,31.6,40.4,1,19,5
2026-08-15 20:00:00,municipal,1231.82,32.9,45.4,1,20,5
2026-08-15 21:00:00,municipal,1102.72,30.2,42.4,1,21,5
2026-08-15 22:00:00,municipal,975.96,28.7,43.6,1,22,5
2026-08-15 23:00:00,municipal,740.84,23.9,50.3,1,23,5
2026-08-16 00:00:00,municipal,549.54,23.1,57.4,1,0,6
2026-08-16 01:00:00,municipal,529.3,19.6,57.4,1,1,6
2026-08-16 02:00:00,municipal,558.37,22.1,49.4,1,2,6
2026-08-16 03:00:00,municipal,571.98,24.5,48.6,1,3,6
2026-08-16 04:00:00,municipal,541.4,24.0,55.9,1,4,6
2026-08-16 05:00:00,municipal,602.8,23.5,52.6,1,5,6
2026-08-16 06:00:00,municipal,755.39,24.8,46.1,1,6,6
2026-08-16 07:00:00,municipal,835.44,25.0,46.4,1,7,6
2026-08-16 08:00:00,municipal,938.6,27.8,51.6,1,8,6
2026-08-16 09:00:00,municipal,956.27,30.2,49.7,1,9,6
2026-08-16 10:00:00,municipal,795.78,28.2,50.5,1,10,6
2026-08-16 11:00:00,municipal,736.53,32.5,38.4,1,11,6
2026-08-16 12:00:00,municipal,716.16,34.7,35.2,1,12,6
2026-08-16 13:00:00,municipal,630.63,33.6,35.5,1,13,6
2026-08-16 14:00:00,municipal,690.62,35.9,44.6,1,14,6
2026-08-16 15:00:00,municipal,767.42,39.3,33.8,1,15,6
2026-08-16 16:00:00,municipal,782.82,34.7,44.5,1,16,6
2026-08-16 17:00:00,municipal,872.77,34.9,36.6,1,17,6
2026-08-16 18:00:00,municipal,988.82,32.2,35.5,1,18,6
2026-08-16 19:00:00,municipal,1093.22,32.3,37.9,1,19,6
2026-08-16 20:00:00,municipal,1185.17,31.3,41.7,1,20,6
2026-08-16 21:00:00,municipal,1061.86,29.4,44.5,1,21,6
2026-08-16 22:00:00,municipal,925.38,26.0,41.9,1,22,6
2026-08-16 23:00:00,municipal,754.15,26.4,48.2,1,23,6
2026-08-17 00:00:00,municipal,561.44,27.1,49.4,0,0,0
2026-08-17 01:00:00,municipal,537.12,24.6,49.1,0,1,0
2026-08-17 02:00:00,municipal,564.93,24.8,50.8,0,2,0
2026-08-17 03:00:00,municipal,533.02,22.8,55.0,0,3,0
2026-08-17 04:00:00,municipal,571.39,24.5,52.6,0,4,0
2026-08-17 05:00:00,municipal,605.77,24.4,47.6,0,5,0
2026-08-17 06:00:00,municipal,699.86,23.5,46.0,0,6,0
2026-08-17 07:00:00,municipal,823.66,26.6,45.0,0,7,0
2026-08-17 08:00:00,municipal,892.6,26.1,48.6,0,8,0
2026-08-17 09:00:00,municipal,831.9,28.2,48.0,0,9,0
2026-08-17 10:00:00,municipal,758.17,31.0,44.9,0,10,0
2026-08-17 11:00:00,municipal,723.83,32.6,33.2,0,11,0
2026-08-17 12:00:00,municipal,666.98,31.6,42.4,0,12,0
2026-08-17 13:00:00,municipal,698.07,35.9,36.8,0,13,0
2026-08-17 14:00:00,municipal,686.11,35.8,35.5,0,14,0
2026-08-17 15:00:00,municipal,714.97,34.1,36.5,0,15,0
2026-08-17 16:00:00,municipal,697.78,32.6,46.9,0,16,0
2026-08-17 17:00:00,municipal,827.63,34.1,42.7,0,17,0
2026-08-17 18:00:00,municipal,954.94,32.7,37.4,0,18,0
2026-08-17 19:00:00,municipal,1094.08,32.3,50.8,0,19,0
2026-08-17 20:00:00,municipal,1090.39,30.2,42.3,0,20,0
2026-08-17 21:00:00,municipal,983.54,26.1,52.0,0,21,0
2026-08-17 22:00:00,municipal,869.18,27.0,43.6,0,22,0
2026-08-17 23:00:00,municipal,724.88,25.7,47.2,0,23,0
2026-08-18 00:00:00,municipal,561.9,25.9,49.0,0,0,1
2026-08-18 01:00:00,municipal,557.49,23.0,45.1,0,1,1
2026-08-18 02:00:00,municipal,570.33,25.9,52.5,0,2,1
2026-08-18 03:00:00,municipal,530.12,20.4,60.7,0,3,1
2026-08-18 04:00:00,municipal,544.27,25.4,48.7,0,4,1
2026-08-18 05:00:00,municipal,625.4,23.7,47.6,0,5,1
2026-08-18 06:00:00,municipal,708.98,26.3,51.0,0,6,1
2026-08-18 07:00:00,municipal,827.82,26.3,40.8,0,7,1
2026-08-18 08:00:00,municipal,944.09,29.4,44.3,0,8,1
2026-08-18 09:00:00,municipal,857.16,28.6,41.4,0,9,1
2026-08-18 10:00:00,municipal,749.31,29.1,44.9,0,10,1
2026-08-18 11:00:00,municipal,709.01,34.4,38.8,0,11,1
2026-08-18 12:00:00,municipal,649.54,33.3,41.7,0,12,1
2026-08-18 13:00:00,municipal,669.04,34.8,43.1,0,13,1
2026-08-18 14:00:00,municipal,699.11,36.9,35.7,0,14,1
2026-08-18 15:00:00,municipal,732.17,33.7,33.1,0,15,1
2026-08-18 16:00:00,municipal,787.14,35.9,34.6,0,16,1
2026-08-18 17:00:00,municipal,875.14,33.5,40.3,0,17,1
2026-08-18 18:00:00,municipal,963.46,33.3,35.8,0,18,1
2026-08-18 19:00:00,municipal,1100.24,32.3,44.4,0,19,1
2026-08-18 20:00:00,municipal,1071.92,28.5,49.5,0,20,1
2026-08-18 21:00:00,municipal,1030.79,28.1,47.7,0,21,1
2026-08-18 22:00:00,municipal,908.46,29.7,39.3,0,22,1
2026-08-18 23:00:00,municipal,772.16,27.6,37.2,0,23,1
2026-08-19 00:00:00,municipal,538.88,25.0,49.5,0,0,2
2026-08-19 01:00:00,municipal,580.86,24.5,52.7,0,1,2
2026-08-19 02:00:00,municipal,563.43,23.1,50.2,0,2,2
2026-08-19 03:00:00,municipal,557.8,25.3,54.6,0,3,2
2026-08-19 04:00:00,municipal,552.1,23.2,52.6,0,4,2
2026-08-19 05:00:00,municipal,639.88,24.5,51.5,0,5,2
2026-08-19 06:00:00,municipal,742.55,26.8,47.1,0,6,2
2026-08-19 07:00:00,municipal,861.35,25.1,47.2,0,7,2
2026-08-19 08:00:00,municipal,950.92,30.1,41.6,0,8,2
2026-08-19 09:00:00,municipal,785.99,27.0,33.9,0,9,2
2026-08-19 10:00:00,municipal,806.38,33.3,42.1,0,10,2
2026-08-19 11:00:00,municipal,693.43,31.7,48.0,0,11,2
2026-08-19 12:00:00,municipal,705.91,33.2,36.5,0,12,2
2026-08-19 13:00:00,municipal,636.51,31.7,43.3,0,13,2
2026-08-19 14:00:00,municipal,660.71,34.4,42.7,0,14,2
2026-08-19 15:00:00,municipal,664.17,33.7,34.2,0,15,2
2026-08-19 16:00:00,municipal,728.6,34.2,34.0,0,16,2
2026-08-19 17:00:00,municipal,789.82,34.3,38.9,0,17,2
2026-08-19 18:00:00,municipal,964.52,35.0,29.2,0,18,2
2026-08-19 19:00:00,municipal,1352.41,32.6,29.2,0,19,2
2026-08-19 20:00:00,municipal,1098.29,31.3,39.2,0,20,2
2026-08-19 21:00:00,municipal,1003.86,27.7,43.4,0,21,2
2026-08-19 22:00:00,municipal,906.86,26.4,49.9,0,22,2
2026-08-19 23:00:00,municipal,803.74,29.0,49.3,0,23,2
2026-08-20 00:00:00,municipal,550.45,24.0,51.2,0,0,3
2026-08-20 01:00:00,municipal,560.96,26.7,45.7,0,1,3
2026-08-20 02:00:00,municipal,547.68,23.2,50.6,0,2,3
2026-08-20 03:00:00,municipal,494.58,23.4,40.8,0,3,3
2026-08-20 04:00:00,municipal,558.94,25.2,54.9,0,4,3
2026-08-20 05:00:00,municipal,638.55,26.1,40.7,0,5,3
2026-08-20 06:00:00,municipal,699.32,25.0,48.9,0,6,3
2026-08-20 07:00:00,municipal,822.38,25.8,47.9,0,7,3
2026-08-20 08:00:00,municipal,922.31,27.7,38.8,0,8,3
2026-08-20 09:00:00,municipal,878.16,29.9,46.2,0,9,3
2026-08-20 10:00:00,municipal,791.46,32.3,39.7,0,10,3
2026-08-20 11:00:00,municipal,717.26,32.4,49.1,0,11,3
2026-08-20 12:00:00,municipal,726.9,34.5,38.9,0,12,3
2026-08-20 13:00:00,municipal,722.34,37.0,36.0,0,13,3
2026-08-20 14:00:00,municipal,693.59,35.7,35.9,0,14,3
2026-08-20 15:00:00,municipal,712.24,35.8,32.4,0,15,3
2026-08-20 16:00:00,municipal,743.45,32.9,41.1,0,16,3
2026-08-20 17:00:00,municipal,802.3,30.6,37.7,0,17,3
2026-08-20 18:00:00,municipal,952.43,34.2,35.1,0,18,3
2026-08-20 19:00:00,municipal,1079.9,32.2,37.9,0,19,3
2026-08-20 20:00:00,municipal,1076.27,30.2,39.2,0,20,3
2026-08-20 21:00:00,municipal,1005.87,29.7,38.6,0,21,3
2026-08-20 22:00:00,municipal,927.41,27.7,44.3,0,22,3
2026-08-20 23:00:00,municipal,807.99,28.1,53.2,0,23,3
2026-08-21 00:00:00,municipal,557.24,25.3,45.7,0,0,4
2026-08-21 01:00:00,municipal,551.95,23.1,57.5,0,1,4
2026-08-21 02:00:00,municipal,541.64,25.1,53.9,0,2,4
2026-08-21 03:00:00,municipal,529.93,23.1,48.1,0,3,4
2026-08-21 04:00:00,municipal,524.05,24.4,54.9,0,4,4
2026-08-21 05:00:00,municipal,640.72,23.5,57.0,0,5,4
2026-08-21 06:00:00,municipal,704.26,24.2,50.0,0,6,4
2026-08-21 07:00:00,municipal,814.38,26.6,49.6,0,7,4
2026-08-21 08:00:00,municipal,891.97,27.9,50.4,0,8,4
2026-08-21 09:00:00,municipal,902.41,30.2,42.6,0,9,4
2026-08-21 10:00:00,municipal,818.01,30.6,39.4,0,10,4
2026-08-21 11:00:00,municipal,652.53,29.7,45.3,0,11,4
2026-08-21 12:00:00,municipal,651.41,33.0,40.3,0,12,4
2026-08-21 13:00:00,municipal,681.94,35.8,45.2,0,13,4
2026-08-21 14:00:00,municipal,721.65,34.8,29.0,0,14,4
2026-08-21 15:00:00,municipal,672.45,35.1,37.2,0,15,4
2026-08-21 16:00:00,municipal,771.51,36.7,29.0,0,16,4
2026-08-21 17:00:00,municipal,792.27,33.6,31.5,0,17,4
2026-08-21 18:00:00,municipal,993.67,31.4,43.0,0,18,4
2026-08-21 19:00:00,municipal,1104.09,32.2,36.2,0,19,4
2026-08-21 20:00:00,municipal,1083.33,30.3,53.6,0,20,4
2026-08-21 21:00:00,municipal,1050.66,28.0,48.2,0,21,4
2026-08-21 22:00:00,municipal,913.5,27.6,42.7,0,22,4
2026-08-21 23:00:00,municipal,754.59,27.2,56.1,0,23,4
2026-08-22 00:00:00,municipal,550.69,25.3,50.0,1,0,5
2026-08-22 01:00:00,municipal,527.32,24.8,48.4,1,1,5
2026-08-22 02:00:00,municipal,581.68,26.5,49.4,1,2,5
2026-08-22 03:00:00,municipal,498.45,23.0,51.5,1,3,5
2026-08-22 04:00:00,municipal,559.85,24.2,55.8,1,4,5
2026-08-22 05:00:00,municipal,607.41,23.6,62.7,1,5,5
2026-08-22 06:00:00,municipal,733.19,24.0,63.5,1,6,5
2026-08-22 07:00:00,municipal,850.17,25.7,52.6,1,7,5
2026-08-22 08:00:00,municipal,912.16,27.3,49.5,1,8,5
2026-08-22 09:00:00,municipal,907.93,30.1,49.7,1,9,5
2026-08-22 10:00:00,municipal,855.31,34.6,32.2,1,10,5
2026-08-22 11:00:00,municipal,727.56,31.5,40.7,1,11,5
2026-08-22 12:00:00,municipal,664.09,33.2,45.1,1,12,5
2026-08-22 13:00:00,municipal,669.05,34.6,36.9,1,13,5
2026-08-22 14:00:00,municipal,675.06,35.9,33.9,1,14,5
2026-08-22 15:00:00,municipal,732.58,35.9,36.8,1,15,5
2026-08-22 16:00:00,municipal,763.61,37.3,38.6,1,16,5
2026-08-22 17:00:00,municipal,809.29,31.1,47.2,1,17,5
2026-08-22 18:00:00,municipal,985.14,30.2,47.7,1,18,5
2026-08-22 19:00:00,municipal,1133.6,31.8,41.5,1,19,5
2026-08-22 20:00:00,municipal,1214.45,32.7,41.8,1,20,5
2026-08-22 21:00:00,municipal,1063.35,27.2,38.5,1,21,5
2026-08-22 22:00:00,municipal,867.94,23.5,47.2,1,22,5
2026-08-22 23:00:00,municipal,768.78,27.4,31.3,1,23,5
2026-08-23 00:00:00,municipal,532.55,25.7,49.0,1,0,6
2026-08-23 01:00:00,municipal,537.41,22.8,53.6,1,1,6
2026-08-23 02:00:00,municipal,521.98,22.3,49.6,1,2,6
2026-08-23 03:00:00,municipal,446.26,22.2,63.9,1,3,6
2026-08-23 04:00:00,municipal,587.71,24.0,52.8,1,4,6
2026-08-23 05:00:00,municipal,594.9,23.5,46.1,1,5,6
2026-08-23 06:00:00,municipal,696.87,26.1,42.5,1,6,6
2026-08-23 07:00:00,municipal,858.86,22.3,50.4,1,7,6
2026-08-23 08:00:00,municipal,865.37,26.8,47.7,1,8,6
2026-08-23 09:00:00,municipal,884.23,27.9,28.8,1,9,6
2026-08-23 10:00:00,municipal,763.78,30.8,39.3,1,10,6
2026-08-23 11:00:00,municipal,678.17,31.8,39.5,1,11,6
2026-08-23 12:00:00,municipal,700.53,35.1,31.2,1,12,6
2026-08-23 13:00:00,municipal,651.97,32.0,37.2,1,13,6
2026-08-23 14:00:00,municipal,712.44,35.5,30.3,1,14,6
2026-08-23 15:00:00,municipal,740.49,36.4,37.0,1,15,6
2026-08-23 16:00:00,municipal,814.3,38.2,25.2,1,16,6
2026-08-23 17:00:00,municipal,883.94,34.1,36.4,1,17,6
2026-08-23 18:00:00,municipal,984.07,34.3,35.6,1,18,6
2026-08-23 19:00:00,municipal,1119.39,29.9,40.5,1,19,6
2026-08-23 20:00:00,municipal,1116.39,27.6,46.2,1,20,6
2026-08-23 21:00:00,municipal,1120.43,30.9,53.5,1,21,6
2026-08-23 22:00:00,municipal,963.9,28.0,50.2,1,22,6
2026-08-23 23:00:00,municipal,816.85,28.4,51.9,1,23,6
2026-08-24 00:00:00,municipal,535.53,23.4,55.0,0,0,0
2026-08-24 01:00:00,municipal,567.53,25.3,47.5,0,1,0
2026-08-24 02:00:00,municipal,578.83,26.7,47.6,0,2,0
2026-08-24 03:00:00,municipal,523.33,24.3,52.1,0,3,0
2026-08-24 04:00:00,municipal,605.88,24.3,39.8,0,4,0
2026-08-24 05:00:00,municipal,616.56,24.5,42.8,0,5,0
2026-08-24 06:00:00,municipal,681.51,23.1,39.5,0,6,0
2026-08-24 07:00:00,municipal,859.35,28.7,47.9,0,7,0
2026-08-24 08:00:00,municipal,881.06,27.2,37.6,0,8,0
2026-08-24 09:00:00,municipal,918.8,30.4,45.6,0,9,0
2026-08-24 10:00:00,municipal,760.29,28.9,49.5,0,10,0
2026-08-24 11:00:00,municipal,734.34,30.9,39.1,0,11,0
2026-08-24 12:00:00,municipal,701.07,36.1,32.3,0,12,0
2026-08-24 13:00:00,municipal,717.89,34.4,33.8,0,13,0
2026-08-24 14:00:00,municipal,650.93,37.7,30.2,0,14,0
2026-08-24 15:00:00,municipal,715.61,35.6,29.6,0,15,0
2026-08-24 16:00:00,municipal,741.82,32.7,31.6,0,16,0
2026-08-24 17:00:00,municipal,838.53,36.2,40.8,0,17,0
2026-08-24 18:00:00,municipal,922.36,33.0,46.9,0,18,0
2026-08-24 19:00:00,municipal,1077.68,33.7,35.7,0,19,0
2026-08-24 20:00:00,municipal,1102.9,31.3,45.9,0,20,0
2026-08-24 21:00:00,municipal,1008.79,27.4,45.3,0,21,0
2026-08-24 22:00:00,municipal,875.48,28.4,41.1,0,22,0
2026-08-24 23:00:00,municipal,804.65,30.0,44.2,0,23,0
2026-08-25 00:00:00,municipal,577.36,26.3,44.1,0,0,1
2026-08-25 01:00:00,municipal,526.52,24.5,50.1,0,1,1
2026-08-25 02:00:00,municipal,537.18,25.6,47.8,0,2,1
2026-08-25 03:00:00,municipal,569.32,24.1,46.6,0,3,1
2026-08-25 04:00:00,municipal,597.05,24.3,49.7,0,4,1
2026-08-25 05:00:00,municipal,603.37,22.9,53.7,0,5,1
2026-08-25 06:00:00,municipal,674.97,25.9,43.5,0,6,1
2026-08-25 07:00:00,municipal,880.64,28.3,40.6,0,7,1
2026-08-25 08:00:00,municipal,854.99,27.0,50.6,0,8,1
2026-08-25 09:00:00,municipal,876.55,31.9,40.2,0,9,1
2026-08-25 10:00:00,municipal,774.29,31.2,39.2,0,10,1
2026-08-25 11:00:00,municipal,702.05,31.4,43.2,0,11,1
2026-08-25 12:00:00,municipal,703.87,35.5,38.3,0,12,1
2026-08-25 13:00:00,municipal,680.1,34.5,39.8,0,13,1
2026-08-25 14:00:00,municipal,732.13,36.7,38.2,0,14,1
2026-08-25 15:00:00,municipal,716.88,35.3,44.3,0,15,1
2026-08-25 16:00:00,municipal,774.0,35.5,39.5,0,16,1
2026-08-25 17:00:00,municipal,910.68,35.7,36.0,0,17,1
2026-08-25 18:00:00,municipal,957.16,34.4,33.6,0,18,1
2026-08-25 19:00:00,municipal,1051.21,29.8,33.3,0,19,1
2026-08-25 20:00:00,municipal,1075.02,29.6,41.7,0,20,1
2026-08-25 21:00:00,municipal,1037.77,31.2,44.3,0,21,1
2026-08-25 22:00:00,municipal,906.91,28.0,47.7,0,22,1
2026-08-25 23:00:00,municipal,779.75,26.0,45.3,0,23,1
2026-08-26 00:00:00,municipal,495.25,23.6,57.3,0,0,2
2026-08-26 01:00:00,municipal,515.09,23.0,58.7,0,1,2
2026-08-26 02:00:00,municipal,492.52,21.0,62.7,0,2,2
2026-08-26 03:00:00,municipal,545.94,23.7,50.8,0,3,2
2026-08-26 04:00:00,municipal,528.46,23.2,53.8,0,4,2
2026-08-26 05:00:00,municipal,573.43,23.2,47.4,0,5,2
2026-08-26 06:00:00,municipal,701.61,25.5,44.8,0,6,2
2026-08-26 07:00:00,municipal,802.04,27.4,51.1,0,7,2
2026-08-26 08:00:00,municipal,956.71,31.4,34.6,0,8,2
2026-08-26 09:00:00,municipal,814.47,27.6,45.0,0,9,2
2026-08-26 10:00:00,municipal,803.56,33.1,44.2,0,10,2
2026-08-26 11:00:00,municipal,738.83,34.3,40.1,0,11,2
2026-08-26 12:00:00,municipal,688.03,32.9,33.6,0,12,2
2026-08-26 13:00:00,municipal,678.53,35.3,35.8,0,13,2
2026-08-26 14:00:00,municipal,688.29,35.0,36.1,0,14,2
2026-08-26 15:00:00,municipal,703.13,36.1,37.2,0,15,2
2026-08-26 16:00:00,municipal,748.24,37.9,37.4,0,16,2
2026-08-26 17:00:00,municipal,840.11,35.9,41.9,0,17,2
2026-08-26 18:00:00,municipal,981.5,34.8,32.4,0,18,2
2026-08-26 19:00:00,municipal,1095.09,32.2,41.0,0,19,2
2026-08-26 20:00:00,municipal,1100.19,29.2,47.8,0,20,2
2026-08-26 21:00:00,municipal,1042.02,29.5,40.2,0,21,2
2026-08-26 22:00:00,municipal,939.56,30.1,37.9,0,22,2
2026-08-26 23:00:00,municipal,745.06,24.6,45.8,0,23,2
2026-08-27 00:00:00,municipal,581.46,24.1,52.6,0,0,3
2026-08-27 01:00:00,municipal,567.57,24.9,52.1,0,1,3
2026-08-27 02:00:00,municipal,524.66,22.6,53.4,0,2,3
2026-08-27 03:00:00,municipal,527.06,22.7,49.2,0,3,3
2026-08-27 04:00:00,municipal,556.51,23.5,51.7,0,4,3
2026-08-27 05:00:00,municipal,632.58,22.7,45.5,0,5,3
2026-08-27 06:00:00,municipal,726.64,24.2,44.6,0,6,3
2026-08-27 07:00:00,municipal,891.5,28.0,49.3,0,7,3
2026-08-27 08:00:00,municipal,895.05,26.4,43.1,0,8,3
2026-08-27 09:00:00,municipal,859.83,27.5,47.5,0,9,3
2026-08-27 10:00:00,municipal,764.77,30.5,44.0,0,10,3
2026-08-27 11:00:00,municipal,715.54,34.0,39.8,0,11,3
2026-08-27 12:00:00,municipal,643.76,33.9,37.5,0,12,3
2026-08-27 13:00:00,municipal,690.3,34.4,44.7,0,13,3
2026-08-27 14:00:00,municipal,686.22,35.8,38.5,0,14,3
2026-08-27 15:00:00,municipal,660.25,33.3,29.2,0,15,3
2026-08-27 16:00:00,municipal,757.97,36.5,40.8,0,16,3
2026-08-27 17:00:00,municipal,838.0,35.7,36.7,0,17,3
2026-08-27 18:00:00,municipal,976.84,33.6,41.7,0,18,3
2026-08-27 19:00:00,municipal,1105.14,34.4,36.4,0,19,3
2026-08-27 20:00:00,municipal,1097.36,29.8,48.2,0,20,3
2026-08-27 21:00:00,municipal,1056.15,31.6,33.5,0,21,3
2026-08-27 22:00:00,municipal,923.59,28.6,48.1,0,22,3
2026-08-27 23:00:00,municipal,767.73,26.4,50.0,0,23,3
